Navn;Stasjon;Tid(norsk normaltid);Middeltemperatur (døgn)
Tafjord;SN60500;01.01.1972;-6
Tafjord;SN60500;02.01.1972;-6,2
Tafjord;SN60500;03.01.1972;-6
Tafjord;SN60500;04.01.1972;-5,4
Tafjord;SN60500;05.01.1972;3,4
Tafjord;SN60500;06.01.1972;-0,1
Tafjord;SN60500;07.01.1972;-4,3
Tafjord;SN60500;08.01.1972;-6,5
Tafjord;SN60500;09.01.1972;-5,2
Tafjord;SN60500;10.01.1972;-7,1
Tafjord;SN60500;11.01.1972;2,9
Tafjord;SN60500;12.01.1972;6,6
Tafjord;SN60500;13.01.1972;2,3
Tafjord;SN60500;14.01.1972;3,9
Tafjord;SN60500;15.01.1972;1,5
Tafjord;SN60500;16.01.1972;0,4
Tafjord;SN60500;17.01.1972;-3,2
Tafjord;SN60500;18.01.1972;-5,4
Tafjord;SN60500;19.01.1972;-1,9
Tafjord;SN60500;20.01.1972;3,1
Tafjord;SN60500;21.01.1972;3,9
Tafjord;SN60500;22.01.1972;5,8
Tafjord;SN60500;23.01.1972;10,6
Tafjord;SN60500;24.01.1972;10
Tafjord;SN60500;25.01.1972;4,7
Tafjord;SN60500;26.01.1972;4,4
Tafjord;SN60500;27.01.1972;2,8
Tafjord;SN60500;28.01.1972;1,1
Tafjord;SN60500;29.01.1972;0,6
Tafjord;SN60500;30.01.1972;-1,7
Tafjord;SN60500;31.01.1972;-2,9
Tafjord;SN60500;01.02.1972;-0,3
Tafjord;SN60500;02.02.1972;-1,3
Tafjord;SN60500;03.02.1972;0,7
Tafjord;SN60500;04.02.1972;5,2
Tafjord;SN60500;05.02.1972;4,5
Tafjord;SN60500;06.02.1972;0,3
Tafjord;SN60500;07.02.1972;1,1
Tafjord;SN60500;08.02.1972;-1
Tafjord;SN60500;09.02.1972;1,9
Tafjord;SN60500;10.02.1972;5
Tafjord;SN60500;11.02.1972;3,9
Tafjord;SN60500;12.02.1972;2,8
Tafjord;SN60500;13.02.1972;5,8
Tafjord;SN60500;14.02.1972;3,4
Tafjord;SN60500;15.02.1972;3,5
Tafjord;SN60500;16.02.1972;3,5
Tafjord;SN60500;17.02.1972;1
Tafjord;SN60500;18.02.1972;1,7
Tafjord;SN60500;19.02.1972;1,5
Tafjord;SN60500;20.02.1972;1,3
Tafjord;SN60500;21.02.1972;-3,1
Tafjord;SN60500;22.02.1972;1,5
Tafjord;SN60500;23.02.1972;-2
Tafjord;SN60500;24.02.1972;-1,2
Tafjord;SN60500;25.02.1972;-1
Tafjord;SN60500;26.02.1972;1,1
Tafjord;SN60500;27.02.1972;0,4
Tafjord;SN60500;28.02.1972;-0,7
Tafjord;SN60500;29.02.1972;1,2
Tafjord;SN60500;01.03.1972;1,2
Tafjord;SN60500;02.03.1972;1,4
Tafjord;SN60500;03.03.1972;0,7
Tafjord;SN60500;04.03.1972;4,8
Tafjord;SN60500;05.03.1972;6
Tafjord;SN60500;06.03.1972;5,4
Tafjord;SN60500;07.03.1972;5
Tafjord;SN60500;08.03.1972;4,4
Tafjord;SN60500;09.03.1972;4,7
Tafjord;SN60500;10.03.1972;3,9
Tafjord;SN60500;11.03.1972;5,1
Tafjord;SN60500;12.03.1972;7,3
Tafjord;SN60500;13.03.1972;9,9
Tafjord;SN60500;14.03.1972;2
Tafjord;SN60500;15.03.1972;5,8
Tafjord;SN60500;16.03.1972;8,5
Tafjord;SN60500;17.03.1972;8,1
Tafjord;SN60500;18.03.1972;12,9
Tafjord;SN60500;19.03.1972;10,2
Tafjord;SN60500;20.03.1972;6,5
Tafjord;SN60500;21.03.1972;8,3
Tafjord;SN60500;22.03.1972;3,3
Tafjord;SN60500;23.03.1972;-1,3
Tafjord;SN60500;24.03.1972;0,4
Tafjord;SN60500;25.03.1972;0,5
Tafjord;SN60500;26.03.1972;7,1
Tafjord;SN60500;27.03.1972;1,5
Tafjord;SN60500;28.03.1972;1,9
Tafjord;SN60500;29.03.1972;3,1
Tafjord;SN60500;30.03.1972;2,5
Tafjord;SN60500;31.03.1972;3,8
Tafjord;SN60500;01.04.1972;2,7
Tafjord;SN60500;02.04.1972;7,8
Tafjord;SN60500;03.04.1972;3,7
Tafjord;SN60500;04.04.1972;6,3
Tafjord;SN60500;05.04.1972;9,2
Tafjord;SN60500;06.04.1972;8,7
Tafjord;SN60500;07.04.1972;8,2
Tafjord;SN60500;08.04.1972;6,7
Tafjord;SN60500;09.04.1972;6,2
Tafjord;SN60500;10.04.1972;7,3
Tafjord;SN60500;11.04.1972;9,4
Tafjord;SN60500;12.04.1972;10,7
Tafjord;SN60500;13.04.1972;8,1
Tafjord;SN60500;14.04.1972;9,2
Tafjord;SN60500;15.04.1972;7,6
Tafjord;SN60500;16.04.1972;7,6
Tafjord;SN60500;17.04.1972;6,9
Tafjord;SN60500;18.04.1972;6,6
Tafjord;SN60500;19.04.1972;6,5
Tafjord;SN60500;20.04.1972;5,3
Tafjord;SN60500;21.04.1972;5,4
Tafjord;SN60500;22.04.1972;5,4
Tafjord;SN60500;23.04.1972;4,1
Tafjord;SN60500;24.04.1972;3,5
Tafjord;SN60500;25.04.1972;3,8
Tafjord;SN60500;26.04.1972;3,3
Tafjord;SN60500;27.04.1972;2,2
Tafjord;SN60500;28.04.1972;3,2
Tafjord;SN60500;29.04.1972;7,1
Tafjord;SN60500;30.04.1972;9,8
Tafjord;SN60500;01.05.1972;10,8
Tafjord;SN60500;02.05.1972;10,6
Tafjord;SN60500;03.05.1972;12,5
Tafjord;SN60500;04.05.1972;8
Tafjord;SN60500;05.05.1972;12,4
Tafjord;SN60500;06.05.1972;13,4
Tafjord;SN60500;07.05.1972;11,9
Tafjord;SN60500;08.05.1972;13,7
Tafjord;SN60500;09.05.1972;12,3
Tafjord;SN60500;10.05.1972;15
Tafjord;SN60500;11.05.1972;10,2
Tafjord;SN60500;12.05.1972;8,7
Tafjord;SN60500;13.05.1972;7,8
Tafjord;SN60500;14.05.1972;7,3
Tafjord;SN60500;15.05.1972;8,4
Tafjord;SN60500;16.05.1972;9,6
Tafjord;SN60500;17.05.1972;12,5
Tafjord;SN60500;18.05.1972;12,5
Tafjord;SN60500;19.05.1972;11,5
Tafjord;SN60500;20.05.1972;11,1
Tafjord;SN60500;21.05.1972;11,2
Tafjord;SN60500;22.05.1972;10,7
Tafjord;SN60500;23.05.1972;11,5
Tafjord;SN60500;24.05.1972;15,1
Tafjord;SN60500;25.05.1972;14,3
Tafjord;SN60500;26.05.1972;10,4
Tafjord;SN60500;27.05.1972;12,3
Tafjord;SN60500;28.05.1972;10,1
Tafjord;SN60500;29.05.1972;10,2
Tafjord;SN60500;30.05.1972;10,5
Tafjord;SN60500;31.05.1972;11,1
Tafjord;SN60500;01.06.1972;10,8
Tafjord;SN60500;02.06.1972;11,4
Tafjord;SN60500;03.06.1972;13,7
Tafjord;SN60500;04.06.1972;12
Tafjord;SN60500;05.06.1972;13,4
Tafjord;SN60500;06.06.1972;18,6
Tafjord;SN60500;07.06.1972;11,1
Tafjord;SN60500;08.06.1972;11,8
Tafjord;SN60500;09.06.1972;14,2
Tafjord;SN60500;10.06.1972;14,9
Tafjord;SN60500;11.06.1972;14,4
Tafjord;SN60500;12.06.1972;15,8
Tafjord;SN60500;13.06.1972;11,5
Tafjord;SN60500;14.06.1972;10,9
Tafjord;SN60500;15.06.1972;12,8
Tafjord;SN60500;16.06.1972;12,3
Tafjord;SN60500;17.06.1972;16,3
Tafjord;SN60500;18.06.1972;18,9
Tafjord;SN60500;19.06.1972;10,3
Tafjord;SN60500;20.06.1972;11,3
Tafjord;SN60500;21.06.1972;13,3
Tafjord;SN60500;22.06.1972;11,8
Tafjord;SN60500;23.06.1972;11,4
Tafjord;SN60500;24.06.1972;13,8
Tafjord;SN60500;25.06.1972;18,2
Tafjord;SN60500;26.06.1972;16,6
Tafjord;SN60500;27.06.1972;15,2
Tafjord;SN60500;28.06.1972;18,2
Tafjord;SN60500;29.06.1972;13,5
Tafjord;SN60500;30.06.1972;15,5
Tafjord;SN60500;01.07.1972;20,9
Tafjord;SN60500;02.07.1972;23
Tafjord;SN60500;03.07.1972;15,8
Tafjord;SN60500;04.07.1972;14,7
Tafjord;SN60500;05.07.1972;17,5
Tafjord;SN60500;06.07.1972;17,2
Tafjord;SN60500;07.07.1972;15,6
Tafjord;SN60500;08.07.1972;11,2
Tafjord;SN60500;09.07.1972;12,2
Tafjord;SN60500;10.07.1972;12,5
Tafjord;SN60500;11.07.1972;13,9
Tafjord;SN60500;12.07.1972;15,1
Tafjord;SN60500;13.07.1972;14
Tafjord;SN60500;14.07.1972;14,1
Tafjord;SN60500;15.07.1972;15,3
Tafjord;SN60500;16.07.1972;17
Tafjord;SN60500;17.07.1972;17,4
Tafjord;SN60500;18.07.1972;16,1
Tafjord;SN60500;19.07.1972;17,4
Tafjord;SN60500;20.07.1972;17,5
Tafjord;SN60500;21.07.1972;15,2
Tafjord;SN60500;22.07.1972;15,4
Tafjord;SN60500;23.07.1972;16,5
Tafjord;SN60500;24.07.1972;15,3
Tafjord;SN60500;25.07.1972;14,1
Tafjord;SN60500;26.07.1972;14,9
Tafjord;SN60500;27.07.1972;13,2
Tafjord;SN60500;28.07.1972;18,1
Tafjord;SN60500;29.07.1972;16
Tafjord;SN60500;30.07.1972;16
Tafjord;SN60500;31.07.1972;17,4
Tafjord;SN60500;01.08.1972;18,7
Tafjord;SN60500;02.08.1972;16,1
Tafjord;SN60500;03.08.1972;13,4
Tafjord;SN60500;04.08.1972;12,1
Tafjord;SN60500;05.08.1972;11,2
Tafjord;SN60500;06.08.1972;12,2
Tafjord;SN60500;07.08.1972;16,8
Tafjord;SN60500;08.08.1972;18,2
Tafjord;SN60500;09.08.1972;20,7
Tafjord;SN60500;10.08.1972;16
Tafjord;SN60500;11.08.1972;14,6
Tafjord;SN60500;12.08.1972;13
Tafjord;SN60500;13.08.1972;13,7
Tafjord;SN60500;14.08.1972;13,8
Tafjord;SN60500;15.08.1972;14,2
Tafjord;SN60500;16.08.1972;14,1
Tafjord;SN60500;17.08.1972;14
Tafjord;SN60500;18.08.1972;11,5
Tafjord;SN60500;19.08.1972;9,8
Tafjord;SN60500;20.08.1972;14,6
Tafjord;SN60500;21.08.1972;12,9
Tafjord;SN60500;22.08.1972;11,1
Tafjord;SN60500;23.08.1972;12,9
Tafjord;SN60500;24.08.1972;11
Tafjord;SN60500;25.08.1972;11,6
Tafjord;SN60500;26.08.1972;11,3
Tafjord;SN60500;27.08.1972;10,3
Tafjord;SN60500;28.08.1972;11,8
Tafjord;SN60500;29.08.1972;11,3
Tafjord;SN60500;30.08.1972;11,7
Tafjord;SN60500;31.08.1972;13,3
Tafjord;SN60500;01.09.1972;14,1
Tafjord;SN60500;02.09.1972;14,2
Tafjord;SN60500;03.09.1972;11,6
Tafjord;SN60500;04.09.1972;9
Tafjord;SN60500;05.09.1972;12,7
Tafjord;SN60500;06.09.1972;13,7
Tafjord;SN60500;07.09.1972;17
Tafjord;SN60500;08.09.1972;10,1
Tafjord;SN60500;09.09.1972;9,9
Tafjord;SN60500;10.09.1972;9,1
Tafjord;SN60500;11.09.1972;10,1
Tafjord;SN60500;12.09.1972;8,3
Tafjord;SN60500;13.09.1972;7,2
Tafjord;SN60500;14.09.1972;7,4
Tafjord;SN60500;15.09.1972;6
Tafjord;SN60500;16.09.1972;6,5
Tafjord;SN60500;17.09.1972;7,9
Tafjord;SN60500;18.09.1972;5,6
Tafjord;SN60500;19.09.1972;9,2
Tafjord;SN60500;20.09.1972;8,6
Tafjord;SN60500;21.09.1972;9,3
Tafjord;SN60500;22.09.1972;8,1
Tafjord;SN60500;23.09.1972;8,4
Tafjord;SN60500;24.09.1972;7,1
Tafjord;SN60500;25.09.1972;7,2
Tafjord;SN60500;26.09.1972;7,8
Tafjord;SN60500;27.09.1972;3,8
Tafjord;SN60500;28.09.1972;3,8
Tafjord;SN60500;29.09.1972;3,5
Tafjord;SN60500;30.09.1972;5,6
Tafjord;SN60500;01.10.1972;6,8
Tafjord;SN60500;02.10.1972;5,4
Tafjord;SN60500;03.10.1972;8
Tafjord;SN60500;04.10.1972;10,1
Tafjord;SN60500;05.10.1972;10,3
Tafjord;SN60500;06.10.1972;11,1
Tafjord;SN60500;07.10.1972;9
Tafjord;SN60500;08.10.1972;13,2
Tafjord;SN60500;09.10.1972;18,2
Tafjord;SN60500;10.10.1972;12,8
Tafjord;SN60500;11.10.1972;5,6
Tafjord;SN60500;12.10.1972;5
Tafjord;SN60500;13.10.1972;4,5
Tafjord;SN60500;14.10.1972;7,7
Tafjord;SN60500;15.10.1972;7,8
Tafjord;SN60500;16.10.1972;9,4
Tafjord;SN60500;17.10.1972;4,7
Tafjord;SN60500;18.10.1972;2,7
Tafjord;SN60500;19.10.1972;2,6
Tafjord;SN60500;20.10.1972;1,3
Tafjord;SN60500;21.10.1972;1,8
Tafjord;SN60500;22.10.1972;2,1
Tafjord;SN60500;23.10.1972;5,6
Tafjord;SN60500;24.10.1972;3,8
Tafjord;SN60500;25.10.1972;3,6
Tafjord;SN60500;26.10.1972;6,4
Tafjord;SN60500;27.10.1972;7,1
Tafjord;SN60500;28.10.1972;11,8
Tafjord;SN60500;29.10.1972;12,3
Tafjord;SN60500;30.10.1972;14,4
Tafjord;SN60500;31.10.1972;10,1
Tafjord;SN60500;01.11.1972;9,3
Tafjord;SN60500;02.11.1972;6,1
Tafjord;SN60500;03.11.1972;6,5
Tafjord;SN60500;04.11.1972;5,3
Tafjord;SN60500;05.11.1972;3,1
Tafjord;SN60500;06.11.1972;5,7
Tafjord;SN60500;07.11.1972;5,4
Tafjord;SN60500;08.11.1972;3,9
Tafjord;SN60500;09.11.1972;4,3
Tafjord;SN60500;10.11.1972;5,5
Tafjord;SN60500;11.11.1972;6
Tafjord;SN60500;12.11.1972;3
Tafjord;SN60500;13.11.1972;1,3
Tafjord;SN60500;14.11.1972;3,6
Tafjord;SN60500;15.11.1972;3,8
Tafjord;SN60500;16.11.1972;3
Tafjord;SN60500;17.11.1972;-0,2
Tafjord;SN60500;18.11.1972;-0,7
Tafjord;SN60500;19.11.1972;2,6
Tafjord;SN60500;20.11.1972;2,8
Tafjord;SN60500;21.11.1972;3,5
Tafjord;SN60500;22.11.1972;-0,2
Tafjord;SN60500;23.11.1972;-3,4
Tafjord;SN60500;24.11.1972;-1,6
Tafjord;SN60500;25.11.1972;0,1
Tafjord;SN60500;26.11.1972;1,4
Tafjord;SN60500;27.11.1972;3,2
Tafjord;SN60500;28.11.1972;3,5
Tafjord;SN60500;29.11.1972;2,4
Tafjord;SN60500;30.11.1972;6,4
Tafjord;SN60500;01.12.1972;8,6
Tafjord;SN60500;02.12.1972;8,9
Tafjord;SN60500;03.12.1972;3,9
Tafjord;SN60500;04.12.1972;6,6
Tafjord;SN60500;05.12.1972;9
Tafjord;SN60500;06.12.1972;6,1
Tafjord;SN60500;07.12.1972;3,7
Tafjord;SN60500;08.12.1972;1,5
Tafjord;SN60500;09.12.1972;5,4
Tafjord;SN60500;10.12.1972;4
Tafjord;SN60500;11.12.1972;4,5
Tafjord;SN60500;12.12.1972;6
Tafjord;SN60500;13.12.1972;9,5
Tafjord;SN60500;14.12.1972;6,5
Tafjord;SN60500;15.12.1972;8,6
Tafjord;SN60500;16.12.1972;4,4
Tafjord;SN60500;17.12.1972;4,3
Tafjord;SN60500;18.12.1972;0
Tafjord;SN60500;19.12.1972;7,5
Tafjord;SN60500;20.12.1972;8,2
Tafjord;SN60500;21.12.1972;8,6
Tafjord;SN60500;22.12.1972;6,9
Tafjord;SN60500;23.12.1972;10,8
Tafjord;SN60500;24.12.1972;3,2
Tafjord;SN60500;25.12.1972;3
Tafjord;SN60500;26.12.1972;5,5
Tafjord;SN60500;27.12.1972;8,9
Tafjord;SN60500;28.12.1972;7,7
Tafjord;SN60500;29.12.1972;8,6
Tafjord;SN60500;30.12.1972;14,7
Tafjord;SN60500;31.12.1972;13,6
Tafjord;SN60500;01.01.1973;8,3
Tafjord;SN60500;02.01.1973;5,9
Tafjord;SN60500;03.01.1973;3,2
Tafjord;SN60500;04.01.1973;4,9
Tafjord;SN60500;05.01.1973;6,5
Tafjord;SN60500;06.01.1973;6
Tafjord;SN60500;07.01.1973;5
Tafjord;SN60500;08.01.1973;5,1
Tafjord;SN60500;09.01.1973;5,1
Tafjord;SN60500;10.01.1973;5,6
Tafjord;SN60500;11.01.1973;-1
Tafjord;SN60500;12.01.1973;-2,1
Tafjord;SN60500;13.01.1973;1,7
Tafjord;SN60500;14.01.1973;6,3
Tafjord;SN60500;15.01.1973;6,4
Tafjord;SN60500;16.01.1973;7,1
Tafjord;SN60500;17.01.1973;5,9
Tafjord;SN60500;18.01.1973;3
Tafjord;SN60500;19.01.1973;2,3
Tafjord;SN60500;20.01.1973;0,4
Tafjord;SN60500;21.01.1973;1,9
Tafjord;SN60500;22.01.1973;4,7
Tafjord;SN60500;23.01.1973;3
Tafjord;SN60500;24.01.1973;10,5
Tafjord;SN60500;25.01.1973;7,7
Tafjord;SN60500;26.01.1973;5,4
Tafjord;SN60500;27.01.1973;1
Tafjord;SN60500;28.01.1973;1,6
Tafjord;SN60500;29.01.1973;2,7
Tafjord;SN60500;30.01.1973;5,1
Tafjord;SN60500;31.01.1973;7
Tafjord;SN60500;01.02.1973;3,7
Tafjord;SN60500;02.02.1973;4,3
Tafjord;SN60500;03.02.1973;1,4
Tafjord;SN60500;04.02.1973;5,1
Tafjord;SN60500;05.02.1973;1,2
Tafjord;SN60500;06.02.1973;1,8
Tafjord;SN60500;07.02.1973;2
Tafjord;SN60500;08.02.1973;-0,5
Tafjord;SN60500;09.02.1973;-2,1
Tafjord;SN60500;10.02.1973;-2
Tafjord;SN60500;11.02.1973;0,1
Tafjord;SN60500;12.02.1973;3,6
Tafjord;SN60500;13.02.1973;-0,8
Tafjord;SN60500;14.02.1973;1,7
Tafjord;SN60500;15.02.1973;-0,1
Tafjord;SN60500;16.02.1973;-3,2
Tafjord;SN60500;17.02.1973;0,6
Tafjord;SN60500;18.02.1973;2,8
Tafjord;SN60500;19.02.1973;4,2
Tafjord;SN60500;20.02.1973;4,1
Tafjord;SN60500;21.02.1973;2,1
Tafjord;SN60500;22.02.1973;0,4
Tafjord;SN60500;23.02.1973;-0,9
Tafjord;SN60500;24.02.1973;-2
Tafjord;SN60500;25.02.1973;-0,9
Tafjord;SN60500;26.02.1973;-1
Tafjord;SN60500;27.02.1973;-0,1
Tafjord;SN60500;28.02.1973;3,7
Tafjord;SN60500;01.03.1973;3,4
Tafjord;SN60500;02.03.1973;3,7
Tafjord;SN60500;03.03.1973;6,5
Tafjord;SN60500;04.03.1973;4,2
Tafjord;SN60500;05.03.1973;1,6
Tafjord;SN60500;06.03.1973;5,3
Tafjord;SN60500;07.03.1973;0,6
Tafjord;SN60500;08.03.1973;1,5
Tafjord;SN60500;09.03.1973;4,4
Tafjord;SN60500;10.03.1973;4,7
Tafjord;SN60500;11.03.1973;-0,3
Tafjord;SN60500;12.03.1973;1,5
Tafjord;SN60500;13.03.1973;2,4
Tafjord;SN60500;14.03.1973;4
Tafjord;SN60500;15.03.1973;2,8
Tafjord;SN60500;16.03.1973;5
Tafjord;SN60500;17.03.1973;4,4
Tafjord;SN60500;18.03.1973;2,7
Tafjord;SN60500;19.03.1973;0,7
Tafjord;SN60500;20.03.1973;1,7
Tafjord;SN60500;21.03.1973;3
Tafjord;SN60500;22.03.1973;7
Tafjord;SN60500;23.03.1973;7,8
Tafjord;SN60500;24.03.1973;12,1
Tafjord;SN60500;25.03.1973;11,7
Tafjord;SN60500;26.03.1973;6,3
Tafjord;SN60500;27.03.1973;7,3
Tafjord;SN60500;28.03.1973;9,7
Tafjord;SN60500;29.03.1973;9,7
Tafjord;SN60500;30.03.1973;10,8
Tafjord;SN60500;31.03.1973;6,1
Tafjord;SN60500;01.04.1973;3,7
Tafjord;SN60500;02.04.1973;0,9
Tafjord;SN60500;03.04.1973;-0,6
Tafjord;SN60500;04.04.1973;1,6
Tafjord;SN60500;05.04.1973;4,2
Tafjord;SN60500;06.04.1973;3,1
Tafjord;SN60500;07.04.1973;1,2
Tafjord;SN60500;08.04.1973;1,6
Tafjord;SN60500;09.04.1973;1,1
Tafjord;SN60500;10.04.1973;-0,4
Tafjord;SN60500;11.04.1973;-1,5
Tafjord;SN60500;12.04.1973;0,6
Tafjord;SN60500;13.04.1973;1,6
Tafjord;SN60500;14.04.1973;3,2
Tafjord;SN60500;15.04.1973;4,1
Tafjord;SN60500;16.04.1973;4,8
Tafjord;SN60500;17.04.1973;2,1
Tafjord;SN60500;18.04.1973;2,8
Tafjord;SN60500;19.04.1973;2,8
Tafjord;SN60500;20.04.1973;4,9
Tafjord;SN60500;21.04.1973;6,1
Tafjord;SN60500;22.04.1973;4,7
Tafjord;SN60500;23.04.1973;5,3
Tafjord;SN60500;24.04.1973;6,6
Tafjord;SN60500;25.04.1973;3
Tafjord;SN60500;26.04.1973;-0,8
Tafjord;SN60500;27.04.1973;-0,2
Tafjord;SN60500;28.04.1973;2,4
Tafjord;SN60500;29.04.1973;4
Tafjord;SN60500;30.04.1973;6
Tafjord;SN60500;01.05.1973;8,1
Tafjord;SN60500;02.05.1973;5,9
Tafjord;SN60500;03.05.1973;3,9
Tafjord;SN60500;04.05.1973;5,7
Tafjord;SN60500;05.05.1973;9,9
Tafjord;SN60500;06.05.1973;9,8
Tafjord;SN60500;07.05.1973;9,3
Tafjord;SN60500;08.05.1973;9,6
Tafjord;SN60500;09.05.1973;9,5
Tafjord;SN60500;10.05.1973;10
Tafjord;SN60500;11.05.1973;7,9
Tafjord;SN60500;12.05.1973;8
Tafjord;SN60500;13.05.1973;8,4
Tafjord;SN60500;14.05.1973;3,5
Tafjord;SN60500;15.05.1973;4,3
Tafjord;SN60500;16.05.1973;6,8
Tafjord;SN60500;17.05.1973;7,7
Tafjord;SN60500;18.05.1973;10,7
Tafjord;SN60500;19.05.1973;8,5
Tafjord;SN60500;20.05.1973;7
Tafjord;SN60500;21.05.1973;9,2
Tafjord;SN60500;22.05.1973;11,8
Tafjord;SN60500;23.05.1973;11,2
Tafjord;SN60500;24.05.1973;10,2
Tafjord;SN60500;25.05.1973;8,9
Tafjord;SN60500;26.05.1973;10,1
Tafjord;SN60500;27.05.1973;10,9
Tafjord;SN60500;28.05.1973;12,3
Tafjord;SN60500;29.05.1973;14,2
Tafjord;SN60500;30.05.1973;18,2
Tafjord;SN60500;31.05.1973;17,7
Tafjord;SN60500;01.06.1973;9,5
Tafjord;SN60500;02.06.1973;11,4
Tafjord;SN60500;03.06.1973;11,5
Tafjord;SN60500;04.06.1973;11,6
Tafjord;SN60500;05.06.1973;11,1
Tafjord;SN60500;06.06.1973;12,7
Tafjord;SN60500;07.06.1973;10,5
Tafjord;SN60500;08.06.1973;11,7
Tafjord;SN60500;09.06.1973;9,9
Tafjord;SN60500;10.06.1973;7,5
Tafjord;SN60500;11.06.1973;8,4
Tafjord;SN60500;12.06.1973;9
Tafjord;SN60500;13.06.1973;10,6
Tafjord;SN60500;14.06.1973;7,2
Tafjord;SN60500;15.06.1973;8,4
Tafjord;SN60500;16.06.1973;9,8
Tafjord;SN60500;17.06.1973;14
Tafjord;SN60500;18.06.1973;12,9
Tafjord;SN60500;19.06.1973;18,3
Tafjord;SN60500;20.06.1973;15,5
Tafjord;SN60500;21.06.1973;14,3
Tafjord;SN60500;22.06.1973;15,8
Tafjord;SN60500;23.06.1973;14,8
Tafjord;SN60500;24.06.1973;14
Tafjord;SN60500;25.06.1973;14,3
Tafjord;SN60500;26.06.1973;15,4
Tafjord;SN60500;27.06.1973;13
Tafjord;SN60500;28.06.1973;13,2
Tafjord;SN60500;29.06.1973;14,1
Tafjord;SN60500;30.06.1973;14,3
Tafjord;SN60500;01.07.1973;21,6
Tafjord;SN60500;02.07.1973;20,7
Tafjord;SN60500;03.07.1973;14,9
Tafjord;SN60500;04.07.1973;15,3
Tafjord;SN60500;05.07.1973;14,4
Tafjord;SN60500;06.07.1973;18,2
Tafjord;SN60500;07.07.1973;24,5
Tafjord;SN60500;08.07.1973;13,6
Tafjord;SN60500;09.07.1973;11,9
Tafjord;SN60500;10.07.1973;12,4
Tafjord;SN60500;11.07.1973;12,1
Tafjord;SN60500;12.07.1973;12,8
Tafjord;SN60500;13.07.1973;13,9
Tafjord;SN60500;14.07.1973;14,7
Tafjord;SN60500;15.07.1973;15,1
Tafjord;SN60500;16.07.1973;14,9
Tafjord;SN60500;17.07.1973;13,5
Tafjord;SN60500;18.07.1973;12,8
Tafjord;SN60500;19.07.1973;13,3
Tafjord;SN60500;20.07.1973;14,7
Tafjord;SN60500;21.07.1973;12,6
Tafjord;SN60500;22.07.1973;13,6
Tafjord;SN60500;23.07.1973;14,8
Tafjord;SN60500;24.07.1973;15,5
Tafjord;SN60500;25.07.1973;15,3
Tafjord;SN60500;26.07.1973;14,3
Tafjord;SN60500;27.07.1973;14,8
Tafjord;SN60500;28.07.1973;14,1
Tafjord;SN60500;29.07.1973;15
Tafjord;SN60500;30.07.1973;14,9
Tafjord;SN60500;31.07.1973;14,2
Tafjord;SN60500;01.08.1973;12,1
Tafjord;SN60500;02.08.1973;13,6
Tafjord;SN60500;03.08.1973;14
Tafjord;SN60500;04.08.1973;14,9
Tafjord;SN60500;05.08.1973;14,4
Tafjord;SN60500;06.08.1973;13,8
Tafjord;SN60500;07.08.1973;13,3
Tafjord;SN60500;08.08.1973;10,9
Tafjord;SN60500;09.08.1973;11,3
Tafjord;SN60500;10.08.1973;14,6
Tafjord;SN60500;11.08.1973;12,6
Tafjord;SN60500;12.08.1973;12,1
Tafjord;SN60500;13.08.1973;12,1
Tafjord;SN60500;14.08.1973;17,6
Tafjord;SN60500;15.08.1973;14,9
Tafjord;SN60500;16.08.1973;14,7
Tafjord;SN60500;17.08.1973;19
Tafjord;SN60500;18.08.1973;13,6
Tafjord;SN60500;19.08.1973;11,3
Tafjord;SN60500;20.08.1973;8,9
Tafjord;SN60500;21.08.1973;7,9
Tafjord;SN60500;22.08.1973;8,9
Tafjord;SN60500;23.08.1973;10,5
Tafjord;SN60500;24.08.1973;11
Tafjord;SN60500;25.08.1973;7,5
Tafjord;SN60500;26.08.1973;10,6
Tafjord;SN60500;27.08.1973;12,5
Tafjord;SN60500;28.08.1973;12,1
Tafjord;SN60500;29.08.1973;11,6
Tafjord;SN60500;30.08.1973;11,8
Tafjord;SN60500;31.08.1973;12
Tafjord;SN60500;01.09.1973;10,8
Tafjord;SN60500;02.09.1973;12
Tafjord;SN60500;03.09.1973;11
Tafjord;SN60500;04.09.1973;11,4
Tafjord;SN60500;05.09.1973;10,5
Tafjord;SN60500;06.09.1973;9,9
Tafjord;SN60500;07.09.1973;11,1
Tafjord;SN60500;08.09.1973;9,7
Tafjord;SN60500;09.09.1973;8,4
Tafjord;SN60500;10.09.1973;7,7
Tafjord;SN60500;11.09.1973;6,8
Tafjord;SN60500;12.09.1973;8,7
Tafjord;SN60500;13.09.1973;7,2
Tafjord;SN60500;14.09.1973;9,7
Tafjord;SN60500;15.09.1973;10,8
Tafjord;SN60500;16.09.1973;10,6
Tafjord;SN60500;17.09.1973;15,1
Tafjord;SN60500;18.09.1973;14
Tafjord;SN60500;19.09.1973;13,1
Tafjord;SN60500;20.09.1973;12,8
Tafjord;SN60500;21.09.1973;12,9
Tafjord;SN60500;22.09.1973;12,6
Tafjord;SN60500;23.09.1973;11,9
Tafjord;SN60500;24.09.1973;12,9
Tafjord;SN60500;25.09.1973;11,6
Tafjord;SN60500;26.09.1973;10,4
Tafjord;SN60500;27.09.1973;11,5
Tafjord;SN60500;28.09.1973;10,4
Tafjord;SN60500;29.09.1973;9,7
Tafjord;SN60500;30.09.1973;7,3
Tafjord;SN60500;01.10.1973;7,7
Tafjord;SN60500;02.10.1973;10,8
Tafjord;SN60500;03.10.1973;11
Tafjord;SN60500;04.10.1973;8,7
Tafjord;SN60500;05.10.1973;9
Tafjord;SN60500;06.10.1973;7,4
Tafjord;SN60500;07.10.1973;8,3
Tafjord;SN60500;08.10.1973;7,2
Tafjord;SN60500;09.10.1973;5,8
Tafjord;SN60500;10.10.1973;2
Tafjord;SN60500;11.10.1973;1,3
Tafjord;SN60500;12.10.1973;3,2
Tafjord;SN60500;13.10.1973;4,3
Tafjord;SN60500;14.10.1973;3,9
Tafjord;SN60500;15.10.1973;2,5
Tafjord;SN60500;16.10.1973;0,7
Tafjord;SN60500;17.10.1973;-1,6
Tafjord;SN60500;18.10.1973;-1,8
Tafjord;SN60500;19.10.1973;-2,7
Tafjord;SN60500;20.10.1973;0,5
Tafjord;SN60500;21.10.1973;1,4
Tafjord;SN60500;22.10.1973;1,6
Tafjord;SN60500;23.10.1973;4,7
Tafjord;SN60500;24.10.1973;5,6
Tafjord;SN60500;25.10.1973;6,8
Tafjord;SN60500;26.10.1973;6
Tafjord;SN60500;27.10.1973;11,8
Tafjord;SN60500;28.10.1973;6,6
Tafjord;SN60500;29.10.1973;5,1
Tafjord;SN60500;30.10.1973;5,2
Tafjord;SN60500;31.10.1973;7,7
Tafjord;SN60500;01.11.1973;11,8
Tafjord;SN60500;02.11.1973;3,8
Tafjord;SN60500;03.11.1973;9,4
Tafjord;SN60500;04.11.1973;15
Tafjord;SN60500;05.11.1973;14
Tafjord;SN60500;06.11.1973;3,4
Tafjord;SN60500;07.11.1973;1,2
Tafjord;SN60500;08.11.1973;5,6
Tafjord;SN60500;09.11.1973;2,9
Tafjord;SN60500;10.11.1973;1,5
Tafjord;SN60500;11.11.1973;-0,2
Tafjord;SN60500;12.11.1973;0,6
Tafjord;SN60500;13.11.1973;0,9
Tafjord;SN60500;14.11.1973;-5,7
Tafjord;SN60500;15.11.1973;1,4
Tafjord;SN60500;16.11.1973;-2
Tafjord;SN60500;17.11.1973;-1,9
Tafjord;SN60500;18.11.1973;1,4
Tafjord;SN60500;19.11.1973;2
Tafjord;SN60500;20.11.1973;0,6
Tafjord;SN60500;21.11.1973;2,6
Tafjord;SN60500;22.11.1973;2,7
Tafjord;SN60500;23.11.1973;1,5
Tafjord;SN60500;24.11.1973;-3,4
Tafjord;SN60500;25.11.1973;-6,6
Tafjord;SN60500;26.11.1973;-4,2
Tafjord;SN60500;27.11.1973;-3,6
Tafjord;SN60500;28.11.1973;-2,6
Tafjord;SN60500;29.11.1973;-6,5
Tafjord;SN60500;30.11.1973;-8,1
Tafjord;SN60500;01.12.1973;-6,5
Tafjord;SN60500;02.12.1973;-1,4
Tafjord;SN60500;03.12.1973;2,9
Tafjord;SN60500;04.12.1973;1,8
Tafjord;SN60500;05.12.1973;0,9
Tafjord;SN60500;06.12.1973;1,6
Tafjord;SN60500;07.12.1973;0,7
Tafjord;SN60500;08.12.1973;-3,5
Tafjord;SN60500;09.12.1973;1,5
Tafjord;SN60500;10.12.1973;4,1
Tafjord;SN60500;11.12.1973;0,9
Tafjord;SN60500;12.12.1973;-2,8
Tafjord;SN60500;13.12.1973;-0,1
Tafjord;SN60500;14.12.1973;-2
Tafjord;SN60500;15.12.1973;-2,9
Tafjord;SN60500;16.12.1973;2,5
Tafjord;SN60500;17.12.1973;-1,3
Tafjord;SN60500;18.12.1973;-3,2
Tafjord;SN60500;19.12.1973;-5,2
Tafjord;SN60500;20.12.1973;1,8
Tafjord;SN60500;21.12.1973;4,4
Tafjord;SN60500;22.12.1973;5,8
Tafjord;SN60500;23.12.1973;2,6
Tafjord;SN60500;24.12.1973;0,9
Tafjord;SN60500;25.12.1973;3,3
Tafjord;SN60500;26.12.1973;3,3
Tafjord;SN60500;27.12.1973;6
Tafjord;SN60500;28.12.1973;2,3
Tafjord;SN60500;29.12.1973;8,1
Tafjord;SN60500;30.12.1973;4
Tafjord;SN60500;31.12.1973;3
Tafjord;SN60500;01.01.1974;3,8
Tafjord;SN60500;02.01.1974;5,8
Tafjord;SN60500;03.01.1974;4,7
Tafjord;SN60500;04.01.1974;5,6
Tafjord;SN60500;05.01.1974;8,9
Tafjord;SN60500;06.01.1974;9,6
Tafjord;SN60500;07.01.1974;6,6
Tafjord;SN60500;08.01.1974;4,3
Tafjord;SN60500;09.01.1974;4,1
Tafjord;SN60500;10.01.1974;6,6
Tafjord;SN60500;11.01.1974;6,2
Tafjord;SN60500;12.01.1974;6,4
Tafjord;SN60500;13.01.1974;7,4
Tafjord;SN60500;14.01.1974;8,5
Tafjord;SN60500;15.01.1974;5,5
Tafjord;SN60500;16.01.1974;1,5
Tafjord;SN60500;17.01.1974;1,5
Tafjord;SN60500;18.01.1974;6,5
Tafjord;SN60500;19.01.1974;3,2
Tafjord;SN60500;20.01.1974;3,5
Tafjord;SN60500;21.01.1974;4,3
Tafjord;SN60500;22.01.1974;2,8
Tafjord;SN60500;23.01.1974;6,6
Tafjord;SN60500;24.01.1974;4,5
Tafjord;SN60500;25.01.1974;5,2
Tafjord;SN60500;26.01.1974;5,7
Tafjord;SN60500;27.01.1974;9,7
Tafjord;SN60500;28.01.1974;7,1
Tafjord;SN60500;29.01.1974;8
Tafjord;SN60500;30.01.1974;5,3
Tafjord;SN60500;31.01.1974;9,6
Tafjord;SN60500;01.02.1974;6,8
Tafjord;SN60500;02.02.1974;6,3
Tafjord;SN60500;03.02.1974;5,8
Tafjord;SN60500;04.02.1974;2,2
Tafjord;SN60500;05.02.1974;3,2
Tafjord;SN60500;06.02.1974;3,2
Tafjord;SN60500;07.02.1974;-0,9
Tafjord;SN60500;08.02.1974;-2,5
Tafjord;SN60500;09.02.1974;-1,8
Tafjord;SN60500;10.02.1974;2,2
Tafjord;SN60500;11.02.1974;7,7
Tafjord;SN60500;12.02.1974;10,7
Tafjord;SN60500;13.02.1974;5,5
Tafjord;SN60500;14.02.1974;6,8
Tafjord;SN60500;15.02.1974;6
Tafjord;SN60500;16.02.1974;7,5
Tafjord;SN60500;17.02.1974;5,3
Tafjord;SN60500;18.02.1974;0,4
Tafjord;SN60500;19.02.1974;-1
Tafjord;SN60500;20.02.1974;2,6
Tafjord;SN60500;21.02.1974;4
Tafjord;SN60500;22.02.1974;7
Tafjord;SN60500;23.02.1974;0,9
Tafjord;SN60500;24.02.1974;2,1
Tafjord;SN60500;25.02.1974;5,9
Tafjord;SN60500;26.02.1974;2,9
Tafjord;SN60500;27.02.1974;1,1
Tafjord;SN60500;28.02.1974;5,6
Tafjord;SN60500;01.03.1974;4,3
Tafjord;SN60500;02.03.1974;3,9
Tafjord;SN60500;03.03.1974;2,6
Tafjord;SN60500;04.03.1974;2,3
Tafjord;SN60500;05.03.1974;3,8
Tafjord;SN60500;06.03.1974;7,3
Tafjord;SN60500;07.03.1974;8,1
Tafjord;SN60500;08.03.1974;6,8
Tafjord;SN60500;09.03.1974;5,9
Tafjord;SN60500;10.03.1974;7
Tafjord;SN60500;11.03.1974;6,4
Tafjord;SN60500;12.03.1974;5,6
Tafjord;SN60500;13.03.1974;0,8
Tafjord;SN60500;14.03.1974;-0,1
Tafjord;SN60500;15.03.1974;1,1
Tafjord;SN60500;16.03.1974;1,7
Tafjord;SN60500;17.03.1974;5,2
Tafjord;SN60500;18.03.1974;6,9
Tafjord;SN60500;19.03.1974;5,9
Tafjord;SN60500;20.03.1974;5,9
Tafjord;SN60500;21.03.1974;5,6
Tafjord;SN60500;22.03.1974;2,9
Tafjord;SN60500;23.03.1974;6,4
Tafjord;SN60500;24.03.1974;4,2
Tafjord;SN60500;25.03.1974;3,4
Tafjord;SN60500;26.03.1974;3,8
Tafjord;SN60500;27.03.1974;3
Tafjord;SN60500;28.03.1974;2,2
Tafjord;SN60500;29.03.1974;5,1
Tafjord;SN60500;30.03.1974;6,2
Tafjord;SN60500;31.03.1974;6,8
Tafjord;SN60500;01.04.1974;11,1
Tafjord;SN60500;02.04.1974;10
Tafjord;SN60500;03.04.1974;11,1
Tafjord;SN60500;04.04.1974;8,7
Tafjord;SN60500;05.04.1974;9,8
Tafjord;SN60500;06.04.1974;7,7
Tafjord;SN60500;07.04.1974;5,4
Tafjord;SN60500;08.04.1974;4,2
Tafjord;SN60500;09.04.1974;3,5
Tafjord;SN60500;10.04.1974;2,3
Tafjord;SN60500;11.04.1974;-0,4
Tafjord;SN60500;12.04.1974;-0,4
Tafjord;SN60500;13.04.1974;3,2
Tafjord;SN60500;14.04.1974;3,8
Tafjord;SN60500;15.04.1974;5,8
Tafjord;SN60500;16.04.1974;5,7
Tafjord;SN60500;17.04.1974;6
Tafjord;SN60500;18.04.1974;6,5
Tafjord;SN60500;19.04.1974;4,1
Tafjord;SN60500;20.04.1974;5,6
Tafjord;SN60500;21.04.1974;5,9
Tafjord;SN60500;22.04.1974;5,2
Tafjord;SN60500;23.04.1974;4,9
Tafjord;SN60500;24.04.1974;6,3
Tafjord;SN60500;25.04.1974;7,9
Tafjord;SN60500;26.04.1974;7
Tafjord;SN60500;27.04.1974;7,3
Tafjord;SN60500;28.04.1974;7
Tafjord;SN60500;29.04.1974;9,4
Tafjord;SN60500;30.04.1974;10
Tafjord;SN60500;01.05.1974;9,3
Tafjord;SN60500;02.05.1974;9,9
Tafjord;SN60500;03.05.1974;9
Tafjord;SN60500;04.05.1974;7,3
Tafjord;SN60500;05.05.1974;6,2
Tafjord;SN60500;06.05.1974;5,2
Tafjord;SN60500;07.05.1974;6,1
Tafjord;SN60500;08.05.1974;7,8
Tafjord;SN60500;09.05.1974;9,7
Tafjord;SN60500;10.05.1974;8,6
Tafjord;SN60500;11.05.1974;10,6
Tafjord;SN60500;12.05.1974;15,1
Tafjord;SN60500;13.05.1974;15,1
Tafjord;SN60500;14.05.1974;15,3
Tafjord;SN60500;15.05.1974;9,9
Tafjord;SN60500;16.05.1974;12
Tafjord;SN60500;17.05.1974;13,4
Tafjord;SN60500;18.05.1974;11,1
Tafjord;SN60500;19.05.1974;11,8
Tafjord;SN60500;20.05.1974;14,2
Tafjord;SN60500;21.05.1974;9,7
Tafjord;SN60500;22.05.1974;9,5
Tafjord;SN60500;23.05.1974;12,1
Tafjord;SN60500;24.05.1974;12,3
Tafjord;SN60500;25.05.1974;10,6
Tafjord;SN60500;26.05.1974;8,5
Tafjord;SN60500;27.05.1974;5,5
Tafjord;SN60500;28.05.1974;7,3
Tafjord;SN60500;29.05.1974;8,3
Tafjord;SN60500;30.05.1974;7,9
Tafjord;SN60500;31.05.1974;8,3
Tafjord;SN60500;01.06.1974;12,9
Tafjord;SN60500;02.06.1974;14,6
Tafjord;SN60500;03.06.1974;10,6
Tafjord;SN60500;04.06.1974;9,4
Tafjord;SN60500;05.06.1974;8,8
Tafjord;SN60500;06.06.1974;8,9
Tafjord;SN60500;07.06.1974;8,9
Tafjord;SN60500;08.06.1974;8,4
Tafjord;SN60500;09.06.1974;9,2
Tafjord;SN60500;10.06.1974;9,3
Tafjord;SN60500;11.06.1974;11,4
Tafjord;SN60500;12.06.1974;11,9
Tafjord;SN60500;13.06.1974;13,9
Tafjord;SN60500;14.06.1974;15,5
Tafjord;SN60500;15.06.1974;16,6
Tafjord;SN60500;16.06.1974;21,6
Tafjord;SN60500;17.06.1974;19
Tafjord;SN60500;18.06.1974;21,7
Tafjord;SN60500;19.06.1974;18,9
Tafjord;SN60500;20.06.1974;13,1
Tafjord;SN60500;21.06.1974;14,8
Tafjord;SN60500;22.06.1974;16
Tafjord;SN60500;23.06.1974;15
Tafjord;SN60500;24.06.1974;14,8
Tafjord;SN60500;25.06.1974;12,7
Tafjord;SN60500;26.06.1974;10,2
Tafjord;SN60500;27.06.1974;10,5
Tafjord;SN60500;28.06.1974;10,8
Tafjord;SN60500;29.06.1974;13,1
Tafjord;SN60500;30.06.1974;14,2
Tafjord;SN60500;01.07.1974;15,3
Tafjord;SN60500;02.07.1974;12,9
Tafjord;SN60500;03.07.1974;12,8
Tafjord;SN60500;04.07.1974;11,8
Tafjord;SN60500;05.07.1974;12,4
Tafjord;SN60500;06.07.1974;14
Tafjord;SN60500;07.07.1974;13
Tafjord;SN60500;08.07.1974;13
Tafjord;SN60500;09.07.1974;13,5
Tafjord;SN60500;10.07.1974;14,7
Tafjord;SN60500;11.07.1974;15,5
Tafjord;SN60500;12.07.1974;13,9
Tafjord;SN60500;13.07.1974;13
Tafjord;SN60500;14.07.1974;13,2
Tafjord;SN60500;15.07.1974;13,3
Tafjord;SN60500;16.07.1974;11,9
Tafjord;SN60500;17.07.1974;12,2
Tafjord;SN60500;18.07.1974;11,6
Tafjord;SN60500;19.07.1974;11,6
Tafjord;SN60500;20.07.1974;12,8
Tafjord;SN60500;21.07.1974;14
Tafjord;SN60500;22.07.1974;14,8
Tafjord;SN60500;23.07.1974;11,3
Tafjord;SN60500;24.07.1974;12,7
Tafjord;SN60500;25.07.1974;13
Tafjord;SN60500;26.07.1974;12,3
Tafjord;SN60500;27.07.1974;9,6
Tafjord;SN60500;28.07.1974;10,1
Tafjord;SN60500;29.07.1974;10,8
Tafjord;SN60500;30.07.1974;11
Tafjord;SN60500;31.07.1974;11,4
Tafjord;SN60500;01.08.1974;10,9
Tafjord;SN60500;02.08.1974;12,6
Tafjord;SN60500;03.08.1974;12,5
Tafjord;SN60500;04.08.1974;12,9
Tafjord;SN60500;05.08.1974;12,4
Tafjord;SN60500;06.08.1974;11,4
Tafjord;SN60500;07.08.1974;11,3
Tafjord;SN60500;08.08.1974;12,4
Tafjord;SN60500;09.08.1974;13,3
Tafjord;SN60500;10.08.1974;14
Tafjord;SN60500;11.08.1974;14,1
Tafjord;SN60500;12.08.1974;14
Tafjord;SN60500;13.08.1974;13,5
Tafjord;SN60500;14.08.1974;13,3
Tafjord;SN60500;15.08.1974;14
Tafjord;SN60500;16.08.1974;13,9
Tafjord;SN60500;17.08.1974;12,6
Tafjord;SN60500;18.08.1974;12,1
Tafjord;SN60500;19.08.1974;11,3
Tafjord;SN60500;20.08.1974;12,3
Tafjord;SN60500;21.08.1974;17,1
Tafjord;SN60500;22.08.1974;13,5
Tafjord;SN60500;23.08.1974;12,5
Tafjord;SN60500;24.08.1974;12,1
Tafjord;SN60500;25.08.1974;17,9
Tafjord;SN60500;26.08.1974;16,7
Tafjord;SN60500;27.08.1974;12,6
Tafjord;SN60500;28.08.1974;11,9
Tafjord;SN60500;29.08.1974;11,7
Tafjord;SN60500;30.08.1974;13,1
Tafjord;SN60500;31.08.1974;12,3
Tafjord;SN60500;01.09.1974;20
Tafjord;SN60500;02.09.1974;17,2
Tafjord;SN60500;03.09.1974;18,4
Tafjord;SN60500;04.09.1974;18,1
Tafjord;SN60500;05.09.1974;17,2
Tafjord;SN60500;06.09.1974;15,5
Tafjord;SN60500;07.09.1974;12,6
Tafjord;SN60500;08.09.1974;15,9
Tafjord;SN60500;09.09.1974;13,1
Tafjord;SN60500;10.09.1974;11,1
Tafjord;SN60500;11.09.1974;13,3
Tafjord;SN60500;12.09.1974;10,7
Tafjord;SN60500;13.09.1974;13,2
Tafjord;SN60500;14.09.1974;15,4
Tafjord;SN60500;15.09.1974;12,7
Tafjord;SN60500;16.09.1974;12,8
Tafjord;SN60500;17.09.1974;11,5
Tafjord;SN60500;18.09.1974;9,9
Tafjord;SN60500;19.09.1974;7,7
Tafjord;SN60500;20.09.1974;8,1
Tafjord;SN60500;21.09.1974;12,8
Tafjord;SN60500;22.09.1974;12,3
Tafjord;SN60500;23.09.1974;12,8
Tafjord;SN60500;24.09.1974;8,7
Tafjord;SN60500;25.09.1974;9,3
Tafjord;SN60500;26.09.1974;9,1
Tafjord;SN60500;27.09.1974;7,9
Tafjord;SN60500;28.09.1974;9,9
Tafjord;SN60500;29.09.1974;12,3
Tafjord;SN60500;30.09.1974;7,5
Tafjord;SN60500;01.10.1974;6,4
Tafjord;SN60500;02.10.1974;5,1
Tafjord;SN60500;03.10.1974;5
Tafjord;SN60500;04.10.1974;3,3
Tafjord;SN60500;05.10.1974;6,7
Tafjord;SN60500;06.10.1974;7,2
Tafjord;SN60500;07.10.1974;6,5
Tafjord;SN60500;08.10.1974;5,6
Tafjord;SN60500;09.10.1974;6,7
Tafjord;SN60500;10.10.1974;3,4
Tafjord;SN60500;11.10.1974;4,5
Tafjord;SN60500;12.10.1974;1,3
Tafjord;SN60500;13.10.1974;1,3
Tafjord;SN60500;14.10.1974;5,4
Tafjord;SN60500;15.10.1974;7,4
Tafjord;SN60500;16.10.1974;7,9
Tafjord;SN60500;17.10.1974;5,6
Tafjord;SN60500;18.10.1974;9,8
Tafjord;SN60500;19.10.1974;10,6
Tafjord;SN60500;20.10.1974;8,8
Tafjord;SN60500;21.10.1974;8
Tafjord;SN60500;22.10.1974;9
Tafjord;SN60500;23.10.1974;6,5
Tafjord;SN60500;24.10.1974;8,4
Tafjord;SN60500;25.10.1974;3,2
Tafjord;SN60500;26.10.1974;3,6
Tafjord;SN60500;27.10.1974;4,4
Tafjord;SN60500;28.10.1974;2,9
Tafjord;SN60500;29.10.1974;-0,4
Tafjord;SN60500;30.10.1974;-2,4
Tafjord;SN60500;31.10.1974;2,1
Tafjord;SN60500;01.11.1974;3
Tafjord;SN60500;02.11.1974;6
Tafjord;SN60500;03.11.1974;5,7
Tafjord;SN60500;04.11.1974;0,3
Tafjord;SN60500;05.11.1974;0,8
Tafjord;SN60500;06.11.1974;5,4
Tafjord;SN60500;07.11.1974;2,8
Tafjord;SN60500;08.11.1974;9,1
Tafjord;SN60500;09.11.1974;8,7
Tafjord;SN60500;10.11.1974;9,8
Tafjord;SN60500;11.11.1974;8,4
Tafjord;SN60500;12.11.1974;8,6
Tafjord;SN60500;13.11.1974;4,9
Tafjord;SN60500;14.11.1974;8,9
Tafjord;SN60500;15.11.1974;10,9
Tafjord;SN60500;16.11.1974;9,7
Tafjord;SN60500;17.11.1974;6,4
Tafjord;SN60500;18.11.1974;6,7
Tafjord;SN60500;19.11.1974;0,1
Tafjord;SN60500;20.11.1974;3,8
Tafjord;SN60500;21.11.1974;-1,9
Tafjord;SN60500;22.11.1974;-0,6
Tafjord;SN60500;23.11.1974;4,7
Tafjord;SN60500;24.11.1974;6,9
Tafjord;SN60500;25.11.1974;7
Tafjord;SN60500;26.11.1974;3,1
Tafjord;SN60500;27.11.1974;3,5
Tafjord;SN60500;28.11.1974;1,4
Tafjord;SN60500;29.11.1974;-0,9
Tafjord;SN60500;30.11.1974;-1,5
Tafjord;SN60500;01.12.1974;2
Tafjord;SN60500;02.12.1974;6,9
Tafjord;SN60500;03.12.1974;2,1
Tafjord;SN60500;04.12.1974;7,9
Tafjord;SN60500;05.12.1974;2,6
Tafjord;SN60500;06.12.1974;3,2
Tafjord;SN60500;07.12.1974;3
Tafjord;SN60500;08.12.1974;6,5
Tafjord;SN60500;09.12.1974;4,3
Tafjord;SN60500;10.12.1974;4,5
Tafjord;SN60500;11.12.1974;1,4
Tafjord;SN60500;12.12.1974;-1,6
Tafjord;SN60500;13.12.1974;-0,5
Tafjord;SN60500;14.12.1974;3,3
Tafjord;SN60500;15.12.1974;0,6
Tafjord;SN60500;16.12.1974;2,3
Tafjord;SN60500;17.12.1974;2
Tafjord;SN60500;18.12.1974;0,3
Tafjord;SN60500;19.12.1974;2
Tafjord;SN60500;20.12.1974;5,5
Tafjord;SN60500;21.12.1974;8,4
Tafjord;SN60500;22.12.1974;10
Tafjord;SN60500;23.12.1974;2,4
Tafjord;SN60500;24.12.1974;10,3
Tafjord;SN60500;25.12.1974;4,2
Tafjord;SN60500;26.12.1974;4,7
Tafjord;SN60500;27.12.1974;-0,6
Tafjord;SN60500;28.12.1974;2,2
Tafjord;SN60500;29.12.1974;1,8
Tafjord;SN60500;30.12.1974;0,3
Tafjord;SN60500;31.12.1974;5,5
Tafjord;SN60500;01.01.1975;2
Tafjord;SN60500;02.01.1975;7,7
Tafjord;SN60500;03.01.1975;4,3
Tafjord;SN60500;04.01.1975;0,9
Tafjord;SN60500;05.01.1975;2,3
Tafjord;SN60500;06.01.1975;-0,4
Tafjord;SN60500;07.01.1975;-1,4
Tafjord;SN60500;08.01.1975;-1,4
Tafjord;SN60500;09.01.1975;2,1
Tafjord;SN60500;10.01.1975;0,7
Tafjord;SN60500;11.01.1975;0,1
Tafjord;SN60500;12.01.1975;5,2
Tafjord;SN60500;13.01.1975;3,4
Tafjord;SN60500;14.01.1975;12,5
Tafjord;SN60500;15.01.1975;8,7
Tafjord;SN60500;16.01.1975;6,1
Tafjord;SN60500;17.01.1975;5,9
Tafjord;SN60500;18.01.1975;3,5
Tafjord;SN60500;19.01.1975;3,1
Tafjord;SN60500;20.01.1975;6,9
Tafjord;SN60500;21.01.1975;3,1
Tafjord;SN60500;22.01.1975;5
Tafjord;SN60500;23.01.1975;3,8
Tafjord;SN60500;24.01.1975;3,3
Tafjord;SN60500;25.01.1975;2,8
Tafjord;SN60500;26.01.1975;2
Tafjord;SN60500;27.01.1975;5
Tafjord;SN60500;28.01.1975;5,7
Tafjord;SN60500;29.01.1975;6,6
Tafjord;SN60500;30.01.1975;5,7
Tafjord;SN60500;31.01.1975;9,1
Tafjord;SN60500;01.02.1975;8,6
Tafjord;SN60500;02.02.1975;5,5
Tafjord;SN60500;03.02.1975;2,7
Tafjord;SN60500;04.02.1975;3,1
Tafjord;SN60500;05.02.1975;1,2
Tafjord;SN60500;06.02.1975;1,2
Tafjord;SN60500;07.02.1975;-1,1
Tafjord;SN60500;08.02.1975;-3,5
Tafjord;SN60500;09.02.1975;-2,6
Tafjord;SN60500;10.02.1975;0,1
Tafjord;SN60500;11.02.1975;-0,7
Tafjord;SN60500;12.02.1975;0,1
Tafjord;SN60500;13.02.1975;-2,1
Tafjord;SN60500;14.02.1975;-4,7
Tafjord;SN60500;15.02.1975;-7,6
Tafjord;SN60500;16.02.1975;-2,1
Tafjord;SN60500;17.02.1975;5,6
Tafjord;SN60500;18.02.1975;3
Tafjord;SN60500;19.02.1975;2,1
Tafjord;SN60500;20.02.1975;6
Tafjord;SN60500;21.02.1975;7,3
Tafjord;SN60500;22.02.1975;11,8
Tafjord;SN60500;23.02.1975;7,4
Tafjord;SN60500;24.02.1975;2,6
Tafjord;SN60500;25.02.1975;-1,1
Tafjord;SN60500;26.02.1975;0,5
Tafjord;SN60500;27.02.1975;0,4
Tafjord;SN60500;28.02.1975;2,5
Tafjord;SN60500;01.03.1975;2,1
Tafjord;SN60500;02.03.1975;5,6
Tafjord;SN60500;03.03.1975;8,8
Tafjord;SN60500;04.03.1975;6,1
Tafjord;SN60500;05.03.1975;5,2
Tafjord;SN60500;06.03.1975;6,4
Tafjord;SN60500;07.03.1975;8,7
Tafjord;SN60500;08.03.1975;7,9
Tafjord;SN60500;09.03.1975;7,7
Tafjord;SN60500;10.03.1975;6,7
Tafjord;SN60500;11.03.1975;3
Tafjord;SN60500;12.03.1975;0,2
Tafjord;SN60500;13.03.1975;-0,1
Tafjord;SN60500;14.03.1975;0,8
Tafjord;SN60500;15.03.1975;0,2
Tafjord;SN60500;16.03.1975;0,4
Tafjord;SN60500;17.03.1975;-0,1
Tafjord;SN60500;18.03.1975;1,7
Tafjord;SN60500;19.03.1975;2,8
Tafjord;SN60500;20.03.1975;0,4
Tafjord;SN60500;21.03.1975;3,3
Tafjord;SN60500;22.03.1975;5,7
Tafjord;SN60500;23.03.1975;5,6
Tafjord;SN60500;24.03.1975;3,6
Tafjord;SN60500;25.03.1975;2,3
Tafjord;SN60500;26.03.1975;1,4
Tafjord;SN60500;27.03.1975;2,3
Tafjord;SN60500;28.03.1975;1,7
Tafjord;SN60500;29.03.1975;1,8
Tafjord;SN60500;30.03.1975;1,4
Tafjord;SN60500;31.03.1975;1,2
Tafjord;SN60500;01.04.1975;-1,2
Tafjord;SN60500;02.04.1975;-1
Tafjord;SN60500;03.04.1975;0
Tafjord;SN60500;04.04.1975;0,5
Tafjord;SN60500;05.04.1975;1,8
Tafjord;SN60500;06.04.1975;3,1
Tafjord;SN60500;07.04.1975;5,3
Tafjord;SN60500;08.04.1975;2,7
Tafjord;SN60500;09.04.1975;2,7
Tafjord;SN60500;10.04.1975;0,8
Tafjord;SN60500;11.04.1975;3,1
Tafjord;SN60500;12.04.1975;0,9
Tafjord;SN60500;13.04.1975;1,5
Tafjord;SN60500;14.04.1975;2,7
Tafjord;SN60500;15.04.1975;3,6
Tafjord;SN60500;16.04.1975;3,2
Tafjord;SN60500;17.04.1975;5,7
Tafjord;SN60500;18.04.1975;8,3
Tafjord;SN60500;19.04.1975;10,5
Tafjord;SN60500;20.04.1975;10,2
Tafjord;SN60500;21.04.1975;10
Tafjord;SN60500;22.04.1975;8,5
Tafjord;SN60500;23.04.1975;7,8
Tafjord;SN60500;24.04.1975;4,6
Tafjord;SN60500;25.04.1975;6,7
Tafjord;SN60500;26.04.1975;6,7
Tafjord;SN60500;27.04.1975;5
Tafjord;SN60500;28.04.1975;5,4
Tafjord;SN60500;29.04.1975;10,5
Tafjord;SN60500;30.04.1975;9,4
Tafjord;SN60500;01.05.1975;7,3
Tafjord;SN60500;02.05.1975;7,1
Tafjord;SN60500;03.05.1975;5,7
Tafjord;SN60500;04.05.1975;6,1
Tafjord;SN60500;05.05.1975;8,6
Tafjord;SN60500;06.05.1975;9
Tafjord;SN60500;07.05.1975;9,1
Tafjord;SN60500;08.05.1975;11,2
Tafjord;SN60500;09.05.1975;14,2
Tafjord;SN60500;10.05.1975;18,3
Tafjord;SN60500;11.05.1975;11,8
Tafjord;SN60500;12.05.1975;7,5
Tafjord;SN60500;13.05.1975;6,1
Tafjord;SN60500;14.05.1975;7,2
Tafjord;SN60500;15.05.1975;9
Tafjord;SN60500;16.05.1975;10,3
Tafjord;SN60500;17.05.1975;10,5
Tafjord;SN60500;18.05.1975;8,4
Tafjord;SN60500;19.05.1975;12,2
Tafjord;SN60500;20.05.1975;13,9
Tafjord;SN60500;21.05.1975;7,1
Tafjord;SN60500;22.05.1975;5,6
Tafjord;SN60500;23.05.1975;7,3
Tafjord;SN60500;24.05.1975;7,4
Tafjord;SN60500;25.05.1975;9
Tafjord;SN60500;26.05.1975;9,6
Tafjord;SN60500;27.05.1975;10,6
Tafjord;SN60500;28.05.1975;8,7
Tafjord;SN60500;29.05.1975;2
Tafjord;SN60500;30.05.1975;3,4
Tafjord;SN60500;31.05.1975;5,2
Tafjord;SN60500;01.06.1975;6,8
Tafjord;SN60500;02.06.1975;7,5
Tafjord;SN60500;03.06.1975;8,2
Tafjord;SN60500;04.06.1975;9,2
Tafjord;SN60500;05.06.1975;8,5
Tafjord;SN60500;06.06.1975;9,3
Tafjord;SN60500;07.06.1975;16,2
Tafjord;SN60500;08.06.1975;16,6
Tafjord;SN60500;09.06.1975;12,7
Tafjord;SN60500;10.06.1975;12,2
Tafjord;SN60500;11.06.1975;14
Tafjord;SN60500;12.06.1975;13
Tafjord;SN60500;13.06.1975;7,7
Tafjord;SN60500;14.06.1975;8,6
Tafjord;SN60500;15.06.1975;8,3
Tafjord;SN60500;16.06.1975;9,4
Tafjord;SN60500;17.06.1975;9,9
Tafjord;SN60500;18.06.1975;10,4
Tafjord;SN60500;19.06.1975;17,6
Tafjord;SN60500;20.06.1975;18,2
Tafjord;SN60500;21.06.1975;10,9
Tafjord;SN60500;22.06.1975;11,1
Tafjord;SN60500;23.06.1975;12,5
Tafjord;SN60500;24.06.1975;10,6
Tafjord;SN60500;25.06.1975;9,7
Tafjord;SN60500;26.06.1975;10,7
Tafjord;SN60500;27.06.1975;7,5
Tafjord;SN60500;28.06.1975;8,6
Tafjord;SN60500;29.06.1975;10,4
Tafjord;SN60500;30.06.1975;11,8
Tafjord;SN60500;01.07.1975;14,6
Tafjord;SN60500;02.07.1975;13,6
Tafjord;SN60500;03.07.1975;12,6
Tafjord;SN60500;04.07.1975;10,6
Tafjord;SN60500;05.07.1975;12,8
Tafjord;SN60500;06.07.1975;12,7
Tafjord;SN60500;07.07.1975;13,3
Tafjord;SN60500;08.07.1975;14,2
Tafjord;SN60500;09.07.1975;14,3
Tafjord;SN60500;10.07.1975;15,8
Tafjord;SN60500;11.07.1975;15
Tafjord;SN60500;12.07.1975;14,7
Tafjord;SN60500;13.07.1975;12,8
Tafjord;SN60500;14.07.1975;13,6
Tafjord;SN60500;15.07.1975;12
Tafjord;SN60500;16.07.1975;14,5
Tafjord;SN60500;17.07.1975;12,9
Tafjord;SN60500;18.07.1975;12,4
Tafjord;SN60500;19.07.1975;14,7
Tafjord;SN60500;20.07.1975;13,9
Tafjord;SN60500;21.07.1975;15,1
Tafjord;SN60500;22.07.1975;15,1
Tafjord;SN60500;23.07.1975;13,5
Tafjord;SN60500;24.07.1975;14,3
Tafjord;SN60500;25.07.1975;13,5
Tafjord;SN60500;26.07.1975;13,8
Tafjord;SN60500;27.07.1975;13,5
Tafjord;SN60500;28.07.1975;14,7
Tafjord;SN60500;29.07.1975;18,1
Tafjord;SN60500;30.07.1975;18,7
Tafjord;SN60500;31.07.1975;13,2
Tafjord;SN60500;01.08.1975;12,4
Tafjord;SN60500;02.08.1975;13,3
Tafjord;SN60500;03.08.1975;14,3
Tafjord;SN60500;04.08.1975;17
Tafjord;SN60500;05.08.1975;17
Tafjord;SN60500;06.08.1975;17,4
Tafjord;SN60500;07.08.1975;18,2
Tafjord;SN60500;08.08.1975;17,6
Tafjord;SN60500;09.08.1975;17,8
Tafjord;SN60500;10.08.1975;18,2
Tafjord;SN60500;11.08.1975;17,8
Tafjord;SN60500;12.08.1975;16,2
Tafjord;SN60500;13.08.1975;14,9
Tafjord;SN60500;14.08.1975;15,8
Tafjord;SN60500;15.08.1975;13,6
Tafjord;SN60500;16.08.1975;12,1
Tafjord;SN60500;17.08.1975;12,6
Tafjord;SN60500;18.08.1975;14
Tafjord;SN60500;19.08.1975;13,9
Tafjord;SN60500;20.08.1975;16,1
Tafjord;SN60500;21.08.1975;15
Tafjord;SN60500;22.08.1975;13,7
Tafjord;SN60500;23.08.1975;13
Tafjord;SN60500;24.08.1975;12,9
Tafjord;SN60500;25.08.1975;12,5
Tafjord;SN60500;26.08.1975;11,8
Tafjord;SN60500;27.08.1975;15
Tafjord;SN60500;28.08.1975;12
Tafjord;SN60500;29.08.1975;11,3
Tafjord;SN60500;30.08.1975;10,4
Tafjord;SN60500;31.08.1975;11,5
Tafjord;SN60500;01.09.1975;13,3
Tafjord;SN60500;02.09.1975;13,9
Tafjord;SN60500;03.09.1975;11,9
Tafjord;SN60500;04.09.1975;10,8
Tafjord;SN60500;05.09.1975;11,1
Tafjord;SN60500;06.09.1975;8,1
Tafjord;SN60500;07.09.1975;7,2
Tafjord;SN60500;08.09.1975;11
Tafjord;SN60500;09.09.1975;12,4
Tafjord;SN60500;10.09.1975;11,6
Tafjord;SN60500;11.09.1975;12
Tafjord;SN60500;12.09.1975;10,7
Tafjord;SN60500;13.09.1975;11
Tafjord;SN60500;14.09.1975;11,1
Tafjord;SN60500;15.09.1975;10,1
Tafjord;SN60500;16.09.1975;11,1
Tafjord;SN60500;17.09.1975;14,7
Tafjord;SN60500;18.09.1975;11,4
Tafjord;SN60500;19.09.1975;9,1
Tafjord;SN60500;20.09.1975;15,9
Tafjord;SN60500;21.09.1975;10,1
Tafjord;SN60500;22.09.1975;9,8
Tafjord;SN60500;23.09.1975;14,5
Tafjord;SN60500;24.09.1975;7,8
Tafjord;SN60500;25.09.1975;12,1
Tafjord;SN60500;26.09.1975;14,7
Tafjord;SN60500;27.09.1975;9,3
Tafjord;SN60500;28.09.1975;6,7
Tafjord;SN60500;29.09.1975;8,4
Tafjord;SN60500;30.09.1975;15,5
Tafjord;SN60500;01.10.1975;15,3
Tafjord;SN60500;02.10.1975;13,8
Tafjord;SN60500;03.10.1975;9,8
Tafjord;SN60500;04.10.1975;7,9
Tafjord;SN60500;05.10.1975;12,4
Tafjord;SN60500;06.10.1975;6,6
Tafjord;SN60500;07.10.1975;7,9
Tafjord;SN60500;08.10.1975;6
Tafjord;SN60500;09.10.1975;5,5
Tafjord;SN60500;10.10.1975;3,7
Tafjord;SN60500;11.10.1975;3,3
Tafjord;SN60500;12.10.1975;2,7
Tafjord;SN60500;13.10.1975;2
Tafjord;SN60500;14.10.1975;5,8
Tafjord;SN60500;15.10.1975;11,3
Tafjord;SN60500;16.10.1975;7,8
Tafjord;SN60500;17.10.1975;6,8
Tafjord;SN60500;18.10.1975;5,7
Tafjord;SN60500;19.10.1975;8,9
Tafjord;SN60500;20.10.1975;5,8
Tafjord;SN60500;21.10.1975;5
Tafjord;SN60500;22.10.1975;4,2
Tafjord;SN60500;23.10.1975;7,3
Tafjord;SN60500;24.10.1975;10,3
Tafjord;SN60500;25.10.1975;13,6
Tafjord;SN60500;26.10.1975;11,8
Tafjord;SN60500;27.10.1975;9,6
Tafjord;SN60500;28.10.1975;7,3
Tafjord;SN60500;29.10.1975;10,4
Tafjord;SN60500;30.10.1975;7,4
Tafjord;SN60500;31.10.1975;10,5
Tafjord;SN60500;01.11.1975;12,8
Tafjord;SN60500;02.11.1975;7,2
Tafjord;SN60500;03.11.1975;13,7
Tafjord;SN60500;04.11.1975;13,2
Tafjord;SN60500;05.11.1975;8
Tafjord;SN60500;06.11.1975;6,2
Tafjord;SN60500;07.11.1975;5,3
Tafjord;SN60500;08.11.1975;4
Tafjord;SN60500;09.11.1975;6,3
Tafjord;SN60500;10.11.1975;1,1
Tafjord;SN60500;11.11.1975;7,9
Tafjord;SN60500;12.11.1975;2,5
Tafjord;SN60500;13.11.1975;8,1
Tafjord;SN60500;14.11.1975;7,7
Tafjord;SN60500;15.11.1975;6,8
Tafjord;SN60500;16.11.1975;3,4
Tafjord;SN60500;17.11.1975;3,7
Tafjord;SN60500;18.11.1975;3,3
Tafjord;SN60500;19.11.1975;3,2
Tafjord;SN60500;20.11.1975;0,3
Tafjord;SN60500;21.11.1975;0,2
Tafjord;SN60500;22.11.1975;-0,4
Tafjord;SN60500;23.11.1975;8,8
Tafjord;SN60500;24.11.1975;6,5
Tafjord;SN60500;25.11.1975;7,4
Tafjord;SN60500;26.11.1975;6,3
Tafjord;SN60500;27.11.1975;5,4
Tafjord;SN60500;28.11.1975;7,3
Tafjord;SN60500;29.11.1975;5,2
Tafjord;SN60500;30.11.1975;4,3
Tafjord;SN60500;01.12.1975;6,5
Tafjord;SN60500;02.12.1975;3,4
Tafjord;SN60500;03.12.1975;0,5
Tafjord;SN60500;04.12.1975;3,2
Tafjord;SN60500;05.12.1975;2,1
Tafjord;SN60500;06.12.1975;2,1
Tafjord;SN60500;07.12.1975;3,2
Tafjord;SN60500;08.12.1975;0,1
Tafjord;SN60500;09.12.1975;2,3
Tafjord;SN60500;10.12.1975;-0,7
Tafjord;SN60500;11.12.1975;7,4
Tafjord;SN60500;12.12.1975;-0,7
Tafjord;SN60500;13.12.1975;-3
Tafjord;SN60500;14.12.1975;2,1
Tafjord;SN60500;15.12.1975;2,3
Tafjord;SN60500;16.12.1975;0
Tafjord;SN60500;17.12.1975;-2,4
Tafjord;SN60500;18.12.1975;-0,3
Tafjord;SN60500;19.12.1975;0,8
Tafjord;SN60500;20.12.1975;2
Tafjord;SN60500;21.12.1975;6,3
Tafjord;SN60500;22.12.1975;3,1
Tafjord;SN60500;23.12.1975;2,2
Tafjord;SN60500;24.12.1975;-0,3
Tafjord;SN60500;25.12.1975;-2
Tafjord;SN60500;26.12.1975;-0,5
Tafjord;SN60500;27.12.1975;3,7
Tafjord;SN60500;28.12.1975;1,4
Tafjord;SN60500;29.12.1975;1
Tafjord;SN60500;30.12.1975;7,5
Tafjord;SN60500;31.12.1975;0,7
Tafjord;SN60500;01.01.1976;-2,9
Tafjord;SN60500;02.01.1976;-3,5
Tafjord;SN60500;03.01.1976;0,2
Tafjord;SN60500;04.01.1976;-3,5
Tafjord;SN60500;05.01.1976;-2
Tafjord;SN60500;06.01.1976;-5,8
Tafjord;SN60500;07.01.1976;3
Tafjord;SN60500;08.01.1976;3
Tafjord;SN60500;09.01.1976;1,1
Tafjord;SN60500;10.01.1976;3,7
Tafjord;SN60500;11.01.1976;0,1
Tafjord;SN60500;12.01.1976;-3,5
Tafjord;SN60500;13.01.1976;-0,2
Tafjord;SN60500;14.01.1976;-6,1
Tafjord;SN60500;15.01.1976;-5,6
Tafjord;SN60500;16.01.1976;3
Tafjord;SN60500;17.01.1976;0,4
Tafjord;SN60500;18.01.1976;2,1
Tafjord;SN60500;19.01.1976;0,5
Tafjord;SN60500;20.01.1976;2,7
Tafjord;SN60500;21.01.1976;0,2
Tafjord;SN60500;22.01.1976;-2,5
Tafjord;SN60500;23.01.1976;-6,2
Tafjord;SN60500;24.01.1976;-2,1
Tafjord;SN60500;25.01.1976;-4,9
Tafjord;SN60500;26.01.1976;-4,1
Tafjord;SN60500;27.01.1976;-4,1
Tafjord;SN60500;28.01.1976;1,2
Tafjord;SN60500;29.01.1976;-1,9
Tafjord;SN60500;30.01.1976;-9,5
Tafjord;SN60500;31.01.1976;-3,3
Tafjord;SN60500;01.02.1976;-0,5
Tafjord;SN60500;02.02.1976;0,3
Tafjord;SN60500;03.02.1976;-0,9
Tafjord;SN60500;04.02.1976;-2,7
Tafjord;SN60500;05.02.1976;-1
Tafjord;SN60500;06.02.1976;1,7
Tafjord;SN60500;07.02.1976;2,7
Tafjord;SN60500;08.02.1976;0,1
Tafjord;SN60500;09.02.1976;5,4
Tafjord;SN60500;10.02.1976;4,5
Tafjord;SN60500;11.02.1976;4,1
Tafjord;SN60500;12.02.1976;4,1
Tafjord;SN60500;13.02.1976;-0,4
Tafjord;SN60500;14.02.1976;0,2
Tafjord;SN60500;15.02.1976;2,2
Tafjord;SN60500;16.02.1976;7,1
Tafjord;SN60500;17.02.1976;-0,8
Tafjord;SN60500;18.02.1976;-1,9
Tafjord;SN60500;19.02.1976;-1
Tafjord;SN60500;20.02.1976;-4,8
Tafjord;SN60500;21.02.1976;-0,5
Tafjord;SN60500;22.02.1976;6,7
Tafjord;SN60500;23.02.1976;8,5
Tafjord;SN60500;24.02.1976;5,4
Tafjord;SN60500;25.02.1976;5,6
Tafjord;SN60500;26.02.1976;4,6
Tafjord;SN60500;27.02.1976;3
Tafjord;SN60500;28.02.1976;1,9
Tafjord;SN60500;29.02.1976;4
Tafjord;SN60500;01.03.1976;4,2
Tafjord;SN60500;02.03.1976;0
Tafjord;SN60500;03.03.1976;1,1
Tafjord;SN60500;04.03.1976;8,8
Tafjord;SN60500;05.03.1976;9,2
Tafjord;SN60500;06.03.1976;4,3
Tafjord;SN60500;07.03.1976;0,9
Tafjord;SN60500;08.03.1976;0,3
Tafjord;SN60500;09.03.1976;-2,8
Tafjord;SN60500;10.03.1976;-1,9
Tafjord;SN60500;11.03.1976;0,6
Tafjord;SN60500;12.03.1976;-1,4
Tafjord;SN60500;13.03.1976;-2,7
Tafjord;SN60500;14.03.1976;-3
Tafjord;SN60500;15.03.1976;-2,3
Tafjord;SN60500;16.03.1976;-2,5
Tafjord;SN60500;17.03.1976;-2,3
Tafjord;SN60500;18.03.1976;-1
Tafjord;SN60500;19.03.1976;-0,2
Tafjord;SN60500;20.03.1976;1,5
Tafjord;SN60500;21.03.1976;3,1
Tafjord;SN60500;22.03.1976;0,8
Tafjord;SN60500;23.03.1976;-1,2
Tafjord;SN60500;24.03.1976;0,1
Tafjord;SN60500;25.03.1976;2,9
Tafjord;SN60500;26.03.1976;4,1
Tafjord;SN60500;27.03.1976;5,9
Tafjord;SN60500;28.03.1976;4,3
Tafjord;SN60500;29.03.1976;4,5
Tafjord;SN60500;30.03.1976;0,8
Tafjord;SN60500;31.03.1976;1,6
Tafjord;SN60500;01.04.1976;-0,8
Tafjord;SN60500;02.04.1976;1,2
Tafjord;SN60500;03.04.1976;0,7
Tafjord;SN60500;04.04.1976;5,9
Tafjord;SN60500;05.04.1976;5,8
Tafjord;SN60500;06.04.1976;1
Tafjord;SN60500;07.04.1976;1,8
Tafjord;SN60500;08.04.1976;1,5
Tafjord;SN60500;09.04.1976;5,5
Tafjord;SN60500;10.04.1976;8,4
Tafjord;SN60500;11.04.1976;10
Tafjord;SN60500;12.04.1976;2,3
Tafjord;SN60500;13.04.1976;5,9
Tafjord;SN60500;14.04.1976;10,5
Tafjord;SN60500;15.04.1976;6,3
Tafjord;SN60500;16.04.1976;7,7
Tafjord;SN60500;17.04.1976;4,3
Tafjord;SN60500;18.04.1976;1,6
Tafjord;SN60500;19.04.1976;3
Tafjord;SN60500;20.04.1976;4,3
Tafjord;SN60500;21.04.1976;3,5
Tafjord;SN60500;22.04.1976;3,4
Tafjord;SN60500;23.04.1976;5,7
Tafjord;SN60500;24.04.1976;5,6
Tafjord;SN60500;25.04.1976;3,5
Tafjord;SN60500;26.04.1976;2
Tafjord;SN60500;27.04.1976;1,4
Tafjord;SN60500;28.04.1976;2,5
Tafjord;SN60500;29.04.1976;3,4
Tafjord;SN60500;30.04.1976;1,9
Tafjord;SN60500;01.05.1976;3,3
Tafjord;SN60500;02.05.1976;9,4
Tafjord;SN60500;03.05.1976;8,5
Tafjord;SN60500;04.05.1976;6,2
Tafjord;SN60500;05.05.1976;6,3
Tafjord;SN60500;06.05.1976;6,7
Tafjord;SN60500;07.05.1976;9,1
Tafjord;SN60500;08.05.1976;12,1
Tafjord;SN60500;09.05.1976;10,6
Tafjord;SN60500;10.05.1976;8,6
Tafjord;SN60500;11.05.1976;9,6
Tafjord;SN60500;12.05.1976;9,1
Tafjord;SN60500;13.05.1976;7,3
Tafjord;SN60500;14.05.1976;7,5
Tafjord;SN60500;15.05.1976;9,2
Tafjord;SN60500;16.05.1976;12,7
Tafjord;SN60500;17.05.1976;15
Tafjord;SN60500;18.05.1976;16,5
Tafjord;SN60500;19.05.1976;16,2
Tafjord;SN60500;20.05.1976;16,8
Tafjord;SN60500;21.05.1976;15,9
Tafjord;SN60500;22.05.1976;15,9
Tafjord;SN60500;23.05.1976;12,8
Tafjord;SN60500;24.05.1976;13,3
Tafjord;SN60500;25.05.1976;13,2
Tafjord;SN60500;26.05.1976;13,4
Tafjord;SN60500;27.05.1976;13,3
Tafjord;SN60500;28.05.1976;11,6
Tafjord;SN60500;29.05.1976;9,6
Tafjord;SN60500;30.05.1976;10,6
Tafjord;SN60500;31.05.1976;10
Tafjord;SN60500;01.06.1976;9,3
Tafjord;SN60500;02.06.1976;10,5
Tafjord;SN60500;03.06.1976;9,2
Tafjord;SN60500;04.06.1976;9
Tafjord;SN60500;05.06.1976;8,2
Tafjord;SN60500;06.06.1976;8,4
Tafjord;SN60500;07.06.1976;9,4
Tafjord;SN60500;08.06.1976;10,4
Tafjord;SN60500;09.06.1976;15,8
Tafjord;SN60500;10.06.1976;18,2
Tafjord;SN60500;11.06.1976;12,4
Tafjord;SN60500;12.06.1976;13,7
Tafjord;SN60500;13.06.1976;12,9
Tafjord;SN60500;14.06.1976;11,9
Tafjord;SN60500;15.06.1976;10,8
Tafjord;SN60500;16.06.1976;12,3
Tafjord;SN60500;17.06.1976;13,6
Tafjord;SN60500;18.06.1976;12,6
Tafjord;SN60500;19.06.1976;11,3
Tafjord;SN60500;20.06.1976;10,1
Tafjord;SN60500;21.06.1976;10,9
Tafjord;SN60500;22.06.1976;11,5
Tafjord;SN60500;23.06.1976;12,9
Tafjord;SN60500;24.06.1976;15,1
Tafjord;SN60500;25.06.1976;14,9
Tafjord;SN60500;26.06.1976;13,6
Tafjord;SN60500;27.06.1976;12,8
Tafjord;SN60500;28.06.1976;12,1
Tafjord;SN60500;29.06.1976;11,9
Tafjord;SN60500;30.06.1976;12
Tafjord;SN60500;01.07.1976;10,9
Tafjord;SN60500;02.07.1976;11,7
Tafjord;SN60500;03.07.1976;12
Tafjord;SN60500;04.07.1976;11,4
Tafjord;SN60500;05.07.1976;12,8
Tafjord;SN60500;06.07.1976;14,5
Tafjord;SN60500;07.07.1976;15,6
Tafjord;SN60500;08.07.1976;15,7
Tafjord;SN60500;09.07.1976;16
Tafjord;SN60500;10.07.1976;15,2
Tafjord;SN60500;11.07.1976;14,3
Tafjord;SN60500;12.07.1976;14
Tafjord;SN60500;13.07.1976;15,2
Tafjord;SN60500;14.07.1976;16,4
Tafjord;SN60500;15.07.1976;16,1
Tafjord;SN60500;16.07.1976;16,3
Tafjord;SN60500;17.07.1976;15,1
Tafjord;SN60500;18.07.1976;15,3
Tafjord;SN60500;19.07.1976;17,5
Tafjord;SN60500;20.07.1976;15,5
Tafjord;SN60500;21.07.1976;13,2
Tafjord;SN60500;22.07.1976;13,2
Tafjord;SN60500;23.07.1976;13,3
Tafjord;SN60500;24.07.1976;14,5
Tafjord;SN60500;25.07.1976;13,5
Tafjord;SN60500;26.07.1976;10,7
Tafjord;SN60500;27.07.1976;11,3
Tafjord;SN60500;28.07.1976;10,5
Tafjord;SN60500;29.07.1976;9,7
Tafjord;SN60500;30.07.1976;10,6
Tafjord;SN60500;31.07.1976;9,7
Tafjord;SN60500;01.08.1976;9,2
Tafjord;SN60500;02.08.1976;10,1
Tafjord;SN60500;03.08.1976;9,8
Tafjord;SN60500;04.08.1976;10
Tafjord;SN60500;05.08.1976;11,1
Tafjord;SN60500;06.08.1976;12,4
Tafjord;SN60500;07.08.1976;12
Tafjord;SN60500;08.08.1976;14,1
Tafjord;SN60500;09.08.1976;14,4
Tafjord;SN60500;10.08.1976;15,2
Tafjord;SN60500;11.08.1976;15,8
Tafjord;SN60500;12.08.1976;15,7
Tafjord;SN60500;13.08.1976;15,1
Tafjord;SN60500;14.08.1976;15,3
Tafjord;SN60500;15.08.1976;13,3
Tafjord;SN60500;16.08.1976;13,2
Tafjord;SN60500;17.08.1976;13,9
Tafjord;SN60500;18.08.1976;15,3
Tafjord;SN60500;19.08.1976;15,8
Tafjord;SN60500;20.08.1976;15
Tafjord;SN60500;21.08.1976;13,8
Tafjord;SN60500;22.08.1976;13,7
Tafjord;SN60500;23.08.1976;13,8
Tafjord;SN60500;24.08.1976;12,5
Tafjord;SN60500;25.08.1976;12,3
Tafjord;SN60500;26.08.1976;13,5
Tafjord;SN60500;27.08.1976;11,4
Tafjord;SN60500;28.08.1976;12,8
Tafjord;SN60500;29.08.1976;12,8
Tafjord;SN60500;30.08.1976;12,5
Tafjord;SN60500;31.08.1976;10,3
Tafjord;SN60500;01.09.1976;6,4
Tafjord;SN60500;02.09.1976;7,2
Tafjord;SN60500;03.09.1976;7,1
Tafjord;SN60500;04.09.1976;7,5
Tafjord;SN60500;05.09.1976;8,5
Tafjord;SN60500;06.09.1976;9,6
Tafjord;SN60500;07.09.1976;6,3
Tafjord;SN60500;08.09.1976;6,3
Tafjord;SN60500;09.09.1976;5,1
Tafjord;SN60500;10.09.1976;6,5
Tafjord;SN60500;11.09.1976;6,9
Tafjord;SN60500;12.09.1976;5,8
Tafjord;SN60500;13.09.1976;7,7
Tafjord;SN60500;14.09.1976;8,2
Tafjord;SN60500;15.09.1976;8,4
Tafjord;SN60500;16.09.1976;8,1
Tafjord;SN60500;17.09.1976;11,7
Tafjord;SN60500;18.09.1976;14,9
Tafjord;SN60500;19.09.1976;10,4
Tafjord;SN60500;20.09.1976;8,9
Tafjord;SN60500;21.09.1976;7,6
Tafjord;SN60500;22.09.1976;7,6
Tafjord;SN60500;23.09.1976;5,9
Tafjord;SN60500;24.09.1976;6,3
Tafjord;SN60500;25.09.1976;6,5
Tafjord;SN60500;26.09.1976;7,6
Tafjord;SN60500;27.09.1976;4
Tafjord;SN60500;28.09.1976;3,7
Tafjord;SN60500;29.09.1976;9,7
Tafjord;SN60500;30.09.1976;6,7
Tafjord;SN60500;01.10.1976;4,8
Tafjord;SN60500;02.10.1976;2,6
Tafjord;SN60500;03.10.1976;11,3
Tafjord;SN60500;04.10.1976;14
Tafjord;SN60500;05.10.1976;14,9
Tafjord;SN60500;06.10.1976;15,1
Tafjord;SN60500;07.10.1976;14,3
Tafjord;SN60500;08.10.1976;10,2
Tafjord;SN60500;09.10.1976;7,4
Tafjord;SN60500;10.10.1976;11,6
Tafjord;SN60500;11.10.1976;12,2
Tafjord;SN60500;12.10.1976;15,4
Tafjord;SN60500;13.10.1976;9,9
Tafjord;SN60500;14.10.1976;7,2
Tafjord;SN60500;15.10.1976;9,1
Tafjord;SN60500;16.10.1976;10,3
Tafjord;SN60500;17.10.1976;9,4
Tafjord;SN60500;18.10.1976;8,2
Tafjord;SN60500;19.10.1976;9,6
Tafjord;SN60500;20.10.1976;9,9
Tafjord;SN60500;21.10.1976;11,5
Tafjord;SN60500;22.10.1976;12,3
Tafjord;SN60500;23.10.1976;9,1
Tafjord;SN60500;24.10.1976;13
Tafjord;SN60500;25.10.1976;6,8
Tafjord;SN60500;26.10.1976;7,1
Tafjord;SN60500;27.10.1976;10,4
Tafjord;SN60500;28.10.1976;5
Tafjord;SN60500;29.10.1976;5
Tafjord;SN60500;30.10.1976;3,8
Tafjord;SN60500;31.10.1976;2,3
Tafjord;SN60500;01.11.1976;4,7
Tafjord;SN60500;02.11.1976;7,4
Tafjord;SN60500;03.11.1976;8
Tafjord;SN60500;04.11.1976;9,6
Tafjord;SN60500;05.11.1976;9,8
Tafjord;SN60500;06.11.1976;9,6
Tafjord;SN60500;07.11.1976;12,4
Tafjord;SN60500;08.11.1976;8,6
Tafjord;SN60500;09.11.1976;6,5
Tafjord;SN60500;10.11.1976;9,8
Tafjord;SN60500;11.11.1976;4,1
Tafjord;SN60500;12.11.1976;2,7
Tafjord;SN60500;13.11.1976;0,7
Tafjord;SN60500;14.11.1976;4,4
Tafjord;SN60500;15.11.1976;2,9
Tafjord;SN60500;16.11.1976;5,2
Tafjord;SN60500;17.11.1976;5,5
Tafjord;SN60500;18.11.1976;5
Tafjord;SN60500;19.11.1976;2,4
Tafjord;SN60500;20.11.1976;6,9
Tafjord;SN60500;21.11.1976;2,1
Tafjord;SN60500;22.11.1976;-0,8
Tafjord;SN60500;23.11.1976;-0,6
Tafjord;SN60500;24.11.1976;-1,1
Tafjord;SN60500;25.11.1976;0,7
Tafjord;SN60500;26.11.1976;5,2
Tafjord;SN60500;27.11.1976;2,1
Tafjord;SN60500;28.11.1976;9,1
Tafjord;SN60500;29.11.1976;6,5
Tafjord;SN60500;30.11.1976;5,3
Tafjord;SN60500;01.12.1976;1,6
Tafjord;SN60500;02.12.1976;-4,8
Tafjord;SN60500;03.12.1976;-1,1
Tafjord;SN60500;04.12.1976;-2,2
Tafjord;SN60500;05.12.1976;5,6
Tafjord;SN60500;06.12.1976;6
Tafjord;SN60500;07.12.1976;5,6
Tafjord;SN60500;08.12.1976;7,2
Tafjord;SN60500;09.12.1976;7,1
Tafjord;SN60500;10.12.1976;1,4
Tafjord;SN60500;11.12.1976;0,8
Tafjord;SN60500;12.12.1976;0,1
Tafjord;SN60500;13.12.1976;-2,1
Tafjord;SN60500;14.12.1976;-6,7
Tafjord;SN60500;15.12.1976;-7,2
Tafjord;SN60500;16.12.1976;2,6
Tafjord;SN60500;17.12.1976;-0,6
Tafjord;SN60500;18.12.1976;-3,5
Tafjord;SN60500;19.12.1976;-1,9
Tafjord;SN60500;20.12.1976;2,4
Tafjord;SN60500;21.12.1976;0,5
Tafjord;SN60500;22.12.1976;-0,7
Tafjord;SN60500;23.12.1976;-4,9
Tafjord;SN60500;24.12.1976;-0,6
Tafjord;SN60500;25.12.1976;1,9
Tafjord;SN60500;26.12.1976;-0,7
Tafjord;SN60500;27.12.1976;-7,4
Tafjord;SN60500;28.12.1976;-9,2
Tafjord;SN60500;29.12.1976;-5,2
Tafjord;SN60500;30.12.1976;1,9
Tafjord;SN60500;31.12.1976;2,5
Tafjord;SN60500;01.01.1977;3,6
Tafjord;SN60500;02.01.1977;-0,3
Tafjord;SN60500;03.01.1977;-6,4
Tafjord;SN60500;04.01.1977;5
Tafjord;SN60500;05.01.1977;10,3
Tafjord;SN60500;06.01.1977;3,6
Tafjord;SN60500;07.01.1977;-1
Tafjord;SN60500;08.01.1977;-2,3
Tafjord;SN60500;09.01.1977;-1,8
Tafjord;SN60500;10.01.1977;-8,6
Tafjord;SN60500;11.01.1977;-3,6
Tafjord;SN60500;12.01.1977;-2,3
Tafjord;SN60500;13.01.1977;-2,1
Tafjord;SN60500;14.01.1977;-1,6
Tafjord;SN60500;15.01.1977;1,6
Tafjord;SN60500;16.01.1977;3,3
Tafjord;SN60500;17.01.1977;0,3
Tafjord;SN60500;18.01.1977;0,5
Tafjord;SN60500;19.01.1977;0,7
Tafjord;SN60500;20.01.1977;-3,6
Tafjord;SN60500;21.01.1977;-5,8
Tafjord;SN60500;22.01.1977;-0,7
Tafjord;SN60500;23.01.1977;-0,5
Tafjord;SN60500;24.01.1977;2,4
Tafjord;SN60500;25.01.1977;2,6
Tafjord;SN60500;26.01.1977;1,8
Tafjord;SN60500;27.01.1977;-2,3
Tafjord;SN60500;28.01.1977;-3,1
Tafjord;SN60500;29.01.1977;1,1
Tafjord;SN60500;30.01.1977;2,9
Tafjord;SN60500;31.01.1977;3,5
Tafjord;SN60500;01.02.1977;0,6
Tafjord;SN60500;02.02.1977;0,7
Tafjord;SN60500;03.02.1977;4,9
Tafjord;SN60500;04.02.1977;3,6
Tafjord;SN60500;05.02.1977;0,5
Tafjord;SN60500;06.02.1977;1,1
Tafjord;SN60500;07.02.1977;0,6
Tafjord;SN60500;08.02.1977;-5,2
Tafjord;SN60500;09.02.1977;-2,9
Tafjord;SN60500;10.02.1977;-5,3
Tafjord;SN60500;11.02.1977;-3,4
Tafjord;SN60500;12.02.1977;-5,5
Tafjord;SN60500;13.02.1977;-3
Tafjord;SN60500;14.02.1977;-0,6
Tafjord;SN60500;15.02.1977;2,2
Tafjord;SN60500;16.02.1977;0,7
Tafjord;SN60500;17.02.1977;-4,3
Tafjord;SN60500;18.02.1977;-1,5
Tafjord;SN60500;19.02.1977;1,1
Tafjord;SN60500;20.02.1977;2,5
Tafjord;SN60500;21.02.1977;-0,6
Tafjord;SN60500;22.02.1977;-1,1
Tafjord;SN60500;23.02.1977;-3,7
Tafjord;SN60500;24.02.1977;-2,7
Tafjord;SN60500;25.02.1977;-5,1
Tafjord;SN60500;26.02.1977;-2,7
Tafjord;SN60500;27.02.1977;-0,4
Tafjord;SN60500;28.02.1977;1,9
Tafjord;SN60500;01.03.1977;1,1
Tafjord;SN60500;02.03.1977;1,8
Tafjord;SN60500;03.03.1977;4,8
Tafjord;SN60500;04.03.1977;3,2
Tafjord;SN60500;05.03.1977;1,7
Tafjord;SN60500;06.03.1977;1,2
Tafjord;SN60500;07.03.1977;3,1
Tafjord;SN60500;08.03.1977;8,6
Tafjord;SN60500;09.03.1977;11,3
Tafjord;SN60500;10.03.1977;7,6
Tafjord;SN60500;11.03.1977;10
Tafjord;SN60500;12.03.1977;8
Tafjord;SN60500;13.03.1977;6,9
Tafjord;SN60500;14.03.1977;6,4
Tafjord;SN60500;15.03.1977;5,6
Tafjord;SN60500;16.03.1977;7,4
Tafjord;SN60500;17.03.1977;5,3
Tafjord;SN60500;18.03.1977;9,4
Tafjord;SN60500;19.03.1977;8,6
Tafjord;SN60500;20.03.1977;3,4
Tafjord;SN60500;21.03.1977;1,1
Tafjord;SN60500;22.03.1977;0,8
Tafjord;SN60500;23.03.1977;3,3
Tafjord;SN60500;24.03.1977;1,8
Tafjord;SN60500;25.03.1977;1,7
Tafjord;SN60500;26.03.1977;-0,4
Tafjord;SN60500;27.03.1977;-1,8
Tafjord;SN60500;28.03.1977;-1,7
Tafjord;SN60500;29.03.1977;-0,4
Tafjord;SN60500;30.03.1977;6,5
Tafjord;SN60500;31.03.1977;6,9
Tafjord;SN60500;01.04.1977;5,5
Tafjord;SN60500;02.04.1977;3,7
Tafjord;SN60500;03.04.1977;2,6
Tafjord;SN60500;04.04.1977;1,8
Tafjord;SN60500;05.04.1977;1,3
Tafjord;SN60500;06.04.1977;0,6
Tafjord;SN60500;07.04.1977;0,5
Tafjord;SN60500;08.04.1977;-1,7
Tafjord;SN60500;09.04.1977;-0,7
Tafjord;SN60500;10.04.1977;-0,9
Tafjord;SN60500;11.04.1977;0,4
Tafjord;SN60500;12.04.1977;5,6
Tafjord;SN60500;13.04.1977;6,6
Tafjord;SN60500;14.04.1977;2,6
Tafjord;SN60500;15.04.1977;2,4
Tafjord;SN60500;16.04.1977;0,8
Tafjord;SN60500;17.04.1977;-0,4
Tafjord;SN60500;18.04.1977;1,4
Tafjord;SN60500;19.04.1977;1
Tafjord;SN60500;20.04.1977;4,8
Tafjord;SN60500;21.04.1977;6,6
Tafjord;SN60500;22.04.1977;5,1
Tafjord;SN60500;23.04.1977;4,9
Tafjord;SN60500;24.04.1977;3,3
Tafjord;SN60500;25.04.1977;4,7
Tafjord;SN60500;26.04.1977;8,7
Tafjord;SN60500;27.04.1977;4,7
Tafjord;SN60500;28.04.1977;7,2
Tafjord;SN60500;29.04.1977;10
Tafjord;SN60500;30.04.1977;8,9
Tafjord;SN60500;01.05.1977;7,8
Tafjord;SN60500;02.05.1977;9,7
Tafjord;SN60500;03.05.1977;12,6
Tafjord;SN60500;04.05.1977;12,8
Tafjord;SN60500;05.05.1977;18,1
Tafjord;SN60500;06.05.1977;15,3
Tafjord;SN60500;07.05.1977;7,3
Tafjord;SN60500;08.05.1977;6,9
Tafjord;SN60500;09.05.1977;7,1
Tafjord;SN60500;10.05.1977;6,2
Tafjord;SN60500;11.05.1977;5,9
Tafjord;SN60500;12.05.1977;8,2
Tafjord;SN60500;13.05.1977;5,3
Tafjord;SN60500;14.05.1977;6,9
Tafjord;SN60500;15.05.1977;6,6
Tafjord;SN60500;16.05.1977;6,3
Tafjord;SN60500;17.05.1977;8,1
Tafjord;SN60500;18.05.1977;7,8
Tafjord;SN60500;19.05.1977;9,4
Tafjord;SN60500;20.05.1977;9,2
Tafjord;SN60500;21.05.1977;11,2
Tafjord;SN60500;22.05.1977;11,4
Tafjord;SN60500;23.05.1977;10,5
Tafjord;SN60500;24.05.1977;11,8
Tafjord;SN60500;25.05.1977;10
Tafjord;SN60500;26.05.1977;11
Tafjord;SN60500;27.05.1977;12,4
Tafjord;SN60500;28.05.1977;9,2
Tafjord;SN60500;29.05.1977;5,5
Tafjord;SN60500;30.05.1977;6,6
Tafjord;SN60500;31.05.1977;7
Tafjord;SN60500;01.06.1977;7,9
Tafjord;SN60500;02.06.1977;9,2
Tafjord;SN60500;03.06.1977;10,4
Tafjord;SN60500;04.06.1977;6,7
Tafjord;SN60500;05.06.1977;7,9
Tafjord;SN60500;06.06.1977;8,9
Tafjord;SN60500;07.06.1977;10,4
Tafjord;SN60500;08.06.1977;12,8
Tafjord;SN60500;09.06.1977;13,2
Tafjord;SN60500;10.06.1977;8,7
Tafjord;SN60500;11.06.1977;9,2
Tafjord;SN60500;12.06.1977;13,1
Tafjord;SN60500;13.06.1977;15,8
Tafjord;SN60500;14.06.1977;15,8
Tafjord;SN60500;15.06.1977;11,5
Tafjord;SN60500;16.06.1977;11,8
Tafjord;SN60500;17.06.1977;12,6
Tafjord;SN60500;18.06.1977;14,3
Tafjord;SN60500;19.06.1977;11,7
Tafjord;SN60500;20.06.1977;10,1
Tafjord;SN60500;21.06.1977;10,6
Tafjord;SN60500;22.06.1977;12,3
Tafjord;SN60500;23.06.1977;11,7
Tafjord;SN60500;24.06.1977;14,7
Tafjord;SN60500;25.06.1977;13,2
Tafjord;SN60500;26.06.1977;12,2
Tafjord;SN60500;27.06.1977;10,4
Tafjord;SN60500;28.06.1977;10,1
Tafjord;SN60500;29.06.1977;11,3
Tafjord;SN60500;30.06.1977;11,3
Tafjord;SN60500;01.07.1977;10,8
Tafjord;SN60500;02.07.1977;9,8
Tafjord;SN60500;03.07.1977;12,1
Tafjord;SN60500;04.07.1977;13,8
Tafjord;SN60500;05.07.1977;16,5
Tafjord;SN60500;06.07.1977;17,4
Tafjord;SN60500;07.07.1977;17,3
Tafjord;SN60500;08.07.1977;17,9
Tafjord;SN60500;09.07.1977;15,9
Tafjord;SN60500;10.07.1977;15,8
Tafjord;SN60500;11.07.1977;15,2
Tafjord;SN60500;12.07.1977;14
Tafjord;SN60500;13.07.1977;11,6
Tafjord;SN60500;14.07.1977;9,7
Tafjord;SN60500;15.07.1977;11
Tafjord;SN60500;16.07.1977;12,1
Tafjord;SN60500;17.07.1977;10,1
Tafjord;SN60500;18.07.1977;9
Tafjord;SN60500;19.07.1977;11,9
Tafjord;SN60500;20.07.1977;11,9
Tafjord;SN60500;21.07.1977;11,5
Tafjord;SN60500;22.07.1977;11,1
Tafjord;SN60500;23.07.1977;12,1
Tafjord;SN60500;24.07.1977;13,1
Tafjord;SN60500;25.07.1977;13,7
Tafjord;SN60500;26.07.1977;13,8
Tafjord;SN60500;27.07.1977;13,5
Tafjord;SN60500;28.07.1977;13,9
Tafjord;SN60500;29.07.1977;14,2
Tafjord;SN60500;30.07.1977;12,7
Tafjord;SN60500;31.07.1977;13,1
Tafjord;SN60500;01.08.1977;13,2
Tafjord;SN60500;02.08.1977;15,1
Tafjord;SN60500;03.08.1977;16,6
Tafjord;SN60500;04.08.1977;14
Tafjord;SN60500;05.08.1977;14,5
Tafjord;SN60500;06.08.1977;11,5
Tafjord;SN60500;07.08.1977;11,2
Tafjord;SN60500;08.08.1977;11,4
Tafjord;SN60500;09.08.1977;13
Tafjord;SN60500;10.08.1977;14,1
Tafjord;SN60500;11.08.1977;15,1
Tafjord;SN60500;12.08.1977;15,9
Tafjord;SN60500;13.08.1977;19,1
Tafjord;SN60500;14.08.1977;18,9
Tafjord;SN60500;15.08.1977;15,4
Tafjord;SN60500;16.08.1977;13,9
Tafjord;SN60500;17.08.1977;12,9
Tafjord;SN60500;18.08.1977;12,8
Tafjord;SN60500;19.08.1977;12,9
Tafjord;SN60500;20.08.1977;13,3
Tafjord;SN60500;21.08.1977;14,5
Tafjord;SN60500;22.08.1977;13,1
Tafjord;SN60500;23.08.1977;11,5
Tafjord;SN60500;24.08.1977;10,3
Tafjord;SN60500;25.08.1977;11,2
Tafjord;SN60500;26.08.1977;11,4
Tafjord;SN60500;27.08.1977;10,8
Tafjord;SN60500;28.08.1977;9,2
Tafjord;SN60500;29.08.1977;18,2
Tafjord;SN60500;30.08.1977;14,8
Tafjord;SN60500;31.08.1977;11,7
Tafjord;SN60500;01.09.1977;11,8
Tafjord;SN60500;02.09.1977;19,8
Tafjord;SN60500;03.09.1977;13
Tafjord;SN60500;04.09.1977;13,3
Tafjord;SN60500;05.09.1977;12,8
Tafjord;SN60500;06.09.1977;11,5
Tafjord;SN60500;07.09.1977;8
Tafjord;SN60500;08.09.1977;8,5
Tafjord;SN60500;09.09.1977;5,6
Tafjord;SN60500;10.09.1977;5,5
Tafjord;SN60500;11.09.1977;5,7
Tafjord;SN60500;12.09.1977;5,7
Tafjord;SN60500;13.09.1977;6,6
Tafjord;SN60500;14.09.1977;7
Tafjord;SN60500;15.09.1977;6
Tafjord;SN60500;16.09.1977;7,6
Tafjord;SN60500;17.09.1977;5,8
Tafjord;SN60500;18.09.1977;6,7
Tafjord;SN60500;19.09.1977;7,9
Tafjord;SN60500;20.09.1977;5,8
Tafjord;SN60500;21.09.1977;6,3
Tafjord;SN60500;22.09.1977;5,5
Tafjord;SN60500;23.09.1977;4,6
Tafjord;SN60500;24.09.1977;5,8
Tafjord;SN60500;25.09.1977;10,1
Tafjord;SN60500;26.09.1977;13,1
Tafjord;SN60500;27.09.1977;13,8
Tafjord;SN60500;28.09.1977;14,8
Tafjord;SN60500;29.09.1977;9,6
Tafjord;SN60500;30.09.1977;7,1
Tafjord;SN60500;01.10.1977;6,3
Tafjord;SN60500;02.10.1977;5,5
Tafjord;SN60500;03.10.1977;3,8
Tafjord;SN60500;04.10.1977;7,6
Tafjord;SN60500;05.10.1977;7,6
Tafjord;SN60500;06.10.1977;5,8
Tafjord;SN60500;07.10.1977;6,8
Tafjord;SN60500;08.10.1977;12,3
Tafjord;SN60500;09.10.1977;14,4
Tafjord;SN60500;10.10.1977;11,7
Tafjord;SN60500;11.10.1977;7,6
Tafjord;SN60500;12.10.1977;11,1
Tafjord;SN60500;13.10.1977;10,9
Tafjord;SN60500;14.10.1977;8,8
Tafjord;SN60500;15.10.1977;8,5
Tafjord;SN60500;16.10.1977;11,3
Tafjord;SN60500;17.10.1977;8,3
Tafjord;SN60500;18.10.1977;7,2
Tafjord;SN60500;19.10.1977;8,9
Tafjord;SN60500;20.10.1977;15,9
Tafjord;SN60500;21.10.1977;15,2
Tafjord;SN60500;22.10.1977;16,7
Tafjord;SN60500;23.10.1977;17,6
Tafjord;SN60500;24.10.1977;13,4
Tafjord;SN60500;25.10.1977;11,5
Tafjord;SN60500;26.10.1977;10,5
Tafjord;SN60500;27.10.1977;13,7
Tafjord;SN60500;28.10.1977;12
Tafjord;SN60500;29.10.1977;9,2
Tafjord;SN60500;30.10.1977;15,4
Tafjord;SN60500;31.10.1977;17,7
Tafjord;SN60500;01.11.1977;10,6
Tafjord;SN60500;02.11.1977;11,3
Tafjord;SN60500;03.11.1977;11,1
Tafjord;SN60500;04.11.1977;7,8
Tafjord;SN60500;05.11.1977;5,4
Tafjord;SN60500;06.11.1977;11,3
Tafjord;SN60500;07.11.1977;13,2
Tafjord;SN60500;08.11.1977;7,2
Tafjord;SN60500;09.11.1977;7
Tafjord;SN60500;10.11.1977;6,3
Tafjord;SN60500;11.11.1977;9,7
Tafjord;SN60500;12.11.1977;6,5
Tafjord;SN60500;13.11.1977;5,7
Tafjord;SN60500;14.11.1977;5,7
Tafjord;SN60500;15.11.1977;1,8
Tafjord;SN60500;16.11.1977;0,6
Tafjord;SN60500;17.11.1977;-1,4
Tafjord;SN60500;18.11.1977;-1,9
Tafjord;SN60500;19.11.1977;-4,6
Tafjord;SN60500;20.11.1977;-3,5
Tafjord;SN60500;21.11.1977;-2,9
Tafjord;SN60500;22.11.1977;-3,2
Tafjord;SN60500;23.11.1977;0,7
Tafjord;SN60500;24.11.1977;-2
Tafjord;SN60500;25.11.1977;-3,3
Tafjord;SN60500;26.11.1977;-1
Tafjord;SN60500;27.11.1977;0,7
Tafjord;SN60500;28.11.1977;1
Tafjord;SN60500;29.11.1977;1,7
Tafjord;SN60500;30.11.1977;1,9
Tafjord;SN60500;01.12.1977;2,5
Tafjord;SN60500;02.12.1977;1,9
Tafjord;SN60500;03.12.1977;-1,3
Tafjord;SN60500;04.12.1977;-0,6
Tafjord;SN60500;05.12.1977;-2,5
Tafjord;SN60500;06.12.1977;4,1
Tafjord;SN60500;07.12.1977;0,7
Tafjord;SN60500;08.12.1977;5,9
Tafjord;SN60500;09.12.1977;8,9
Tafjord;SN60500;10.12.1977;9,5
Tafjord;SN60500;11.12.1977;6,6
Tafjord;SN60500;12.12.1977;8,3
Tafjord;SN60500;13.12.1977;5,6
Tafjord;SN60500;14.12.1977;4,5
Tafjord;SN60500;15.12.1977;7,2
Tafjord;SN60500;16.12.1977;6,7
Tafjord;SN60500;17.12.1977;4
Tafjord;SN60500;18.12.1977;5,4
Tafjord;SN60500;19.12.1977;5
Tafjord;SN60500;20.12.1977;-1,2
Tafjord;SN60500;21.12.1977;4,7
Tafjord;SN60500;22.12.1977;6,8
Tafjord;SN60500;23.12.1977;8,6
Tafjord;SN60500;24.12.1977;6
Tafjord;SN60500;25.12.1977;4,4
Tafjord;SN60500;26.12.1977;3,8
Tafjord;SN60500;27.12.1977;7
Tafjord;SN60500;28.12.1977;2,4
Tafjord;SN60500;29.12.1977;2,4
Tafjord;SN60500;30.12.1977;-3,9
Tafjord;SN60500;31.12.1977;-2,6
Tafjord;SN60500;01.01.1978;3,3
Tafjord;SN60500;02.01.1978;0,2
Tafjord;SN60500;03.01.1978;-3,8
Tafjord;SN60500;04.01.1978;-9,3
Tafjord;SN60500;05.01.1978;1,9
Tafjord;SN60500;06.01.1978;2,6
Tafjord;SN60500;07.01.1978;4,7
Tafjord;SN60500;08.01.1978;4,2
Tafjord;SN60500;09.01.1978;5,8
Tafjord;SN60500;10.01.1978;1,9
Tafjord;SN60500;11.01.1978;-0,3
Tafjord;SN60500;12.01.1978;-3,5
Tafjord;SN60500;13.01.1978;3,1
Tafjord;SN60500;14.01.1978;2,8
Tafjord;SN60500;15.01.1978;4,2
Tafjord;SN60500;16.01.1978;4,2
Tafjord;SN60500;17.01.1978;1,4
Tafjord;SN60500;18.01.1978;5,3
Tafjord;SN60500;19.01.1978;5,4
Tafjord;SN60500;20.01.1978;4,5
Tafjord;SN60500;21.01.1978;3,1
Tafjord;SN60500;22.01.1978;2,3
Tafjord;SN60500;23.01.1978;0,2
Tafjord;SN60500;24.01.1978;0
Tafjord;SN60500;25.01.1978;-3,3
Tafjord;SN60500;26.01.1978;-2,2
Tafjord;SN60500;27.01.1978;-0,6
Tafjord;SN60500;28.01.1978;-2,2
Tafjord;SN60500;29.01.1978;2,4
Tafjord;SN60500;30.01.1978;-2,9
Tafjord;SN60500;31.01.1978;-1
Tafjord;SN60500;01.02.1978;2,1
Tafjord;SN60500;02.02.1978;0,9
Tafjord;SN60500;03.02.1978;1,7
Tafjord;SN60500;04.02.1978;0,6
Tafjord;SN60500;05.02.1978;-0,4
Tafjord;SN60500;06.02.1978;-1,5
Tafjord;SN60500;07.02.1978;-4,9
Tafjord;SN60500;08.02.1978;-2
Tafjord;SN60500;09.02.1978;-6,7
Tafjord;SN60500;10.02.1978;-7,2
Tafjord;SN60500;11.02.1978;-4,1
Tafjord;SN60500;12.02.1978;-2,6
Tafjord;SN60500;13.02.1978;-1,6
Tafjord;SN60500;14.02.1978;-5,7
Tafjord;SN60500;15.02.1978;-4,3
Tafjord;SN60500;16.02.1978;-7
Tafjord;SN60500;17.02.1978;-5
Tafjord;SN60500;18.02.1978;-4,8
Tafjord;SN60500;19.02.1978;-4,9
Tafjord;SN60500;20.02.1978;-1,2
Tafjord;SN60500;21.02.1978;-2,6
Tafjord;SN60500;22.02.1978;-5,5
Tafjord;SN60500;23.02.1978;-3,5
Tafjord;SN60500;24.02.1978;1,4
Tafjord;SN60500;25.02.1978;7,1
Tafjord;SN60500;26.02.1978;10,8
Tafjord;SN60500;27.02.1978;11,1
Tafjord;SN60500;28.02.1978;10,2
Tafjord;SN60500;01.03.1978;5,7
Tafjord;SN60500;02.03.1978;6,8
Tafjord;SN60500;03.03.1978;9,5
Tafjord;SN60500;04.03.1978;7
Tafjord;SN60500;05.03.1978;2,7
Tafjord;SN60500;06.03.1978;0,9
Tafjord;SN60500;07.03.1978;3,6
Tafjord;SN60500;08.03.1978;6
Tafjord;SN60500;09.03.1978;5,2
Tafjord;SN60500;10.03.1978;4,2
Tafjord;SN60500;11.03.1978;3,4
Tafjord;SN60500;12.03.1978;7,9
Tafjord;SN60500;13.03.1978;5,8
Tafjord;SN60500;14.03.1978;2,4
Tafjord;SN60500;15.03.1978;-1,2
Tafjord;SN60500;16.03.1978;-4,8
Tafjord;SN60500;17.03.1978;-5,7
Tafjord;SN60500;18.03.1978;-2,6
Tafjord;SN60500;19.03.1978;0,5
Tafjord;SN60500;20.03.1978;0,5
Tafjord;SN60500;21.03.1978;-3,4
Tafjord;SN60500;22.03.1978;-0,2
Tafjord;SN60500;23.03.1978;3,6
Tafjord;SN60500;24.03.1978;3,6
Tafjord;SN60500;25.03.1978;4,5
Tafjord;SN60500;26.03.1978;3
Tafjord;SN60500;27.03.1978;4,1
Tafjord;SN60500;28.03.1978;5,9
Tafjord;SN60500;29.03.1978;9,4
Tafjord;SN60500;30.03.1978;8,9
Tafjord;SN60500;31.03.1978;8,7
Tafjord;SN60500;01.04.1978;5,9
Tafjord;SN60500;02.04.1978;7,3
Tafjord;SN60500;03.04.1978;6,5
Tafjord;SN60500;04.04.1978;4,2
Tafjord;SN60500;05.04.1978;3
Tafjord;SN60500;06.04.1978;4
Tafjord;SN60500;07.04.1978;5,1
Tafjord;SN60500;08.04.1978;6,3
Tafjord;SN60500;09.04.1978;3,9
Tafjord;SN60500;10.04.1978;0,9
Tafjord;SN60500;11.04.1978;0,8
Tafjord;SN60500;12.04.1978;-0,1
Tafjord;SN60500;13.04.1978;0,8
Tafjord;SN60500;14.04.1978;0,6
Tafjord;SN60500;15.04.1978;2,7
Tafjord;SN60500;16.04.1978;2,7
Tafjord;SN60500;17.04.1978;3,1
Tafjord;SN60500;18.04.1978;6,1
Tafjord;SN60500;19.04.1978;6,8
Tafjord;SN60500;20.04.1978;10,4
Tafjord;SN60500;21.04.1978;11,2
Tafjord;SN60500;22.04.1978;10,6
Tafjord;SN60500;23.04.1978;6,1
Tafjord;SN60500;24.04.1978;4,2
Tafjord;SN60500;25.04.1978;2,5
Tafjord;SN60500;26.04.1978;4,1
Tafjord;SN60500;27.04.1978;4,6
Tafjord;SN60500;28.04.1978;4,6
Tafjord;SN60500;29.04.1978;5,3
Tafjord;SN60500;30.04.1978;6,8
Tafjord;SN60500;01.05.1978;7,3
Tafjord;SN60500;02.05.1978;5,8
Tafjord;SN60500;03.05.1978;5,5
Tafjord;SN60500;04.05.1978;6,6
Tafjord;SN60500;05.05.1978;6,5
Tafjord;SN60500;06.05.1978;6,3
Tafjord;SN60500;07.05.1978;11,7
Tafjord;SN60500;08.05.1978;9,6
Tafjord;SN60500;09.05.1978;9,7
Tafjord;SN60500;10.05.1978;10,3
Tafjord;SN60500;11.05.1978;10,5
Tafjord;SN60500;12.05.1978;11,3
Tafjord;SN60500;13.05.1978;7,1
Tafjord;SN60500;14.05.1978;8,5
Tafjord;SN60500;15.05.1978;7,7
Tafjord;SN60500;16.05.1978;9,6
Tafjord;SN60500;17.05.1978;9,5
Tafjord;SN60500;18.05.1978;12,1
Tafjord;SN60500;19.05.1978;14,4
Tafjord;SN60500;20.05.1978;11,8
Tafjord;SN60500;21.05.1978;12,5
Tafjord;SN60500;22.05.1978;15
Tafjord;SN60500;23.05.1978;16,9
Tafjord;SN60500;24.05.1978;13,7
Tafjord;SN60500;25.05.1978;8,4
Tafjord;SN60500;26.05.1978;14,2
Tafjord;SN60500;27.05.1978;11,9
Tafjord;SN60500;28.05.1978;11,7
Tafjord;SN60500;29.05.1978;14,4
Tafjord;SN60500;30.05.1978;14,7
Tafjord;SN60500;31.05.1978;14,5
Tafjord;SN60500;01.06.1978;15
Tafjord;SN60500;02.06.1978;15,2
Tafjord;SN60500;03.06.1978;13,8
Tafjord;SN60500;04.06.1978;14,6
Tafjord;SN60500;05.06.1978;15,4
Tafjord;SN60500;06.06.1978;15,1
Tafjord;SN60500;07.06.1978;15,7
Tafjord;SN60500;08.06.1978;10,7
Tafjord;SN60500;09.06.1978;11,1
Tafjord;SN60500;10.06.1978;9,5
Tafjord;SN60500;11.06.1978;9,1
Tafjord;SN60500;12.06.1978;10
Tafjord;SN60500;13.06.1978;11,3
Tafjord;SN60500;14.06.1978;11,8
Tafjord;SN60500;15.06.1978;13,8
Tafjord;SN60500;16.06.1978;14,8
Tafjord;SN60500;17.06.1978;13,7
Tafjord;SN60500;18.06.1978;13,6
Tafjord;SN60500;19.06.1978;12,5
Tafjord;SN60500;20.06.1978;13,2
Tafjord;SN60500;21.06.1978;13,5
Tafjord;SN60500;22.06.1978;15,7
Tafjord;SN60500;23.06.1978;19,8
Tafjord;SN60500;24.06.1978;13,3
Tafjord;SN60500;25.06.1978;16,7
Tafjord;SN60500;26.06.1978;13,8
Tafjord;SN60500;27.06.1978;11
Tafjord;SN60500;28.06.1978;14,2
Tafjord;SN60500;29.06.1978;15
Tafjord;SN60500;30.06.1978;15,1
Tafjord;SN60500;01.07.1978;14,1
Tafjord;SN60500;02.07.1978;14,6
Tafjord;SN60500;03.07.1978;17,3
Tafjord;SN60500;04.07.1978;16,3
Tafjord;SN60500;05.07.1978;14,3
Tafjord;SN60500;06.07.1978;14,9
Tafjord;SN60500;07.07.1978;14
Tafjord;SN60500;08.07.1978;17,1
Tafjord;SN60500;09.07.1978;17,8
Tafjord;SN60500;10.07.1978;14
Tafjord;SN60500;11.07.1978;16
Tafjord;SN60500;12.07.1978;14,4
Tafjord;SN60500;13.07.1978;14,2
Tafjord;SN60500;14.07.1978;10,7
Tafjord;SN60500;15.07.1978;9,2
Tafjord;SN60500;16.07.1978;9,1
Tafjord;SN60500;17.07.1978;10,5
Tafjord;SN60500;18.07.1978;11,5
Tafjord;SN60500;19.07.1978;12,7
Tafjord;SN60500;20.07.1978;12,7
Tafjord;SN60500;21.07.1978;12,4
Tafjord;SN60500;22.07.1978;14,4
Tafjord;SN60500;23.07.1978;14,4
Tafjord;SN60500;24.07.1978;17,6
Tafjord;SN60500;25.07.1978;14,3
Tafjord;SN60500;26.07.1978;13,7
Tafjord;SN60500;27.07.1978;20
Tafjord;SN60500;28.07.1978;21,4
Tafjord;SN60500;29.07.1978;17,7
Tafjord;SN60500;30.07.1978;16,8
Tafjord;SN60500;31.07.1978;17,5
Tafjord;SN60500;01.08.1978;17,9
Tafjord;SN60500;02.08.1978;18,9
Tafjord;SN60500;03.08.1978;17,2
Tafjord;SN60500;04.08.1978;16,6
Tafjord;SN60500;05.08.1978;17
Tafjord;SN60500;06.08.1978;17,1
Tafjord;SN60500;07.08.1978;16,8
Tafjord;SN60500;08.08.1978;16,3
Tafjord;SN60500;09.08.1978;15,4
Tafjord;SN60500;10.08.1978;14,9
Tafjord;SN60500;11.08.1978;14,7
Tafjord;SN60500;12.08.1978;13,8
Tafjord;SN60500;13.08.1978;12,8
Tafjord;SN60500;14.08.1978;13,8
Tafjord;SN60500;15.08.1978;18,5
Tafjord;SN60500;16.08.1978;15,9
Tafjord;SN60500;17.08.1978;14,6
Tafjord;SN60500;18.08.1978;13,7
Tafjord;SN60500;19.08.1978;13,9
Tafjord;SN60500;20.08.1978;14,5
Tafjord;SN60500;21.08.1978;16,4
Tafjord;SN60500;22.08.1978;13,7
Tafjord;SN60500;23.08.1978;11,7
Tafjord;SN60500;24.08.1978;11,5
Tafjord;SN60500;25.08.1978;8,3
Tafjord;SN60500;26.08.1978;8,6
Tafjord;SN60500;27.08.1978;8,5
Tafjord;SN60500;28.08.1978;9
Tafjord;SN60500;29.08.1978;7,8
Tafjord;SN60500;30.08.1978;8,2
Tafjord;SN60500;31.08.1978;10,8
Tafjord;SN60500;01.09.1978;8,9
Tafjord;SN60500;02.09.1978;10,8
Tafjord;SN60500;03.09.1978;9,9
Tafjord;SN60500;04.09.1978;11,5
Tafjord;SN60500;05.09.1978;11,8
Tafjord;SN60500;06.09.1978;14
Tafjord;SN60500;07.09.1978;10,1
Tafjord;SN60500;08.09.1978;15,8
Tafjord;SN60500;09.09.1978;16,3
Tafjord;SN60500;10.09.1978;11,3
Tafjord;SN60500;11.09.1978;10,2
Tafjord;SN60500;12.09.1978;8,7
Tafjord;SN60500;13.09.1978;7,3
Tafjord;SN60500;14.09.1978;11,3
Tafjord;SN60500;15.09.1978;10,4
Tafjord;SN60500;16.09.1978;12,9
Tafjord;SN60500;17.09.1978;9,3
Tafjord;SN60500;18.09.1978;3,5
Tafjord;SN60500;19.09.1978;5,4
Tafjord;SN60500;20.09.1978;5,2
Tafjord;SN60500;21.09.1978;6,7
Tafjord;SN60500;22.09.1978;6,6
Tafjord;SN60500;23.09.1978;9,1
Tafjord;SN60500;24.09.1978;8,4
Tafjord;SN60500;25.09.1978;8
Tafjord;SN60500;26.09.1978;7,1
Tafjord;SN60500;27.09.1978;6,7
Tafjord;SN60500;28.09.1978;8,2
Tafjord;SN60500;29.09.1978;9,9
Tafjord;SN60500;30.09.1978;10,9
Tafjord;SN60500;01.10.1978;6,8
Tafjord;SN60500;02.10.1978;10,1
Tafjord;SN60500;03.10.1978;10,8
Tafjord;SN60500;04.10.1978;9,1
Tafjord;SN60500;05.10.1978;6,3
Tafjord;SN60500;06.10.1978;5,7
Tafjord;SN60500;07.10.1978;8,8
Tafjord;SN60500;08.10.1978;9,8
Tafjord;SN60500;09.10.1978;11,5
Tafjord;SN60500;10.10.1978;9,9
Tafjord;SN60500;11.10.1978;7,9
Tafjord;SN60500;12.10.1978;20
Tafjord;SN60500;13.10.1978;10,3
Tafjord;SN60500;14.10.1978;7,1
Tafjord;SN60500;15.10.1978;4,4
Tafjord;SN60500;16.10.1978;10,3
Tafjord;SN60500;17.10.1978;5,4
Tafjord;SN60500;18.10.1978;8,3
Tafjord;SN60500;19.10.1978;10,1
Tafjord;SN60500;20.10.1978;3,4
Tafjord;SN60500;21.10.1978;2,5
Tafjord;SN60500;22.10.1978;2,7
Tafjord;SN60500;23.10.1978;5
Tafjord;SN60500;24.10.1978;2,9
Tafjord;SN60500;25.10.1978;3,6
Tafjord;SN60500;26.10.1978;3,7
Tafjord;SN60500;27.10.1978;7,2
Tafjord;SN60500;28.10.1978;7,1
Tafjord;SN60500;29.10.1978;4,2
Tafjord;SN60500;30.10.1978;5,6
Tafjord;SN60500;31.10.1978;8,6
Tafjord;SN60500;01.11.1978;9
Tafjord;SN60500;02.11.1978;8,7
Tafjord;SN60500;03.11.1978;7,9
Tafjord;SN60500;04.11.1978;4
Tafjord;SN60500;05.11.1978;9,3
Tafjord;SN60500;06.11.1978;7,2
Tafjord;SN60500;07.11.1978;12,9
Tafjord;SN60500;08.11.1978;15,2
Tafjord;SN60500;09.11.1978;11,4
Tafjord;SN60500;10.11.1978;6,7
Tafjord;SN60500;11.11.1978;5,7
Tafjord;SN60500;12.11.1978;12,4
Tafjord;SN60500;13.11.1978;5,4
Tafjord;SN60500;14.11.1978;6,4
Tafjord;SN60500;15.11.1978;3,1
Tafjord;SN60500;16.11.1978;2,8
Tafjord;SN60500;17.11.1978;3,4
Tafjord;SN60500;18.11.1978;4,4
Tafjord;SN60500;19.11.1978;4,7
Tafjord;SN60500;20.11.1978;1,9
Tafjord;SN60500;21.11.1978;5,8
Tafjord;SN60500;22.11.1978;3,4
Tafjord;SN60500;23.11.1978;2
Tafjord;SN60500;24.11.1978;0,5
Tafjord;SN60500;25.11.1978;-0,4
Tafjord;SN60500;26.11.1978;-1,4
Tafjord;SN60500;27.11.1978;-4,4
Tafjord;SN60500;28.11.1978;-5,6
Tafjord;SN60500;29.11.1978;-0,8
Tafjord;SN60500;30.11.1978;-2,2
Tafjord;SN60500;01.12.1978;-5
Tafjord;SN60500;02.12.1978;-0,3
Tafjord;SN60500;03.12.1978;4,1
Tafjord;SN60500;04.12.1978;1,4
Tafjord;SN60500;05.12.1978;-4,2
Tafjord;SN60500;06.12.1978;-2,6
Tafjord;SN60500;07.12.1978;0
Tafjord;SN60500;08.12.1978;0,4
Tafjord;SN60500;09.12.1978;-1,4
Tafjord;SN60500;10.12.1978;-5,9
Tafjord;SN60500;11.12.1978;6,1
Tafjord;SN60500;12.12.1978;7,2
Tafjord;SN60500;13.12.1978;5,1
Tafjord;SN60500;14.12.1978;4,1
Tafjord;SN60500;15.12.1978;-1,8
Tafjord;SN60500;16.12.1978;-3,3
Tafjord;SN60500;17.12.1978;-4,4
Tafjord;SN60500;18.12.1978;0,3
Tafjord;SN60500;19.12.1978;1,6
Tafjord;SN60500;20.12.1978;1,7
Tafjord;SN60500;21.12.1978;3,3
Tafjord;SN60500;22.12.1978;-0,2
Tafjord;SN60500;23.12.1978;-2,1
Tafjord;SN60500;24.12.1978;-2,2
Tafjord;SN60500;25.12.1978;-4,7
Tafjord;SN60500;26.12.1978;-3,4
Tafjord;SN60500;27.12.1978;-9,5
Tafjord;SN60500;28.12.1978;-6,5
Tafjord;SN60500;29.12.1978;-10,8
Tafjord;SN60500;30.12.1978;-12,5
Tafjord;SN60500;31.12.1978;-14,7
Tafjord;SN60500;01.01.1979;-14,1
Tafjord;SN60500;02.01.1979;-9,1
Tafjord;SN60500;03.01.1979;-1,5
Tafjord;SN60500;04.01.1979;-2,7
Tafjord;SN60500;05.01.1979;-4,1
Tafjord;SN60500;06.01.1979;1
Tafjord;SN60500;07.01.1979;3,2
Tafjord;SN60500;08.01.1979;-0,7
Tafjord;SN60500;09.01.1979;0
Tafjord;SN60500;10.01.1979;0,5
Tafjord;SN60500;11.01.1979;-0,9
Tafjord;SN60500;12.01.1979;-0,4
Tafjord;SN60500;13.01.1979;-5,3
Tafjord;SN60500;14.01.1979;-2,9
Tafjord;SN60500;15.01.1979;-2,7
Tafjord;SN60500;16.01.1979;3,7
Tafjord;SN60500;17.01.1979;2,1
Tafjord;SN60500;18.01.1979;0,9
Tafjord;SN60500;19.01.1979;-1,9
Tafjord;SN60500;20.01.1979;-2,6
Tafjord;SN60500;21.01.1979;1,2
Tafjord;SN60500;22.01.1979;-0,5
Tafjord;SN60500;23.01.1979;-1,7
Tafjord;SN60500;24.01.1979;-1,3
Tafjord;SN60500;25.01.1979;-4
Tafjord;SN60500;26.01.1979;-8
Tafjord;SN60500;27.01.1979;-5,5
Tafjord;SN60500;28.01.1979;0,9
Tafjord;SN60500;29.01.1979;-0,8
Tafjord;SN60500;30.01.1979;-1,2
Tafjord;SN60500;31.01.1979;0,6
Tafjord;SN60500;01.02.1979;-1,4
Tafjord;SN60500;02.02.1979;-4,7
Tafjord;SN60500;03.02.1979;-5,1
Tafjord;SN60500;04.02.1979;-2,6
Tafjord;SN60500;05.02.1979;-1,5
Tafjord;SN60500;06.02.1979;-0,7
Tafjord;SN60500;07.02.1979;-1
Tafjord;SN60500;08.02.1979;-1,8
Tafjord;SN60500;09.02.1979;-1
Tafjord;SN60500;10.02.1979;0,3
Tafjord;SN60500;11.02.1979;-2
Tafjord;SN60500;12.02.1979;-4,3
Tafjord;SN60500;13.02.1979;-8,2
Tafjord;SN60500;14.02.1979;-8,7
Tafjord;SN60500;15.02.1979;-6,1
Tafjord;SN60500;16.02.1979;-4,4
Tafjord;SN60500;17.02.1979;-0,9
Tafjord;SN60500;18.02.1979;1,8
Tafjord;SN60500;19.02.1979;1,6
Tafjord;SN60500;20.02.1979;1,4
Tafjord;SN60500;21.02.1979;-1
Tafjord;SN60500;22.02.1979;-3,4
Tafjord;SN60500;23.02.1979;-0,3
Tafjord;SN60500;24.02.1979;0,6
Tafjord;SN60500;25.02.1979;3,1
Tafjord;SN60500;26.02.1979;6,1
Tafjord;SN60500;27.02.1979;2,7
Tafjord;SN60500;28.02.1979;3,1
Tafjord;SN60500;01.03.1979;5
Tafjord;SN60500;02.03.1979;6,9
Tafjord;SN60500;03.03.1979;5,9
Tafjord;SN60500;04.03.1979;2,1
Tafjord;SN60500;05.03.1979;1,1
Tafjord;SN60500;06.03.1979;6,7
Tafjord;SN60500;07.03.1979;4,6
Tafjord;SN60500;08.03.1979;2,9
Tafjord;SN60500;09.03.1979;7,6
Tafjord;SN60500;10.03.1979;1,5
Tafjord;SN60500;11.03.1979;1,4
Tafjord;SN60500;12.03.1979;3,6
Tafjord;SN60500;13.03.1979;2,7
Tafjord;SN60500;14.03.1979;-0,2
Tafjord;SN60500;15.03.1979;-2,5
Tafjord;SN60500;16.03.1979;-2,3
Tafjord;SN60500;17.03.1979;-5,4
Tafjord;SN60500;18.03.1979;-6,2
Tafjord;SN60500;19.03.1979;-2
Tafjord;SN60500;20.03.1979;3,8
Tafjord;SN60500;21.03.1979;5,7
Tafjord;SN60500;22.03.1979;4,5
Tafjord;SN60500;23.03.1979;3,5
Tafjord;SN60500;24.03.1979;1,4
Tafjord;SN60500;25.03.1979;5,9
Tafjord;SN60500;26.03.1979;7,8
Tafjord;SN60500;27.03.1979;7,5
Tafjord;SN60500;28.03.1979;8,3
Tafjord;SN60500;29.03.1979;5,7
Tafjord;SN60500;30.03.1979;3,3
Tafjord;SN60500;31.03.1979;7,7
Tafjord;SN60500;01.04.1979;7
Tafjord;SN60500;02.04.1979;5,9
Tafjord;SN60500;03.04.1979;5,4
Tafjord;SN60500;04.04.1979;7,3
Tafjord;SN60500;05.04.1979;7
Tafjord;SN60500;06.04.1979;7,1
Tafjord;SN60500;07.04.1979;5,5
Tafjord;SN60500;08.04.1979;3,9
Tafjord;SN60500;09.04.1979;4,6
Tafjord;SN60500;10.04.1979;7
Tafjord;SN60500;11.04.1979;11,2
Tafjord;SN60500;12.04.1979;12,7
Tafjord;SN60500;13.04.1979;3,9
Tafjord;SN60500;14.04.1979;3,4
Tafjord;SN60500;15.04.1979;2,9
Tafjord;SN60500;16.04.1979;2,9
Tafjord;SN60500;17.04.1979;2,2
Tafjord;SN60500;18.04.1979;3
Tafjord;SN60500;19.04.1979;6,6
Tafjord;SN60500;20.04.1979;7,4
Tafjord;SN60500;21.04.1979;8,3
Tafjord;SN60500;22.04.1979;7,2
Tafjord;SN60500;23.04.1979;9,3
Tafjord;SN60500;24.04.1979;9,4
Tafjord;SN60500;25.04.1979;8,5
Tafjord;SN60500;26.04.1979;4,7
Tafjord;SN60500;27.04.1979;5,8
Tafjord;SN60500;28.04.1979;5,2
Tafjord;SN60500;29.04.1979;3,7
Tafjord;SN60500;30.04.1979;0,7
Tafjord;SN60500;01.05.1979;4
Tafjord;SN60500;02.05.1979;5,3
Tafjord;SN60500;03.05.1979;4,6
Tafjord;SN60500;04.05.1979;5,4
Tafjord;SN60500;05.05.1979;7,6
Tafjord;SN60500;06.05.1979;4,8
Tafjord;SN60500;07.05.1979;4
Tafjord;SN60500;08.05.1979;4,6
Tafjord;SN60500;09.05.1979;6,4
Tafjord;SN60500;10.05.1979;4,2
Tafjord;SN60500;11.05.1979;7,8
Tafjord;SN60500;12.05.1979;6
Tafjord;SN60500;13.05.1979;7,1
Tafjord;SN60500;14.05.1979;14,6
Tafjord;SN60500;15.05.1979;11,2
Tafjord;SN60500;16.05.1979;9
Tafjord;SN60500;17.05.1979;13
Tafjord;SN60500;18.05.1979;9,3
Tafjord;SN60500;19.05.1979;6,1
Tafjord;SN60500;20.05.1979;7,3
Tafjord;SN60500;21.05.1979;15,3
Tafjord;SN60500;22.05.1979;14,1
Tafjord;SN60500;23.05.1979;12,2
Tafjord;SN60500;24.05.1979;13,5
Tafjord;SN60500;25.05.1979;7,3
Tafjord;SN60500;26.05.1979;10,5
Tafjord;SN60500;27.05.1979;13,4
Tafjord;SN60500;28.05.1979;11,6
Tafjord;SN60500;29.05.1979;14,8
Tafjord;SN60500;30.05.1979;16
Tafjord;SN60500;31.05.1979;13,9
Tafjord;SN60500;01.06.1979;17
Tafjord;SN60500;02.06.1979;10,8
Tafjord;SN60500;03.06.1979;15,1
Tafjord;SN60500;04.06.1979;15
Tafjord;SN60500;05.06.1979;18,3
Tafjord;SN60500;06.06.1979;15,5
Tafjord;SN60500;07.06.1979;15,9
Tafjord;SN60500;08.06.1979;11,7
Tafjord;SN60500;09.06.1979;10,3
Tafjord;SN60500;10.06.1979;11,8
Tafjord;SN60500;11.06.1979;12
Tafjord;SN60500;12.06.1979;11,6
Tafjord;SN60500;13.06.1979;12,2
Tafjord;SN60500;14.06.1979;11,9
Tafjord;SN60500;15.06.1979;13,4
Tafjord;SN60500;16.06.1979;13,1
Tafjord;SN60500;17.06.1979;11,7
Tafjord;SN60500;18.06.1979;10
Tafjord;SN60500;19.06.1979;11,7
Tafjord;SN60500;20.06.1979;14,5
Tafjord;SN60500;21.06.1979;15,4
Tafjord;SN60500;22.06.1979;18,4
Tafjord;SN60500;23.06.1979;13,9
Tafjord;SN60500;24.06.1979;16,9
Tafjord;SN60500;25.06.1979;16,4
Tafjord;SN60500;26.06.1979;15,5
Tafjord;SN60500;27.06.1979;12
Tafjord;SN60500;28.06.1979;11,1
Tafjord;SN60500;29.06.1979;10,5
Tafjord;SN60500;30.06.1979;10,4
Tafjord;SN60500;01.07.1979;8,2
Tafjord;SN60500;02.07.1979;9,3
Tafjord;SN60500;03.07.1979;10,1
Tafjord;SN60500;04.07.1979;11,7
Tafjord;SN60500;05.07.1979;12,3
Tafjord;SN60500;06.07.1979;11,4
Tafjord;SN60500;07.07.1979;13,7
Tafjord;SN60500;08.07.1979;12,9
Tafjord;SN60500;09.07.1979;13
Tafjord;SN60500;10.07.1979;11,6
Tafjord;SN60500;11.07.1979;12,1
Tafjord;SN60500;12.07.1979;13
Tafjord;SN60500;13.07.1979;15,4
Tafjord;SN60500;14.07.1979;12,8
Tafjord;SN60500;15.07.1979;10,3
Tafjord;SN60500;16.07.1979;10,5
Tafjord;SN60500;17.07.1979;12
Tafjord;SN60500;18.07.1979;12,4
Tafjord;SN60500;19.07.1979;12,2
Tafjord;SN60500;20.07.1979;13,3
Tafjord;SN60500;21.07.1979;11,8
Tafjord;SN60500;22.07.1979;12
Tafjord;SN60500;23.07.1979;11,5
Tafjord;SN60500;24.07.1979;12,1
Tafjord;SN60500;25.07.1979;13,8
Tafjord;SN60500;26.07.1979;14
Tafjord;SN60500;27.07.1979;15,2
Tafjord;SN60500;28.07.1979;15,5
Tafjord;SN60500;29.07.1979;16,4
Tafjord;SN60500;30.07.1979;19,1
Tafjord;SN60500;31.07.1979;16
Tafjord;SN60500;01.08.1979;14,6
Tafjord;SN60500;02.08.1979;13,9
Tafjord;SN60500;03.08.1979;13
Tafjord;SN60500;04.08.1979;12,2
Tafjord;SN60500;05.08.1979;10,9
Tafjord;SN60500;06.08.1979;11,9
Tafjord;SN60500;07.08.1979;19,2
Tafjord;SN60500;08.08.1979;20,5
Tafjord;SN60500;09.08.1979;14,5
Tafjord;SN60500;10.08.1979;11,4
Tafjord;SN60500;11.08.1979;12,7
Tafjord;SN60500;12.08.1979;13
Tafjord;SN60500;13.08.1979;12
Tafjord;SN60500;14.08.1979;19,7
Tafjord;SN60500;15.08.1979;17,5
Tafjord;SN60500;16.08.1979;12,1
Tafjord;SN60500;17.08.1979;11,8
Tafjord;SN60500;18.08.1979;13,4
Tafjord;SN60500;19.08.1979;16,1
Tafjord;SN60500;20.08.1979;13,3
Tafjord;SN60500;21.08.1979;13,1
Tafjord;SN60500;22.08.1979;10,4
Tafjord;SN60500;23.08.1979;11,5
Tafjord;SN60500;24.08.1979;11,2
Tafjord;SN60500;25.08.1979;12,6
Tafjord;SN60500;26.08.1979;12,4
Tafjord;SN60500;27.08.1979;10,5
Tafjord;SN60500;28.08.1979;10,6
Tafjord;SN60500;29.08.1979;12,5
Tafjord;SN60500;30.08.1979;11,7
Tafjord;SN60500;31.08.1979;9,5
Tafjord;SN60500;01.09.1979;8,8
Tafjord;SN60500;02.09.1979;12,5
Tafjord;SN60500;03.09.1979;12,8
Tafjord;SN60500;04.09.1979;11,1
Tafjord;SN60500;05.09.1979;10,6
Tafjord;SN60500;06.09.1979;16,4
Tafjord;SN60500;07.09.1979;15,3
Tafjord;SN60500;08.09.1979;12,5
Tafjord;SN60500;09.09.1979;11,3
Tafjord;SN60500;10.09.1979;14,7
Tafjord;SN60500;11.09.1979;8,6
Tafjord;SN60500;12.09.1979;8,2
Tafjord;SN60500;13.09.1979;8,8
Tafjord;SN60500;14.09.1979;5,1
Tafjord;SN60500;15.09.1979;5,5
Tafjord;SN60500;16.09.1979;9,3
Tafjord;SN60500;17.09.1979;10
Tafjord;SN60500;18.09.1979;10,1
Tafjord;SN60500;19.09.1979;9,4
Tafjord;SN60500;20.09.1979;9
Tafjord;SN60500;21.09.1979;6,9
Tafjord;SN60500;22.09.1979;7,3
Tafjord;SN60500;23.09.1979;7,7
Tafjord;SN60500;24.09.1979;7,9
Tafjord;SN60500;25.09.1979;15,3
Tafjord;SN60500;26.09.1979;10,9
Tafjord;SN60500;27.09.1979;7,1
Tafjord;SN60500;28.09.1979;6,2
Tafjord;SN60500;29.09.1979;5,4
Tafjord;SN60500;30.09.1979;4,4
Tafjord;SN60500;01.10.1979;6,5
Tafjord;SN60500;02.10.1979;3,3
Tafjord;SN60500;03.10.1979;1,5
Tafjord;SN60500;04.10.1979;4,4
Tafjord;SN60500;05.10.1979;12,3
Tafjord;SN60500;06.10.1979;9,2
Tafjord;SN60500;07.10.1979;9,8
Tafjord;SN60500;08.10.1979;10,5
Tafjord;SN60500;09.10.1979;10
Tafjord;SN60500;10.10.1979;12,9
Tafjord;SN60500;11.10.1979;9,8
Tafjord;SN60500;12.10.1979;7,7
Tafjord;SN60500;13.10.1979;10,1
Tafjord;SN60500;14.10.1979;9,3
Tafjord;SN60500;15.10.1979;8
Tafjord;SN60500;16.10.1979;7,2
Tafjord;SN60500;17.10.1979;6,3
Tafjord;SN60500;18.10.1979;7,6
Tafjord;SN60500;19.10.1979;10,5
Tafjord;SN60500;20.10.1979;8,4
Tafjord;SN60500;21.10.1979;3,1
Tafjord;SN60500;22.10.1979;1,2
Tafjord;SN60500;23.10.1979;0
Tafjord;SN60500;24.10.1979;9,1
Tafjord;SN60500;25.10.1979;12,2
Tafjord;SN60500;26.10.1979;13,6
Tafjord;SN60500;27.10.1979;9,2
Tafjord;SN60500;28.10.1979;8,8
Tafjord;SN60500;29.10.1979;6,8
Tafjord;SN60500;30.10.1979;5,8
Tafjord;SN60500;31.10.1979;6,9
Tafjord;SN60500;01.11.1979;6,5
Tafjord;SN60500;02.11.1979;6
Tafjord;SN60500;03.11.1979;8,6
Tafjord;SN60500;04.11.1979;7,4
Tafjord;SN60500;05.11.1979;5,2
Tafjord;SN60500;06.11.1979;3,7
Tafjord;SN60500;07.11.1979;4,9
Tafjord;SN60500;08.11.1979;2,4
Tafjord;SN60500;09.11.1979;2,2
Tafjord;SN60500;10.11.1979;0,4
Tafjord;SN60500;11.11.1979;3,1
Tafjord;SN60500;12.11.1979;1,3
Tafjord;SN60500;13.11.1979;-2,2
Tafjord;SN60500;14.11.1979;-1,1
Tafjord;SN60500;15.11.1979;1,1
Tafjord;SN60500;16.11.1979;2,1
Tafjord;SN60500;17.11.1979;3
Tafjord;SN60500;18.11.1979;9
Tafjord;SN60500;19.11.1979;7,2
Tafjord;SN60500;20.11.1979;0
Tafjord;SN60500;21.11.1979;10,6
Tafjord;SN60500;22.11.1979;5,6
Tafjord;SN60500;23.11.1979;4,2
Tafjord;SN60500;24.11.1979;4,7
Tafjord;SN60500;25.11.1979;3,7
Tafjord;SN60500;26.11.1979;3,7
Tafjord;SN60500;27.11.1979;2,3
Tafjord;SN60500;28.11.1979;5
Tafjord;SN60500;29.11.1979;6
Tafjord;SN60500;30.11.1979;3,5
Tafjord;SN60500;01.12.1979;4,2
Tafjord;SN60500;02.12.1979;7,5
Tafjord;SN60500;03.12.1979;6,5
Tafjord;SN60500;04.12.1979;5,8
Tafjord;SN60500;05.12.1979;3
Tafjord;SN60500;06.12.1979;1,6
Tafjord;SN60500;07.12.1979;0,3
Tafjord;SN60500;08.12.1979;-4,3
Tafjord;SN60500;09.12.1979;-1,2
Tafjord;SN60500;10.12.1979;-1,5
Tafjord;SN60500;11.12.1979;-3,2
Tafjord;SN60500;12.12.1979;-5,9
Tafjord;SN60500;13.12.1979;1,6
Tafjord;SN60500;14.12.1979;1,5
Tafjord;SN60500;15.12.1979;-2,5
Tafjord;SN60500;16.12.1979;-4,2
Tafjord;SN60500;17.12.1979;-4
Tafjord;SN60500;18.12.1979;-4,6
Tafjord;SN60500;19.12.1979;0,4
Tafjord;SN60500;20.12.1979;1,1
Tafjord;SN60500;21.12.1979;4,7
Tafjord;SN60500;22.12.1979;2,1
Tafjord;SN60500;23.12.1979;-1,7
Tafjord;SN60500;24.12.1979;2,5
Tafjord;SN60500;25.12.1979;3,1
Tafjord;SN60500;26.12.1979;5,4
Tafjord;SN60500;27.12.1979;3,5
Tafjord;SN60500;28.12.1979;5,5
Tafjord;SN60500;29.12.1979;-2,5
Tafjord;SN60500;30.12.1979;-5,4
Tafjord;SN60500;31.12.1979;-6,8
Tafjord;SN60500;01.01.1980;-7,3
Tafjord;SN60500;02.01.1980;-5,7
Tafjord;SN60500;03.01.1980;-3,2
Tafjord;SN60500;04.01.1980;-0,2
Tafjord;SN60500;05.01.1980;-0,7
Tafjord;SN60500;06.01.1980;-1,7
Tafjord;SN60500;07.01.1980;-1
Tafjord;SN60500;08.01.1980;-0,5
Tafjord;SN60500;09.01.1980;-0,9
Tafjord;SN60500;10.01.1980;-3,8
Tafjord;SN60500;11.01.1980;0,6
Tafjord;SN60500;12.01.1980;1,5
Tafjord;SN60500;13.01.1980;7,2
Tafjord;SN60500;14.01.1980;0,3
Tafjord;SN60500;15.01.1980;1,9
Tafjord;SN60500;16.01.1980;0,5
Tafjord;SN60500;17.01.1980;2,6
Tafjord;SN60500;18.01.1980;0,7
Tafjord;SN60500;19.01.1980;0,9
Tafjord;SN60500;20.01.1980;2,7
Tafjord;SN60500;21.01.1980;3
Tafjord;SN60500;22.01.1980;2,3
Tafjord;SN60500;23.01.1980;3,3
Tafjord;SN60500;24.01.1980;0,3
Tafjord;SN60500;25.01.1980;-4,9
Tafjord;SN60500;26.01.1980;-4,3
Tafjord;SN60500;27.01.1980;-2
Tafjord;SN60500;28.01.1980;-2,7
Tafjord;SN60500;29.01.1980;-2
Tafjord;SN60500;30.01.1980;-4,6
Tafjord;SN60500;31.01.1980;-7,7
Tafjord;SN60500;01.02.1980;-6,1
Tafjord;SN60500;02.02.1980;-3,4
Tafjord;SN60500;03.02.1980;-2,6
Tafjord;SN60500;04.02.1980;-3,5
Tafjord;SN60500;05.02.1980;-3,7
Tafjord;SN60500;06.02.1980;-3,9
Tafjord;SN60500;07.02.1980;-4,8
Tafjord;SN60500;08.02.1980;-5
Tafjord;SN60500;09.02.1980;-5,1
Tafjord;SN60500;10.02.1980;1,2
Tafjord;SN60500;11.02.1980;-0,9
Tafjord;SN60500;12.02.1980;0,5
Tafjord;SN60500;13.02.1980;4,4
Tafjord;SN60500;14.02.1980;3
Tafjord;SN60500;15.02.1980;5,8
Tafjord;SN60500;16.02.1980;1,6
Tafjord;SN60500;17.02.1980;1,2
Tafjord;SN60500;18.02.1980;8
Tafjord;SN60500;19.02.1980;9,6
Tafjord;SN60500;20.02.1980;7,8
Tafjord;SN60500;21.02.1980;7,2
Tafjord;SN60500;22.02.1980;8,6
Tafjord;SN60500;23.02.1980;8,2
Tafjord;SN60500;24.02.1980;8,3
Tafjord;SN60500;25.02.1980;0,9
Tafjord;SN60500;26.02.1980;0,4
Tafjord;SN60500;27.02.1980;1,6
Tafjord;SN60500;28.02.1980;3,3
Tafjord;SN60500;29.02.1980;1,3
Tafjord;SN60500;01.03.1980;1
Tafjord;SN60500;02.03.1980;-3,6
Tafjord;SN60500;03.03.1980;-2,2
Tafjord;SN60500;04.03.1980;-1
Tafjord;SN60500;05.03.1980;0,9
Tafjord;SN60500;06.03.1980;6,7
Tafjord;SN60500;07.03.1980;5,9
Tafjord;SN60500;08.03.1980;5,5
Tafjord;SN60500;09.03.1980;5,2
Tafjord;SN60500;10.03.1980;4,5
Tafjord;SN60500;11.03.1980;4,5
Tafjord;SN60500;12.03.1980;5,5
Tafjord;SN60500;13.03.1980;5,5
Tafjord;SN60500;14.03.1980;3,1
Tafjord;SN60500;15.03.1980;2,6
Tafjord;SN60500;16.03.1980;3,6
Tafjord;SN60500;17.03.1980;2,6
Tafjord;SN60500;18.03.1980;-1,1
Tafjord;SN60500;19.03.1980;-1,9
Tafjord;SN60500;20.03.1980;1,9
Tafjord;SN60500;21.03.1980;0,3
Tafjord;SN60500;22.03.1980;-0,6
Tafjord;SN60500;23.03.1980;-0,9
Tafjord;SN60500;24.03.1980;0,3
Tafjord;SN60500;25.03.1980;3
Tafjord;SN60500;26.03.1980;3,7
Tafjord;SN60500;27.03.1980;1,9
Tafjord;SN60500;28.03.1980;3,3
Tafjord;SN60500;29.03.1980;3,3
Tafjord;SN60500;30.03.1980;2,6
Tafjord;SN60500;31.03.1980;3
Tafjord;SN60500;01.04.1980;5,9
Tafjord;SN60500;02.04.1980;8,5
Tafjord;SN60500;03.04.1980;4
Tafjord;SN60500;04.04.1980;2,3
Tafjord;SN60500;05.04.1980;5,4
Tafjord;SN60500;06.04.1980;5,6
Tafjord;SN60500;07.04.1980;6,1
Tafjord;SN60500;08.04.1980;1,9
Tafjord;SN60500;09.04.1980;0,8
Tafjord;SN60500;10.04.1980;2,1
Tafjord;SN60500;11.04.1980;4
Tafjord;SN60500;12.04.1980;5,6
Tafjord;SN60500;13.04.1980;8,7
Tafjord;SN60500;14.04.1980;11
Tafjord;SN60500;15.04.1980;5,6
Tafjord;SN60500;16.04.1980;9,4
Tafjord;SN60500;17.04.1980;6,2
Tafjord;SN60500;18.04.1980;4,7
Tafjord;SN60500;19.04.1980;-1,1
Tafjord;SN60500;20.04.1980;-0,5
Tafjord;SN60500;21.04.1980;4,2
Tafjord;SN60500;22.04.1980;3,9
Tafjord;SN60500;23.04.1980;5,5
Tafjord;SN60500;24.04.1980;3,9
Tafjord;SN60500;25.04.1980;3,7
Tafjord;SN60500;26.04.1980;11,6
Tafjord;SN60500;27.04.1980;9,9
Tafjord;SN60500;28.04.1980;8,2
Tafjord;SN60500;29.04.1980;8,9
Tafjord;SN60500;30.04.1980;7,3
Tafjord;SN60500;01.05.1980;7,2
Tafjord;SN60500;02.05.1980;7,5
Tafjord;SN60500;03.05.1980;7,5
Tafjord;SN60500;04.05.1980;7
Tafjord;SN60500;05.05.1980;7
Tafjord;SN60500;06.05.1980;6,2
Tafjord;SN60500;07.05.1980;5,7
Tafjord;SN60500;08.05.1980;4,7
Tafjord;SN60500;09.05.1980;2,7
Tafjord;SN60500;10.05.1980;5,2
Tafjord;SN60500;11.05.1980;6,9
Tafjord;SN60500;12.05.1980;9,5
Tafjord;SN60500;13.05.1980;11,3
Tafjord;SN60500;14.05.1980;11,8
Tafjord;SN60500;15.05.1980;8,8
Tafjord;SN60500;16.05.1980;10,4
Tafjord;SN60500;17.05.1980;11,1
Tafjord;SN60500;18.05.1980;11,7
Tafjord;SN60500;19.05.1980;12,3
Tafjord;SN60500;20.05.1980;10,9
Tafjord;SN60500;21.05.1980;12,5
Tafjord;SN60500;22.05.1980;8,1
Tafjord;SN60500;23.05.1980;10,4
Tafjord;SN60500;24.05.1980;8,6
Tafjord;SN60500;25.05.1980;9,5
Tafjord;SN60500;26.05.1980;9,6
Tafjord;SN60500;27.05.1980;8,5
Tafjord;SN60500;28.05.1980;8,9
Tafjord;SN60500;29.05.1980;13
Tafjord;SN60500;30.05.1980;15,9
Tafjord;SN60500;31.05.1980;10,4
Tafjord;SN60500;01.06.1980;9,5
Tafjord;SN60500;02.06.1980;11,1
Tafjord;SN60500;03.06.1980;11,1
Tafjord;SN60500;04.06.1980;13,4
Tafjord;SN60500;05.06.1980;14,5
Tafjord;SN60500;06.06.1980;15,8
Tafjord;SN60500;07.06.1980;17,7
Tafjord;SN60500;08.06.1980;20,3
Tafjord;SN60500;09.06.1980;15,2
Tafjord;SN60500;10.06.1980;15
Tafjord;SN60500;11.06.1980;13,5
Tafjord;SN60500;12.06.1980;10,8
Tafjord;SN60500;13.06.1980;13,9
Tafjord;SN60500;14.06.1980;15,3
Tafjord;SN60500;15.06.1980;21,2
Tafjord;SN60500;16.06.1980;15,4
Tafjord;SN60500;17.06.1980;17,3
Tafjord;SN60500;18.06.1980;17,1
Tafjord;SN60500;19.06.1980;18,2
Tafjord;SN60500;20.06.1980;14,2
Tafjord;SN60500;21.06.1980;13,3
Tafjord;SN60500;22.06.1980;13
Tafjord;SN60500;23.06.1980;12
Tafjord;SN60500;24.06.1980;12
Tafjord;SN60500;25.06.1980;12,8
Tafjord;SN60500;26.06.1980;12,9
Tafjord;SN60500;27.06.1980;14,8
Tafjord;SN60500;28.06.1980;14
Tafjord;SN60500;29.06.1980;12,3
Tafjord;SN60500;30.06.1980;15,9
Tafjord;SN60500;01.07.1980;15,1
Tafjord;SN60500;02.07.1980;15
Tafjord;SN60500;03.07.1980;16,3
Tafjord;SN60500;04.07.1980;15,8
Tafjord;SN60500;05.07.1980;15,6
Tafjord;SN60500;06.07.1980;16,1
Tafjord;SN60500;07.07.1980;14,3
Tafjord;SN60500;08.07.1980;15,2
Tafjord;SN60500;09.07.1980;16,2
Tafjord;SN60500;10.07.1980;15
Tafjord;SN60500;11.07.1980;14,6
Tafjord;SN60500;12.07.1980;15,8
Tafjord;SN60500;13.07.1980;14,4
Tafjord;SN60500;14.07.1980;14,2
Tafjord;SN60500;15.07.1980;13,8
Tafjord;SN60500;16.07.1980;13
Tafjord;SN60500;17.07.1980;11,1
Tafjord;SN60500;18.07.1980;13,4
Tafjord;SN60500;19.07.1980;13,6
Tafjord;SN60500;20.07.1980;13,9
Tafjord;SN60500;21.07.1980;11,3
Tafjord;SN60500;22.07.1980;12,4
Tafjord;SN60500;23.07.1980;14,4
Tafjord;SN60500;24.07.1980;14
Tafjord;SN60500;25.07.1980;13,1
Tafjord;SN60500;26.07.1980;15
Tafjord;SN60500;27.07.1980;18,3
Tafjord;SN60500;28.07.1980;18,2
Tafjord;SN60500;29.07.1980;18,6
Tafjord;SN60500;30.07.1980;22,5
Tafjord;SN60500;31.07.1980;22,3
Tafjord;SN60500;01.08.1980;19
Tafjord;SN60500;02.08.1980;18,3
Tafjord;SN60500;03.08.1980;17,5
Tafjord;SN60500;04.08.1980;16,2
Tafjord;SN60500;05.08.1980;16,5
Tafjord;SN60500;06.08.1980;14,7
Tafjord;SN60500;07.08.1980;13,7
Tafjord;SN60500;08.08.1980;12
Tafjord;SN60500;09.08.1980;13,8
Tafjord;SN60500;10.08.1980;12,7
Tafjord;SN60500;11.08.1980;12,2
Tafjord;SN60500;12.08.1980;18,5
Tafjord;SN60500;13.08.1980;16,1
Tafjord;SN60500;14.08.1980;14,9
Tafjord;SN60500;15.08.1980;21,4
Tafjord;SN60500;16.08.1980;19,1
Tafjord;SN60500;17.08.1980;19
Tafjord;SN60500;18.08.1980;22
Tafjord;SN60500;19.08.1980;18,1
Tafjord;SN60500;20.08.1980;12,9
Tafjord;SN60500;21.08.1980;12,6
Tafjord;SN60500;22.08.1980;12,2
Tafjord;SN60500;23.08.1980;10,5
Tafjord;SN60500;24.08.1980;11
Tafjord;SN60500;25.08.1980;10,7
Tafjord;SN60500;26.08.1980;11,2
Tafjord;SN60500;27.08.1980;10,8
Tafjord;SN60500;28.08.1980;11
Tafjord;SN60500;29.08.1980;11
Tafjord;SN60500;30.08.1980;9,8
Tafjord;SN60500;31.08.1980;10,9
Tafjord;SN60500;01.09.1980;10,5
Tafjord;SN60500;02.09.1980;13,1
Tafjord;SN60500;03.09.1980;12,6
Tafjord;SN60500;04.09.1980;13,3
Tafjord;SN60500;05.09.1980;12,9
Tafjord;SN60500;06.09.1980;13,6
Tafjord;SN60500;07.09.1980;16,1
Tafjord;SN60500;08.09.1980;14,9
Tafjord;SN60500;09.09.1980;12,1
Tafjord;SN60500;10.09.1980;10,3
Tafjord;SN60500;11.09.1980;9
Tafjord;SN60500;12.09.1980;10,2
Tafjord;SN60500;13.09.1980;12,5
Tafjord;SN60500;14.09.1980;10,1
Tafjord;SN60500;15.09.1980;7,9
Tafjord;SN60500;16.09.1980;11,3
Tafjord;SN60500;17.09.1980;16,5
Tafjord;SN60500;18.09.1980;12
Tafjord;SN60500;19.09.1980;10,4
Tafjord;SN60500;20.09.1980;13,1
Tafjord;SN60500;21.09.1980;12,6
Tafjord;SN60500;22.09.1980;9,6
Tafjord;SN60500;23.09.1980;10,3
Tafjord;SN60500;24.09.1980;13,7
Tafjord;SN60500;25.09.1980;11,8
Tafjord;SN60500;26.09.1980;9
Tafjord;SN60500;27.09.1980;15,4
Tafjord;SN60500;28.09.1980;12,1
Tafjord;SN60500;29.09.1980;13,2
Tafjord;SN60500;30.09.1980;8,9
Tafjord;SN60500;01.10.1980;8,8
Tafjord;SN60500;02.10.1980;7,7
Tafjord;SN60500;03.10.1980;9,2
Tafjord;SN60500;04.10.1980;11,2
Tafjord;SN60500;05.10.1980;11,1
Tafjord;SN60500;06.10.1980;12,3
Tafjord;SN60500;07.10.1980;12,8
Tafjord;SN60500;08.10.1980;11,3
Tafjord;SN60500;09.10.1980;12,7
Tafjord;SN60500;10.10.1980;10,3
Tafjord;SN60500;11.10.1980;7,9
Tafjord;SN60500;12.10.1980;7,9
Tafjord;SN60500;13.10.1980;4,6
Tafjord;SN60500;14.10.1980;1,7
Tafjord;SN60500;15.10.1980;1,5
Tafjord;SN60500;16.10.1980;3,6
Tafjord;SN60500;17.10.1980;4,3
Tafjord;SN60500;18.10.1980;2,6
Tafjord;SN60500;19.10.1980;2
Tafjord;SN60500;20.10.1980;2,5
Tafjord;SN60500;21.10.1980;1,8
Tafjord;SN60500;22.10.1980;2,2
Tafjord;SN60500;23.10.1980;2,7
Tafjord;SN60500;24.10.1980;-1,5
Tafjord;SN60500;25.10.1980;-0,9
Tafjord;SN60500;26.10.1980;-0,2
Tafjord;SN60500;27.10.1980;4,9
Tafjord;SN60500;28.10.1980;4,4
Tafjord;SN60500;29.10.1980;4,9
Tafjord;SN60500;30.10.1980;0,4
Tafjord;SN60500;31.10.1980;3,2
Tafjord;SN60500;01.11.1980;6,3
Tafjord;SN60500;02.11.1980;6,9
Tafjord;SN60500;03.11.1980;1,5
Tafjord;SN60500;04.11.1980;-0,1
Tafjord;SN60500;05.11.1980;-1,6
Tafjord;SN60500;06.11.1980;-2,1
Tafjord;SN60500;07.11.1980;-2
Tafjord;SN60500;08.11.1980;1,3
Tafjord;SN60500;09.11.1980;2
Tafjord;SN60500;10.11.1980;0,5
Tafjord;SN60500;11.11.1980;1,7
Tafjord;SN60500;12.11.1980;1,1
Tafjord;SN60500;13.11.1980;2,7
Tafjord;SN60500;14.11.1980;0,2
Tafjord;SN60500;15.11.1980;4
Tafjord;SN60500;16.11.1980;1,5
Tafjord;SN60500;17.11.1980;2,2
Tafjord;SN60500;18.11.1980;0
Tafjord;SN60500;19.11.1980;-3,5
Tafjord;SN60500;20.11.1980;3,4
Tafjord;SN60500;21.11.1980;3,9
Tafjord;SN60500;22.11.1980;6,3
Tafjord;SN60500;23.11.1980;3,5
Tafjord;SN60500;24.11.1980;0,3
Tafjord;SN60500;25.11.1980;-4,1
Tafjord;SN60500;26.11.1980;-4,8
Tafjord;SN60500;27.11.1980;-2,4
Tafjord;SN60500;28.11.1980;-6,5
Tafjord;SN60500;29.11.1980;-5,4
Tafjord;SN60500;30.11.1980;-1,4
Tafjord;SN60500;01.12.1980;5,7
Tafjord;SN60500;02.12.1980;-0,1
Tafjord;SN60500;03.12.1980;-2,2
Tafjord;SN60500;04.12.1980;-4,7
Tafjord;SN60500;05.12.1980;-4,1
Tafjord;SN60500;06.12.1980;-10,1
Tafjord;SN60500;07.12.1980;-7,7
Tafjord;SN60500;08.12.1980;-0,5
Tafjord;SN60500;09.12.1980;1,2
Tafjord;SN60500;10.12.1980;-2,8
Tafjord;SN60500;11.12.1980;2,4
Tafjord;SN60500;12.12.1980;2,7
Tafjord;SN60500;13.12.1980;2,8
Tafjord;SN60500;14.12.1980;1,9
Tafjord;SN60500;15.12.1980;0,7
Tafjord;SN60500;16.12.1980;-2,7
Tafjord;SN60500;17.12.1980;7,8
Tafjord;SN60500;18.12.1980;4,7
Tafjord;SN60500;19.12.1980;0,8
Tafjord;SN60500;20.12.1980;2
Tafjord;SN60500;21.12.1980;1,9
Tafjord;SN60500;22.12.1980;1,5
Tafjord;SN60500;23.12.1980;0,7
Tafjord;SN60500;24.12.1980;1
Tafjord;SN60500;25.12.1980;0,2
Tafjord;SN60500;26.12.1980;3,4
Tafjord;SN60500;27.12.1980;1,1
Tafjord;SN60500;28.12.1980;3
Tafjord;SN60500;29.12.1980;5,6
Tafjord;SN60500;30.12.1980;2,8
Tafjord;SN60500;31.12.1980;1,2
Tafjord;SN60500;01.01.1981;0
Tafjord;SN60500;02.01.1981;-2,6
Tafjord;SN60500;03.01.1981;-3,4
Tafjord;SN60500;04.01.1981;-7,1
Tafjord;SN60500;05.01.1981;-6,8
Tafjord;SN60500;06.01.1981;-5,9
Tafjord;SN60500;07.01.1981;-5,5
Tafjord;SN60500;08.01.1981;7,9
Tafjord;SN60500;09.01.1981;0,9
Tafjord;SN60500;10.01.1981;0,5
Tafjord;SN60500;11.01.1981;1,4
Tafjord;SN60500;12.01.1981;-1,4
Tafjord;SN60500;13.01.1981;-4,3
Tafjord;SN60500;14.01.1981;1
Tafjord;SN60500;15.01.1981;-1,5
Tafjord;SN60500;16.01.1981;-1,5
Tafjord;SN60500;17.01.1981;-8,4
Tafjord;SN60500;18.01.1981;-6,9
Tafjord;SN60500;19.01.1981;-6,8
Tafjord;SN60500;20.01.1981;-2,6
Tafjord;SN60500;21.01.1981;2,2
Tafjord;SN60500;22.01.1981;2,9
Tafjord;SN60500;23.01.1981;4,1
Tafjord;SN60500;24.01.1981;7,1
Tafjord;SN60500;25.01.1981;-1,4
Tafjord;SN60500;26.01.1981;-0,5
Tafjord;SN60500;27.01.1981;3,6
Tafjord;SN60500;28.01.1981;3,4
Tafjord;SN60500;29.01.1981;4,2
Tafjord;SN60500;30.01.1981;3,8
Tafjord;SN60500;31.01.1981;3,8
Tafjord;SN60500;01.02.1981;4
Tafjord;SN60500;02.02.1981;4,1
Tafjord;SN60500;03.02.1981;1,3
Tafjord;SN60500;04.02.1981;0,3
Tafjord;SN60500;05.02.1981;-1,6
Tafjord;SN60500;06.02.1981;5,1
Tafjord;SN60500;07.02.1981;-1,8
Tafjord;SN60500;08.02.1981;-0,3
Tafjord;SN60500;09.02.1981;-1,6
Tafjord;SN60500;10.02.1981;-1,4
Tafjord;SN60500;11.02.1981;-3,2
Tafjord;SN60500;12.02.1981;-1,8
Tafjord;SN60500;13.02.1981;1,9
Tafjord;SN60500;14.02.1981;2,2
Tafjord;SN60500;15.02.1981;4,3
Tafjord;SN60500;16.02.1981;1,7
Tafjord;SN60500;17.02.1981;2,5
Tafjord;SN60500;18.02.1981;1,2
Tafjord;SN60500;19.02.1981;-3,1
Tafjord;SN60500;20.02.1981;-0,8
Tafjord;SN60500;21.02.1981;-4,1
Tafjord;SN60500;22.02.1981;-1,9
Tafjord;SN60500;23.02.1981;0
Tafjord;SN60500;24.02.1981;-0,2
Tafjord;SN60500;25.02.1981;-0,6
Tafjord;SN60500;26.02.1981;0,1
Tafjord;SN60500;27.02.1981;-1,7
Tafjord;SN60500;28.02.1981;3,1
Tafjord;SN60500;01.03.1981;-1
Tafjord;SN60500;02.03.1981;-3
Tafjord;SN60500;03.03.1981;-2,5
Tafjord;SN60500;04.03.1981;-0,5
Tafjord;SN60500;05.03.1981;-2,1
Tafjord;SN60500;06.03.1981;-4,5
Tafjord;SN60500;07.03.1981;-2,5
Tafjord;SN60500;08.03.1981;5
Tafjord;SN60500;09.03.1981;2,7
Tafjord;SN60500;10.03.1981;1,3
Tafjord;SN60500;11.03.1981;5,4
Tafjord;SN60500;12.03.1981;5
Tafjord;SN60500;13.03.1981;2,4
Tafjord;SN60500;14.03.1981;3,2
Tafjord;SN60500;15.03.1981;3,2
Tafjord;SN60500;16.03.1981;2,7
Tafjord;SN60500;17.03.1981;2,9
Tafjord;SN60500;18.03.1981;3,3
Tafjord;SN60500;19.03.1981;1,8
Tafjord;SN60500;20.03.1981;0,8
Tafjord;SN60500;21.03.1981;1,4
Tafjord;SN60500;22.03.1981;5,8
Tafjord;SN60500;23.03.1981;1,6
Tafjord;SN60500;24.03.1981;3,1
Tafjord;SN60500;25.03.1981;2,7
Tafjord;SN60500;26.03.1981;2,2
Tafjord;SN60500;27.03.1981;3,8
Tafjord;SN60500;28.03.1981;7,7
Tafjord;SN60500;29.03.1981;10,6
Tafjord;SN60500;30.03.1981;8,2
Tafjord;SN60500;31.03.1981;6,3
Tafjord;SN60500;01.04.1981;11,7
Tafjord;SN60500;02.04.1981;7,5
Tafjord;SN60500;03.04.1981;4
Tafjord;SN60500;04.04.1981;4,3
Tafjord;SN60500;05.04.1981;5,9
Tafjord;SN60500;06.04.1981;4,7
Tafjord;SN60500;07.04.1981;3,5
Tafjord;SN60500;08.04.1981;4,6
Tafjord;SN60500;09.04.1981;5,1
Tafjord;SN60500;10.04.1981;9,5
Tafjord;SN60500;11.04.1981;8,2
Tafjord;SN60500;12.04.1981;9,5
Tafjord;SN60500;13.04.1981;4,3
Tafjord;SN60500;14.04.1981;2,1
Tafjord;SN60500;15.04.1981;5,6
Tafjord;SN60500;16.04.1981;3,8
Tafjord;SN60500;17.04.1981;3,6
Tafjord;SN60500;18.04.1981;5,4
Tafjord;SN60500;19.04.1981;4,5
Tafjord;SN60500;20.04.1981;3,1
Tafjord;SN60500;21.04.1981;-0,7
Tafjord;SN60500;22.04.1981;-1
Tafjord;SN60500;23.04.1981;0,6
Tafjord;SN60500;24.04.1981;1,3
Tafjord;SN60500;25.04.1981;1,6
Tafjord;SN60500;26.04.1981;1,8
Tafjord;SN60500;27.04.1981;1,7
Tafjord;SN60500;28.04.1981;1,5
Tafjord;SN60500;29.04.1981;4,1
Tafjord;SN60500;30.04.1981;2,3
Tafjord;SN60500;01.05.1981;3,7
Tafjord;SN60500;02.05.1981;2,7
Tafjord;SN60500;03.05.1981;2,5
Tafjord;SN60500;04.05.1981;3,2
Tafjord;SN60500;05.05.1981;4
Tafjord;SN60500;06.05.1981;4,6
Tafjord;SN60500;07.05.1981;7,2
Tafjord;SN60500;08.05.1981;13,4
Tafjord;SN60500;09.05.1981;16,3
Tafjord;SN60500;10.05.1981;10,8
Tafjord;SN60500;11.05.1981;13
Tafjord;SN60500;12.05.1981;19,3
Tafjord;SN60500;13.05.1981;18,1
Tafjord;SN60500;14.05.1981;16,4
Tafjord;SN60500;15.05.1981;14,1
Tafjord;SN60500;16.05.1981;13,7
Tafjord;SN60500;17.05.1981;17
Tafjord;SN60500;18.05.1981;16,6
Tafjord;SN60500;19.05.1981;10,9
Tafjord;SN60500;20.05.1981;12,7
Tafjord;SN60500;21.05.1981;13,8
Tafjord;SN60500;22.05.1981;20,5
Tafjord;SN60500;23.05.1981;12,9
Tafjord;SN60500;24.05.1981;12,9
Tafjord;SN60500;25.05.1981;17,7
Tafjord;SN60500;26.05.1981;10,4
Tafjord;SN60500;27.05.1981;11,7
Tafjord;SN60500;28.05.1981;12,2
Tafjord;SN60500;29.05.1981;10,2
Tafjord;SN60500;30.05.1981;10,7
Tafjord;SN60500;31.05.1981;11,2
Tafjord;SN60500;01.06.1981;11,4
Tafjord;SN60500;02.06.1981;11,8
Tafjord;SN60500;03.06.1981;11,8
Tafjord;SN60500;04.06.1981;13,1
Tafjord;SN60500;05.06.1981;10
Tafjord;SN60500;06.06.1981;10,7
Tafjord;SN60500;07.06.1981;10,4
Tafjord;SN60500;08.06.1981;10,7
Tafjord;SN60500;09.06.1981;10,6
Tafjord;SN60500;10.06.1981;11,8
Tafjord;SN60500;11.06.1981;8,8
Tafjord;SN60500;12.06.1981;8,4
Tafjord;SN60500;13.06.1981;8,1
Tafjord;SN60500;14.06.1981;9,7
Tafjord;SN60500;15.06.1981;10,7
Tafjord;SN60500;16.06.1981;12,2
Tafjord;SN60500;17.06.1981;11,3
Tafjord;SN60500;18.06.1981;9,2
Tafjord;SN60500;19.06.1981;10,1
Tafjord;SN60500;20.06.1981;10,4
Tafjord;SN60500;21.06.1981;10,5
Tafjord;SN60500;22.06.1981;11,4
Tafjord;SN60500;23.06.1981;11,8
Tafjord;SN60500;24.06.1981;12,5
Tafjord;SN60500;25.06.1981;11,1
Tafjord;SN60500;26.06.1981;11,5
Tafjord;SN60500;27.06.1981;9,1
Tafjord;SN60500;28.06.1981;10,3
Tafjord;SN60500;29.06.1981;10,6
Tafjord;SN60500;30.06.1981;11,7
Tafjord;SN60500;01.07.1981;11,5
Tafjord;SN60500;02.07.1981;11,3
Tafjord;SN60500;03.07.1981;13,4
Tafjord;SN60500;04.07.1981;11,7
Tafjord;SN60500;05.07.1981;11,6
Tafjord;SN60500;06.07.1981;17,9
Tafjord;SN60500;07.07.1981;15,4
Tafjord;SN60500;08.07.1981;14,7
Tafjord;SN60500;09.07.1981;15,8
Tafjord;SN60500;10.07.1981;17,4
Tafjord;SN60500;11.07.1981;13,2
Tafjord;SN60500;12.07.1981;12,9
Tafjord;SN60500;13.07.1981;11,3
Tafjord;SN60500;14.07.1981;11
Tafjord;SN60500;15.07.1981;11,4
Tafjord;SN60500;16.07.1981;12
Tafjord;SN60500;17.07.1981;12,2
Tafjord;SN60500;18.07.1981;13,2
Tafjord;SN60500;19.07.1981;13,4
Tafjord;SN60500;20.07.1981;12,8
Tafjord;SN60500;21.07.1981;13,4
Tafjord;SN60500;22.07.1981;14,1
Tafjord;SN60500;23.07.1981;14,4
Tafjord;SN60500;24.07.1981;14
Tafjord;SN60500;25.07.1981;15,8
Tafjord;SN60500;26.07.1981;14,7
Tafjord;SN60500;27.07.1981;14,3
Tafjord;SN60500;28.07.1981;13,1
Tafjord;SN60500;29.07.1981;14,4
Tafjord;SN60500;30.07.1981;14,2
Tafjord;SN60500;31.07.1981;14,2
Tafjord;SN60500;01.08.1981;13,4
Tafjord;SN60500;02.08.1981;11,5
Tafjord;SN60500;03.08.1981;13,1
Tafjord;SN60500;04.08.1981;16,6
Tafjord;SN60500;05.08.1981;14
Tafjord;SN60500;06.08.1981;13,6
Tafjord;SN60500;07.08.1981;14,2
Tafjord;SN60500;08.08.1981;13,4
Tafjord;SN60500;09.08.1981;14,6
Tafjord;SN60500;10.08.1981;14,2
Tafjord;SN60500;11.08.1981;13,8
Tafjord;SN60500;12.08.1981;15,3
Tafjord;SN60500;13.08.1981;15,3
Tafjord;SN60500;14.08.1981;15,6
Tafjord;SN60500;15.08.1981;12,2
Tafjord;SN60500;16.08.1981;10,9
Tafjord;SN60500;17.08.1981;11,8
Tafjord;SN60500;18.08.1981;10,9
Tafjord;SN60500;19.08.1981;11,8
Tafjord;SN60500;20.08.1981;12,1
Tafjord;SN60500;21.08.1981;10,4
Tafjord;SN60500;22.08.1981;13,7
Tafjord;SN60500;23.08.1981;13,3
Tafjord;SN60500;24.08.1981;11,5
Tafjord;SN60500;25.08.1981;12
Tafjord;SN60500;26.08.1981;10,3
Tafjord;SN60500;27.08.1981;10,9
Tafjord;SN60500;28.08.1981;9
Tafjord;SN60500;29.08.1981;8,7
Tafjord;SN60500;30.08.1981;9,4
Tafjord;SN60500;31.08.1981;11,7
Tafjord;SN60500;01.09.1981;11,4
Tafjord;SN60500;02.09.1981;12,1
Tafjord;SN60500;03.09.1981;11,9
Tafjord;SN60500;04.09.1981;13
Tafjord;SN60500;05.09.1981;17,4
Tafjord;SN60500;06.09.1981;10,8
Tafjord;SN60500;07.09.1981;9,2
Tafjord;SN60500;08.09.1981;16,6
Tafjord;SN60500;09.09.1981;12,2
Tafjord;SN60500;10.09.1981;11,2
Tafjord;SN60500;11.09.1981;17,1
Tafjord;SN60500;12.09.1981;12,1
Tafjord;SN60500;13.09.1981;16,4
Tafjord;SN60500;14.09.1981;11,9
Tafjord;SN60500;15.09.1981;11,3
Tafjord;SN60500;16.09.1981;10,9
Tafjord;SN60500;17.09.1981;15,5
Tafjord;SN60500;18.09.1981;17,1
Tafjord;SN60500;19.09.1981;16
Tafjord;SN60500;20.09.1981;14,5
Tafjord;SN60500;21.09.1981;16,1
Tafjord;SN60500;22.09.1981;13,8
Tafjord;SN60500;23.09.1981;13,3
Tafjord;SN60500;24.09.1981;12,8
Tafjord;SN60500;25.09.1981;12,4
Tafjord;SN60500;26.09.1981;10,6
Tafjord;SN60500;27.09.1981;17,1
Tafjord;SN60500;28.09.1981;12
Tafjord;SN60500;29.09.1981;15
Tafjord;SN60500;30.09.1981;13,4
Tafjord;SN60500;01.10.1981;11,7
Tafjord;SN60500;02.10.1981;8,4
Tafjord;SN60500;03.10.1981;17,6
Tafjord;SN60500;04.10.1981;10
Tafjord;SN60500;05.10.1981;8,8
Tafjord;SN60500;06.10.1981;5,6
Tafjord;SN60500;07.10.1981;11,4
Tafjord;SN60500;08.10.1981;5,4
Tafjord;SN60500;09.10.1981;10,3
Tafjord;SN60500;10.10.1981;13,1
Tafjord;SN60500;11.10.1981;9,2
Tafjord;SN60500;12.10.1981;8,3
Tafjord;SN60500;13.10.1981;5,9
Tafjord;SN60500;14.10.1981;4,7
Tafjord;SN60500;15.10.1981;2
Tafjord;SN60500;16.10.1981;3
Tafjord;SN60500;17.10.1981;1,8
Tafjord;SN60500;18.10.1981;6,4
Tafjord;SN60500;19.10.1981;10,4
Tafjord;SN60500;20.10.1981;9,6
Tafjord;SN60500;21.10.1981;4,7
Tafjord;SN60500;22.10.1981;3,2
Tafjord;SN60500;23.10.1981;0
Tafjord;SN60500;24.10.1981;4,1
Tafjord;SN60500;25.10.1981;9,3
Tafjord;SN60500;26.10.1981;7
Tafjord;SN60500;27.10.1981;8,6
Tafjord;SN60500;28.10.1981;9,8
Tafjord;SN60500;29.10.1981;7,6
Tafjord;SN60500;30.10.1981;7,2
Tafjord;SN60500;31.10.1981;4,8
Tafjord;SN60500;01.11.1981;1,6
Tafjord;SN60500;02.11.1981;4
Tafjord;SN60500;03.11.1981;4,7
Tafjord;SN60500;04.11.1981;8,2
Tafjord;SN60500;05.11.1981;3,3
Tafjord;SN60500;06.11.1981;3,1
Tafjord;SN60500;07.11.1981;0,1
Tafjord;SN60500;08.11.1981;-3,9
Tafjord;SN60500;09.11.1981;1,3
Tafjord;SN60500;10.11.1981;12,2
Tafjord;SN60500;11.11.1981;4,2
Tafjord;SN60500;12.11.1981;5
Tafjord;SN60500;13.11.1981;1,7
Tafjord;SN60500;14.11.1981;-0,2
Tafjord;SN60500;15.11.1981;8,4
Tafjord;SN60500;16.11.1981;7,1
Tafjord;SN60500;17.11.1981;6,1
Tafjord;SN60500;18.11.1981;6,4
Tafjord;SN60500;19.11.1981;2,5
Tafjord;SN60500;20.11.1981;5
Tafjord;SN60500;21.11.1981;2,5
Tafjord;SN60500;22.11.1981;1,2
Tafjord;SN60500;23.11.1981;3,4
Tafjord;SN60500;24.11.1981;1
Tafjord;SN60500;25.11.1981;1,5
Tafjord;SN60500;26.11.1981;0,4
Tafjord;SN60500;27.11.1981;4,4
Tafjord;SN60500;28.11.1981;3
Tafjord;SN60500;29.11.1981;0,7
Tafjord;SN60500;30.11.1981;-2,9
Tafjord;SN60500;01.12.1981;-5,5
Tafjord;SN60500;02.12.1981;-1,5
Tafjord;SN60500;03.12.1981;4,5
Tafjord;SN60500;04.12.1981;0,3
Tafjord;SN60500;05.12.1981;0
Tafjord;SN60500;06.12.1981;-4
Tafjord;SN60500;07.12.1981;-8,9
Tafjord;SN60500;08.12.1981;-9,4
Tafjord;SN60500;09.12.1981;-6,7
Tafjord;SN60500;10.12.1981;-7,8
Tafjord;SN60500;11.12.1981;-6,8
Tafjord;SN60500;12.12.1981;-5,9
Tafjord;SN60500;13.12.1981;-7,8
Tafjord;SN60500;14.12.1981;-6,6
Tafjord;SN60500;15.12.1981;-6,1
Tafjord;SN60500;16.12.1981;-4,8
Tafjord;SN60500;17.12.1981;-1
Tafjord;SN60500;18.12.1981;-1,2
Tafjord;SN60500;19.12.1981;-5,7
Tafjord;SN60500;20.12.1981;-3,3
Tafjord;SN60500;21.12.1981;-4,9
Tafjord;SN60500;22.12.1981;-3,5
Tafjord;SN60500;23.12.1981;-1,5
Tafjord;SN60500;24.12.1981;-0,3
Tafjord;SN60500;25.12.1981;-2,9
Tafjord;SN60500;26.12.1981;-6,9
Tafjord;SN60500;27.12.1981;-5,9
Tafjord;SN60500;28.12.1981;-6,6
Tafjord;SN60500;29.12.1981;-3,5
Tafjord;SN60500;30.12.1981;3
Tafjord;SN60500;31.12.1981;2,2
Tafjord;SN60500;01.01.1982;1,2
Tafjord;SN60500;02.01.1982;-2,9
Tafjord;SN60500;03.01.1982;-7,4
Tafjord;SN60500;04.01.1982;-10,6
Tafjord;SN60500;05.01.1982;-11,5
Tafjord;SN60500;06.01.1982;-11,3
Tafjord;SN60500;07.01.1982;-10
Tafjord;SN60500;08.01.1982;-7,9
Tafjord;SN60500;09.01.1982;-3,6
Tafjord;SN60500;10.01.1982;-0,7
Tafjord;SN60500;11.01.1982;-2,6
Tafjord;SN60500;12.01.1982;-3,1
Tafjord;SN60500;13.01.1982;2,4
Tafjord;SN60500;14.01.1982;3,9
Tafjord;SN60500;15.01.1982;2
Tafjord;SN60500;16.01.1982;7,9
Tafjord;SN60500;17.01.1982;9,6
Tafjord;SN60500;18.01.1982;8,3
Tafjord;SN60500;19.01.1982;11,2
Tafjord;SN60500;20.01.1982;2,6
Tafjord;SN60500;21.01.1982;2
Tafjord;SN60500;22.01.1982;4,1
Tafjord;SN60500;23.01.1982;0,3
Tafjord;SN60500;24.01.1982;-0,9
Tafjord;SN60500;25.01.1982;0,8
Tafjord;SN60500;26.01.1982;-0,1
Tafjord;SN60500;27.01.1982;-1,7
Tafjord;SN60500;28.01.1982;-0,4
Tafjord;SN60500;29.01.1982;-4,9
Tafjord;SN60500;30.01.1982;-0,4
Tafjord;SN60500;31.01.1982;-4,6
Tafjord;SN60500;01.02.1982;7,7
Tafjord;SN60500;02.02.1982;4,3
Tafjord;SN60500;03.02.1982;6,9
Tafjord;SN60500;04.02.1982;4
Tafjord;SN60500;05.02.1982;2,3
Tafjord;SN60500;06.02.1982;6,3
Tafjord;SN60500;07.02.1982;4
Tafjord;SN60500;08.02.1982;3,1
Tafjord;SN60500;09.02.1982;6,2
Tafjord;SN60500;10.02.1982;6,4
Tafjord;SN60500;11.02.1982;11,3
Tafjord;SN60500;12.02.1982;6,6
Tafjord;SN60500;13.02.1982;12,3
Tafjord;SN60500;14.02.1982;8,4
Tafjord;SN60500;15.02.1982;3,3
Tafjord;SN60500;16.02.1982;5,5
Tafjord;SN60500;17.02.1982;3,7
Tafjord;SN60500;18.02.1982;5,6
Tafjord;SN60500;19.02.1982;-1,8
Tafjord;SN60500;20.02.1982;-3,4
Tafjord;SN60500;21.02.1982;2,6
Tafjord;SN60500;22.02.1982;4,9
Tafjord;SN60500;23.02.1982;2,6
Tafjord;SN60500;24.02.1982;2,2
Tafjord;SN60500;25.02.1982;1,9
Tafjord;SN60500;26.02.1982;4,4
Tafjord;SN60500;27.02.1982;6,9
Tafjord;SN60500;28.02.1982;7,2
Tafjord;SN60500;01.03.1982;5,6
Tafjord;SN60500;02.03.1982;2,1
Tafjord;SN60500;03.03.1982;4,4
Tafjord;SN60500;04.03.1982;2,3
Tafjord;SN60500;05.03.1982;0,3
Tafjord;SN60500;06.03.1982;5,4
Tafjord;SN60500;07.03.1982;6,3
Tafjord;SN60500;08.03.1982;8,4
Tafjord;SN60500;09.03.1982;6,1
Tafjord;SN60500;10.03.1982;7,3
Tafjord;SN60500;11.03.1982;6,3
Tafjord;SN60500;12.03.1982;4,2
Tafjord;SN60500;13.03.1982;6,2
Tafjord;SN60500;14.03.1982;5,6
Tafjord;SN60500;15.03.1982;6,2
Tafjord;SN60500;16.03.1982;8,3
Tafjord;SN60500;17.03.1982;7,4
Tafjord;SN60500;18.03.1982;5,6
Tafjord;SN60500;19.03.1982;5,1
Tafjord;SN60500;20.03.1982;5,7
Tafjord;SN60500;21.03.1982;5
Tafjord;SN60500;22.03.1982;7,1
Tafjord;SN60500;23.03.1982;7,2
Tafjord;SN60500;24.03.1982;10
Tafjord;SN60500;25.03.1982;10,1
Tafjord;SN60500;26.03.1982;9,4
Tafjord;SN60500;27.03.1982;5,7
Tafjord;SN60500;28.03.1982;4
Tafjord;SN60500;29.03.1982;3,5
Tafjord;SN60500;30.03.1982;2,8
Tafjord;SN60500;31.03.1982;5,8
Tafjord;SN60500;01.04.1982;6,4
Tafjord;SN60500;02.04.1982;3,5
Tafjord;SN60500;03.04.1982;8,1
Tafjord;SN60500;04.04.1982;6,1
Tafjord;SN60500;05.04.1982;0
Tafjord;SN60500;06.04.1982;3,2
Tafjord;SN60500;07.04.1982;3,3
Tafjord;SN60500;08.04.1982;0,6
Tafjord;SN60500;09.04.1982;1,6
Tafjord;SN60500;10.04.1982;1
Tafjord;SN60500;11.04.1982;1,6
Tafjord;SN60500;12.04.1982;0,9
Tafjord;SN60500;13.04.1982;2,4
Tafjord;SN60500;14.04.1982;2
Tafjord;SN60500;15.04.1982;5,5
Tafjord;SN60500;16.04.1982;4,4
Tafjord;SN60500;17.04.1982;3,5
Tafjord;SN60500;18.04.1982;4,2
Tafjord;SN60500;19.04.1982;5,6
Tafjord;SN60500;20.04.1982;6,9
Tafjord;SN60500;21.04.1982;6,7
Tafjord;SN60500;22.04.1982;11
Tafjord;SN60500;23.04.1982;6,8
Tafjord;SN60500;24.04.1982;6,2
Tafjord;SN60500;25.04.1982;8,7
Tafjord;SN60500;26.04.1982;6,6
Tafjord;SN60500;27.04.1982;6,6
Tafjord;SN60500;28.04.1982;5
Tafjord;SN60500;29.04.1982;3,1
Tafjord;SN60500;30.04.1982;4
Tafjord;SN60500;01.05.1982;3,3
Tafjord;SN60500;02.05.1982;4,4
Tafjord;SN60500;03.05.1982;7,8
Tafjord;SN60500;04.05.1982;8,6
Tafjord;SN60500;05.05.1982;8,1
Tafjord;SN60500;06.05.1982;7,4
Tafjord;SN60500;07.05.1982;5,8
Tafjord;SN60500;08.05.1982;7
Tafjord;SN60500;09.05.1982;10,2
Tafjord;SN60500;10.05.1982;6,1
Tafjord;SN60500;11.05.1982;7
Tafjord;SN60500;12.05.1982;6,8
Tafjord;SN60500;13.05.1982;9,4
Tafjord;SN60500;14.05.1982;9,3
Tafjord;SN60500;15.05.1982;10,9
Tafjord;SN60500;16.05.1982;12
Tafjord;SN60500;17.05.1982;11,4
Tafjord;SN60500;18.05.1982;10,8
Tafjord;SN60500;19.05.1982;12,1
Tafjord;SN60500;20.05.1982;10,1
Tafjord;SN60500;21.05.1982;9,6
Tafjord;SN60500;22.05.1982;11
Tafjord;SN60500;23.05.1982;14,3
Tafjord;SN60500;24.05.1982;9,9
Tafjord;SN60500;25.05.1982;11,2
Tafjord;SN60500;26.05.1982;11,4
Tafjord;SN60500;27.05.1982;12,2
Tafjord;SN60500;28.05.1982;9,5
Tafjord;SN60500;29.05.1982;11,2
Tafjord;SN60500;30.05.1982;13,9
Tafjord;SN60500;31.05.1982;14,5
Tafjord;SN60500;01.06.1982;13,7
Tafjord;SN60500;02.06.1982;14,6
Tafjord;SN60500;03.06.1982;15
Tafjord;SN60500;04.06.1982;16,4
Tafjord;SN60500;05.06.1982;12,5
Tafjord;SN60500;06.06.1982;11,7
Tafjord;SN60500;07.06.1982;10,6
Tafjord;SN60500;08.06.1982;10,7
Tafjord;SN60500;09.06.1982;9,6
Tafjord;SN60500;10.06.1982;8,8
Tafjord;SN60500;11.06.1982;9,8
Tafjord;SN60500;12.06.1982;8,6
Tafjord;SN60500;13.06.1982;9
Tafjord;SN60500;14.06.1982;9,1
Tafjord;SN60500;15.06.1982;10,2
Tafjord;SN60500;16.06.1982;10,1
Tafjord;SN60500;17.06.1982;9,7
Tafjord;SN60500;18.06.1982;11,1
Tafjord;SN60500;19.06.1982;11,5
Tafjord;SN60500;20.06.1982;10,7
Tafjord;SN60500;21.06.1982;8,7
Tafjord;SN60500;22.06.1982;9,8
Tafjord;SN60500;23.06.1982;10,3
Tafjord;SN60500;24.06.1982;12,2
Tafjord;SN60500;25.06.1982;11,1
Tafjord;SN60500;26.06.1982;13,1
Tafjord;SN60500;27.06.1982;18,8
Tafjord;SN60500;28.06.1982;18,1
Tafjord;SN60500;29.06.1982;17,7
Tafjord;SN60500;30.06.1982;14,7
Tafjord;SN60500;01.07.1982;13,5
Tafjord;SN60500;02.07.1982;15,1
Tafjord;SN60500;03.07.1982;12,1
Tafjord;SN60500;04.07.1982;10,9
Tafjord;SN60500;05.07.1982;11,3
Tafjord;SN60500;06.07.1982;12,1
Tafjord;SN60500;07.07.1982;12,6
Tafjord;SN60500;08.07.1982;15,2
Tafjord;SN60500;09.07.1982;13
Tafjord;SN60500;10.07.1982;20,7
Tafjord;SN60500;11.07.1982;13,8
Tafjord;SN60500;12.07.1982;14,1
Tafjord;SN60500;13.07.1982;14,3
Tafjord;SN60500;14.07.1982;16,7
Tafjord;SN60500;15.07.1982;24,7
Tafjord;SN60500;16.07.1982;25,5
Tafjord;SN60500;17.07.1982;18
Tafjord;SN60500;18.07.1982;15,9
Tafjord;SN60500;19.07.1982;16,2
Tafjord;SN60500;20.07.1982;15,7
Tafjord;SN60500;21.07.1982;13,4
Tafjord;SN60500;22.07.1982;14,8
Tafjord;SN60500;23.07.1982;15,2
Tafjord;SN60500;24.07.1982;15,2
Tafjord;SN60500;25.07.1982;15,5
Tafjord;SN60500;26.07.1982;13
Tafjord;SN60500;27.07.1982;12
Tafjord;SN60500;28.07.1982;15,6
Tafjord;SN60500;29.07.1982;16,4
Tafjord;SN60500;30.07.1982;16,8
Tafjord;SN60500;31.07.1982;16,1
Tafjord;SN60500;01.08.1982;16,4
Tafjord;SN60500;02.08.1982;18
Tafjord;SN60500;03.08.1982;18,6
Tafjord;SN60500;04.08.1982;20,4
Tafjord;SN60500;05.08.1982;19,7
Tafjord;SN60500;06.08.1982;18,6
Tafjord;SN60500;07.08.1982;17,5
Tafjord;SN60500;08.08.1982;18
Tafjord;SN60500;09.08.1982;16,3
Tafjord;SN60500;10.08.1982;15,2
Tafjord;SN60500;11.08.1982;13,8
Tafjord;SN60500;12.08.1982;15,6
Tafjord;SN60500;13.08.1982;15,1
Tafjord;SN60500;14.08.1982;12,1
Tafjord;SN60500;15.08.1982;11,6
Tafjord;SN60500;16.08.1982;17,8
Tafjord;SN60500;17.08.1982;17,8
Tafjord;SN60500;18.08.1982;15,1
Tafjord;SN60500;19.08.1982;17,7
Tafjord;SN60500;20.08.1982;13,6
Tafjord;SN60500;21.08.1982;11,8
Tafjord;SN60500;22.08.1982;12,5
Tafjord;SN60500;23.08.1982;12,9
Tafjord;SN60500;24.08.1982;13,2
Tafjord;SN60500;25.08.1982;13,5
Tafjord;SN60500;26.08.1982;15
Tafjord;SN60500;27.08.1982;15,9
Tafjord;SN60500;28.08.1982;12,5
Tafjord;SN60500;29.08.1982;10,6
Tafjord;SN60500;30.08.1982;13,4
Tafjord;SN60500;31.08.1982;13,2
Tafjord;SN60500;01.09.1982;10,8
Tafjord;SN60500;02.09.1982;8,9
Tafjord;SN60500;03.09.1982;7,7
Tafjord;SN60500;04.09.1982;7,6
Tafjord;SN60500;05.09.1982;8,3
Tafjord;SN60500;06.09.1982;7,9
Tafjord;SN60500;07.09.1982;8,6
Tafjord;SN60500;08.09.1982;11,2
Tafjord;SN60500;09.09.1982;10,8
Tafjord;SN60500;10.09.1982;18,2
Tafjord;SN60500;11.09.1982;10,5
Tafjord;SN60500;12.09.1982;9,3
Tafjord;SN60500;13.09.1982;10,2
Tafjord;SN60500;14.09.1982;11,6
Tafjord;SN60500;15.09.1982;18,3
Tafjord;SN60500;16.09.1982;10,7
Tafjord;SN60500;17.09.1982;13,2
Tafjord;SN60500;18.09.1982;12,8
Tafjord;SN60500;19.09.1982;9,8
Tafjord;SN60500;20.09.1982;11,8
Tafjord;SN60500;21.09.1982;14
Tafjord;SN60500;22.09.1982;9
Tafjord;SN60500;23.09.1982;6,8
Tafjord;SN60500;24.09.1982;9
Tafjord;SN60500;25.09.1982;13,9
Tafjord;SN60500;26.09.1982;18,7
Tafjord;SN60500;27.09.1982;15,8
Tafjord;SN60500;28.09.1982;16,8
Tafjord;SN60500;29.09.1982;15,9
Tafjord;SN60500;30.09.1982;10,1
Tafjord;SN60500;01.10.1982;10,9
Tafjord;SN60500;02.10.1982;18,2
Tafjord;SN60500;03.10.1982;16,3
Tafjord;SN60500;04.10.1982;17,5
Tafjord;SN60500;05.10.1982;14,6
Tafjord;SN60500;06.10.1982;9,8
Tafjord;SN60500;07.10.1982;7,2
Tafjord;SN60500;08.10.1982;11,4
Tafjord;SN60500;09.10.1982;11,5
Tafjord;SN60500;10.10.1982;10,3
Tafjord;SN60500;11.10.1982;8,1
Tafjord;SN60500;12.10.1982;7,2
Tafjord;SN60500;13.10.1982;8,4
Tafjord;SN60500;14.10.1982;10,2
Tafjord;SN60500;15.10.1982;5,1
Tafjord;SN60500;16.10.1982;6,8
Tafjord;SN60500;17.10.1982;7,9
Tafjord;SN60500;18.10.1982;9,8
Tafjord;SN60500;19.10.1982;11,2
Tafjord;SN60500;20.10.1982;10,4
Tafjord;SN60500;21.10.1982;8,2
Tafjord;SN60500;22.10.1982;10,7
Tafjord;SN60500;23.10.1982;7,3
Tafjord;SN60500;24.10.1982;8,7
Tafjord;SN60500;25.10.1982;8,6
Tafjord;SN60500;26.10.1982;7
Tafjord;SN60500;27.10.1982;9,1
Tafjord;SN60500;28.10.1982;13,6
Tafjord;SN60500;29.10.1982;14,4
Tafjord;SN60500;30.10.1982;10,2
Tafjord;SN60500;31.10.1982;5,9
Tafjord;SN60500;01.11.1982;11,8
Tafjord;SN60500;02.11.1982;7,3
Tafjord;SN60500;03.11.1982;5
Tafjord;SN60500;04.11.1982;3
Tafjord;SN60500;05.11.1982;4,7
Tafjord;SN60500;06.11.1982;9,4
Tafjord;SN60500;07.11.1982;10,1
Tafjord;SN60500;08.11.1982;8,7
Tafjord;SN60500;09.11.1982;11
Tafjord;SN60500;10.11.1982;10,7
Tafjord;SN60500;11.11.1982;8,2
Tafjord;SN60500;12.11.1982;12,1
Tafjord;SN60500;13.11.1982;5,8
Tafjord;SN60500;14.11.1982;7,5
Tafjord;SN60500;15.11.1982;5,3
Tafjord;SN60500;16.11.1982;5,5
Tafjord;SN60500;17.11.1982;3,9
Tafjord;SN60500;18.11.1982;2,9
Tafjord;SN60500;19.11.1982;4,8
Tafjord;SN60500;20.11.1982;1,5
Tafjord;SN60500;21.11.1982;4,8
Tafjord;SN60500;22.11.1982;4,7
Tafjord;SN60500;23.11.1982;5,5
Tafjord;SN60500;24.11.1982;2
Tafjord;SN60500;25.11.1982;4,5
Tafjord;SN60500;26.11.1982;3
Tafjord;SN60500;27.11.1982;2,7
Tafjord;SN60500;28.11.1982;3,3
Tafjord;SN60500;29.11.1982;1,3
Tafjord;SN60500;30.11.1982;8
Tafjord;SN60500;01.12.1982;8,3
Tafjord;SN60500;02.12.1982;5,7
Tafjord;SN60500;03.12.1982;4,1
Tafjord;SN60500;04.12.1982;4,3
Tafjord;SN60500;05.12.1982;7,7
Tafjord;SN60500;06.12.1982;1
Tafjord;SN60500;07.12.1982;-0,9
Tafjord;SN60500;08.12.1982;2,3
Tafjord;SN60500;09.12.1982;2,4
Tafjord;SN60500;10.12.1982;2
Tafjord;SN60500;11.12.1982;-0,4
Tafjord;SN60500;12.12.1982;-4,4
Tafjord;SN60500;13.12.1982;-2,8
Tafjord;SN60500;14.12.1982;1,5
Tafjord;SN60500;15.12.1982;4,4
Tafjord;SN60500;16.12.1982;0,7
Tafjord;SN60500;17.12.1982;-2,3
Tafjord;SN60500;18.12.1982;0,6
Tafjord;SN60500;19.12.1982;1,8
Tafjord;SN60500;20.12.1982;6
Tafjord;SN60500;21.12.1982;5,8
Tafjord;SN60500;22.12.1982;-0,2
Tafjord;SN60500;23.12.1982;0,2
Tafjord;SN60500;24.12.1982;4,9
Tafjord;SN60500;25.12.1982;5,8
Tafjord;SN60500;26.12.1982;3,6
Tafjord;SN60500;27.12.1982;3,5
Tafjord;SN60500;28.12.1982;1,5
Tafjord;SN60500;29.12.1982;1,3
Tafjord;SN60500;30.12.1982;4,6
Tafjord;SN60500;31.12.1982;3
Tafjord;SN60500;01.01.1983;11,1
Tafjord;SN60500;02.01.1983;2,3
Tafjord;SN60500;03.01.1983;6
Tafjord;SN60500;04.01.1983;5,8
Tafjord;SN60500;05.01.1983;3,9
Tafjord;SN60500;06.01.1983;2,3
Tafjord;SN60500;07.01.1983;3,4
Tafjord;SN60500;08.01.1983;0,5
Tafjord;SN60500;09.01.1983;2,7
Tafjord;SN60500;10.01.1983;1,4
Tafjord;SN60500;11.01.1983;3,5
Tafjord;SN60500;12.01.1983;2
Tafjord;SN60500;13.01.1983;2,1
Tafjord;SN60500;14.01.1983;-1,6
Tafjord;SN60500;15.01.1983;-6,9
Tafjord;SN60500;16.01.1983;-2,6
Tafjord;SN60500;17.01.1983;-1,5
Tafjord;SN60500;18.01.1983;-3,1
Tafjord;SN60500;19.01.1983;-1,5
Tafjord;SN60500;20.01.1983;-0,6
Tafjord;SN60500;21.01.1983;2,8
Tafjord;SN60500;22.01.1983;1,2
Tafjord;SN60500;23.01.1983;1,3
Tafjord;SN60500;24.01.1983;10,3
Tafjord;SN60500;25.01.1983;4,3
Tafjord;SN60500;26.01.1983;2
Tafjord;SN60500;27.01.1983;5,1
Tafjord;SN60500;28.01.1983;0,1
Tafjord;SN60500;29.01.1983;0,3
Tafjord;SN60500;30.01.1983;-1,5
Tafjord;SN60500;31.01.1983;-3
Tafjord;SN60500;01.02.1983;-1,8
Tafjord;SN60500;02.02.1983;-4,2
Tafjord;SN60500;03.02.1983;-1,2
Tafjord;SN60500;04.02.1983;-2,2
Tafjord;SN60500;05.02.1983;3,4
Tafjord;SN60500;06.02.1983;1,9
Tafjord;SN60500;07.02.1983;-1,9
Tafjord;SN60500;08.02.1983;-8,2
Tafjord;SN60500;09.02.1983;-1,2
Tafjord;SN60500;10.02.1983;0,9
Tafjord;SN60500;11.02.1983;-4
Tafjord;SN60500;12.02.1983;-2,3
Tafjord;SN60500;13.02.1983;0,8
Tafjord;SN60500;14.02.1983;0,9
Tafjord;SN60500;15.02.1983;1,3
Tafjord;SN60500;16.02.1983;-3,3
Tafjord;SN60500;17.02.1983;-3,6
Tafjord;SN60500;18.02.1983;1,5
Tafjord;SN60500;19.02.1983;1,9
Tafjord;SN60500;20.02.1983;-3,4
Tafjord;SN60500;21.02.1983;-3
Tafjord;SN60500;22.02.1983;0,7
Tafjord;SN60500;23.02.1983;2
Tafjord;SN60500;24.02.1983;-1,2
Tafjord;SN60500;25.02.1983;-3,1
Tafjord;SN60500;26.02.1983;-2,3
Tafjord;SN60500;27.02.1983;3,7
Tafjord;SN60500;28.02.1983;4,3
Tafjord;SN60500;01.03.1983;0,6
Tafjord;SN60500;02.03.1983;3,2
Tafjord;SN60500;03.03.1983;8
Tafjord;SN60500;04.03.1983;5,3
Tafjord;SN60500;05.03.1983;-0,3
Tafjord;SN60500;06.03.1983;-0,6
Tafjord;SN60500;07.03.1983;-0,5
Tafjord;SN60500;08.03.1983;0
Tafjord;SN60500;09.03.1983;1,8
Tafjord;SN60500;10.03.1983;1,1
Tafjord;SN60500;11.03.1983;-0,7
Tafjord;SN60500;12.03.1983;0,7
Tafjord;SN60500;13.03.1983;5,5
Tafjord;SN60500;14.03.1983;5,6
Tafjord;SN60500;15.03.1983;4,8
Tafjord;SN60500;16.03.1983;4,8
Tafjord;SN60500;17.03.1983;9,5
Tafjord;SN60500;18.03.1983;7,1
Tafjord;SN60500;19.03.1983;2
Tafjord;SN60500;20.03.1983;7,3
Tafjord;SN60500;21.03.1983;4,4
Tafjord;SN60500;22.03.1983;5,8
Tafjord;SN60500;23.03.1983;1,7
Tafjord;SN60500;24.03.1983;2
Tafjord;SN60500;25.03.1983;0,4
Tafjord;SN60500;26.03.1983;0,2
Tafjord;SN60500;27.03.1983;1,1
Tafjord;SN60500;28.03.1983;1,6
Tafjord;SN60500;29.03.1983;3,9
Tafjord;SN60500;30.03.1983;5,8
Tafjord;SN60500;31.03.1983;3,9
Tafjord;SN60500;01.04.1983;2,6
Tafjord;SN60500;02.04.1983;2
Tafjord;SN60500;03.04.1983;2,2
Tafjord;SN60500;04.04.1983;3,4
Tafjord;SN60500;05.04.1983;3,1
Tafjord;SN60500;06.04.1983;5,6
Tafjord;SN60500;07.04.1983;5,8
Tafjord;SN60500;08.04.1983;2,6
Tafjord;SN60500;09.04.1983;2,9
Tafjord;SN60500;10.04.1983;4
Tafjord;SN60500;11.04.1983;2,7
Tafjord;SN60500;12.04.1983;2,7
Tafjord;SN60500;13.04.1983;3,7
Tafjord;SN60500;14.04.1983;7,8
Tafjord;SN60500;15.04.1983;6,2
Tafjord;SN60500;16.04.1983;10,7
Tafjord;SN60500;17.04.1983;9,4
Tafjord;SN60500;18.04.1983;6,6
Tafjord;SN60500;19.04.1983;4,2
Tafjord;SN60500;20.04.1983;12,1
Tafjord;SN60500;21.04.1983;11,4
Tafjord;SN60500;22.04.1983;9,1
Tafjord;SN60500;23.04.1983;6,4
Tafjord;SN60500;24.04.1983;7,9
Tafjord;SN60500;25.04.1983;7,3
Tafjord;SN60500;26.04.1983;7,6
Tafjord;SN60500;27.04.1983;8,1
Tafjord;SN60500;28.04.1983;7,1
Tafjord;SN60500;29.04.1983;10,3
Tafjord;SN60500;30.04.1983;9,8
Tafjord;SN60500;01.05.1983;8,2
Tafjord;SN60500;02.05.1983;7,3
Tafjord;SN60500;03.05.1983;7
Tafjord;SN60500;04.05.1983;8,8
Tafjord;SN60500;05.05.1983;8,1
Tafjord;SN60500;06.05.1983;9,6
Tafjord;SN60500;07.05.1983;13,6
Tafjord;SN60500;08.05.1983;14,7
Tafjord;SN60500;09.05.1983;13,5
Tafjord;SN60500;10.05.1983;13,6
Tafjord;SN60500;11.05.1983;9,2
Tafjord;SN60500;12.05.1983;12,6
Tafjord;SN60500;13.05.1983;9,3
Tafjord;SN60500;14.05.1983;11,4
Tafjord;SN60500;15.05.1983;11,3
Tafjord;SN60500;16.05.1983;13,8
Tafjord;SN60500;17.05.1983;10,1
Tafjord;SN60500;18.05.1983;10,4
Tafjord;SN60500;19.05.1983;10,4
Tafjord;SN60500;20.05.1983;13,3
Tafjord;SN60500;21.05.1983;12
Tafjord;SN60500;22.05.1983;8,8
Tafjord;SN60500;23.05.1983;11,5
Tafjord;SN60500;24.05.1983;10,3
Tafjord;SN60500;25.05.1983;9,2
Tafjord;SN60500;26.05.1983;9,5
Tafjord;SN60500;27.05.1983;10,3
Tafjord;SN60500;28.05.1983;9,9
Tafjord;SN60500;29.05.1983;9,6
Tafjord;SN60500;30.05.1983;11,9
Tafjord;SN60500;31.05.1983;10,1
Tafjord;SN60500;01.06.1983;9,6
Tafjord;SN60500;02.06.1983;9,3
Tafjord;SN60500;03.06.1983;9,5
Tafjord;SN60500;04.06.1983;9,5
Tafjord;SN60500;05.06.1983;9,6
Tafjord;SN60500;06.06.1983;9,2
Tafjord;SN60500;07.06.1983;11,7
Tafjord;SN60500;08.06.1983;10
Tafjord;SN60500;09.06.1983;12,6
Tafjord;SN60500;10.06.1983;10,2
Tafjord;SN60500;11.06.1983;11,5
Tafjord;SN60500;12.06.1983;14,9
Tafjord;SN60500;13.06.1983;12,2
Tafjord;SN60500;14.06.1983;13,5
Tafjord;SN60500;15.06.1983;12,2
Tafjord;SN60500;16.06.1983;10,3
Tafjord;SN60500;17.06.1983;9,4
Tafjord;SN60500;18.06.1983;10,9
Tafjord;SN60500;19.06.1983;13
Tafjord;SN60500;20.06.1983;12,1
Tafjord;SN60500;21.06.1983;13,6
Tafjord;SN60500;22.06.1983;14,6
Tafjord;SN60500;23.06.1983;12,4
Tafjord;SN60500;24.06.1983;10,5
Tafjord;SN60500;25.06.1983;12,5
Tafjord;SN60500;26.06.1983;13,8
Tafjord;SN60500;27.06.1983;10,3
Tafjord;SN60500;28.06.1983;11,8
Tafjord;SN60500;29.06.1983;12,4
Tafjord;SN60500;30.06.1983;13,5
Tafjord;SN60500;01.07.1983;13,3
Tafjord;SN60500;02.07.1983;14,4
Tafjord;SN60500;03.07.1983;13,3
Tafjord;SN60500;04.07.1983;12,6
Tafjord;SN60500;05.07.1983;14,3
Tafjord;SN60500;06.07.1983;15,1
Tafjord;SN60500;07.07.1983;16,6
Tafjord;SN60500;08.07.1983;17,5
Tafjord;SN60500;09.07.1983;18,4
Tafjord;SN60500;10.07.1983;17,4
Tafjord;SN60500;11.07.1983;16,4
Tafjord;SN60500;12.07.1983;14,9
Tafjord;SN60500;13.07.1983;14,6
Tafjord;SN60500;14.07.1983;16,1
Tafjord;SN60500;15.07.1983;13,5
Tafjord;SN60500;16.07.1983;11,7
Tafjord;SN60500;17.07.1983;11,6
Tafjord;SN60500;18.07.1983;13,2
Tafjord;SN60500;19.07.1983;7,9
Tafjord;SN60500;20.07.1983;9
Tafjord;SN60500;21.07.1983;8,3
Tafjord;SN60500;22.07.1983;12
Tafjord;SN60500;23.07.1983;14,4
Tafjord;SN60500;24.07.1983;15,1
Tafjord;SN60500;25.07.1983;16,8
Tafjord;SN60500;26.07.1983;17,6
Tafjord;SN60500;27.07.1983;16,2
Tafjord;SN60500;28.07.1983;14,4
Tafjord;SN60500;29.07.1983;12,7
Tafjord;SN60500;30.07.1983;13
Tafjord;SN60500;31.07.1983;13,2
Tafjord;SN60500;01.08.1983;12,1
Tafjord;SN60500;02.08.1983;11,3
Tafjord;SN60500;03.08.1983;11,9
Tafjord;SN60500;04.08.1983;14,4
Tafjord;SN60500;05.08.1983;13,3
Tafjord;SN60500;06.08.1983;13,1
Tafjord;SN60500;07.08.1983;15,7
Tafjord;SN60500;08.08.1983;15,3
Tafjord;SN60500;09.08.1983;17,5
Tafjord;SN60500;10.08.1983;16,2
Tafjord;SN60500;11.08.1983;14,6
Tafjord;SN60500;12.08.1983;12,2
Tafjord;SN60500;13.08.1983;10,4
Tafjord;SN60500;14.08.1983;10,3
Tafjord;SN60500;15.08.1983;14,4
Tafjord;SN60500;16.08.1983;12,4
Tafjord;SN60500;17.08.1983;11,3
Tafjord;SN60500;18.08.1983;9,1
Tafjord;SN60500;19.08.1983;12,8
Tafjord;SN60500;20.08.1983;14,1
Tafjord;SN60500;21.08.1983;15
Tafjord;SN60500;22.08.1983;15
Tafjord;SN60500;23.08.1983;12,9
Tafjord;SN60500;24.08.1983;11,6
Tafjord;SN60500;25.08.1983;10,4
Tafjord;SN60500;26.08.1983;14,9
Tafjord;SN60500;27.08.1983;16,8
Tafjord;SN60500;28.08.1983;13
Tafjord;SN60500;29.08.1983;11,4
Tafjord;SN60500;30.08.1983;14,8
Tafjord;SN60500;31.08.1983;11,8
Tafjord;SN60500;01.09.1983;11,5
Tafjord;SN60500;02.09.1983;18,9
Tafjord;SN60500;03.09.1983;17,8
Tafjord;SN60500;04.09.1983;17,6
Tafjord;SN60500;05.09.1983;11,7
Tafjord;SN60500;06.09.1983;11,1
Tafjord;SN60500;07.09.1983;10
Tafjord;SN60500;08.09.1983;8,3
Tafjord;SN60500;09.09.1983;7,5
Tafjord;SN60500;10.09.1983;13,9
Tafjord;SN60500;11.09.1983;11,5
Tafjord;SN60500;12.09.1983;10,9
Tafjord;SN60500;13.09.1983;11,9
Tafjord;SN60500;14.09.1983;11,3
Tafjord;SN60500;15.09.1983;13
Tafjord;SN60500;16.09.1983;11,6
Tafjord;SN60500;17.09.1983;12,1
Tafjord;SN60500;18.09.1983;12,4
Tafjord;SN60500;19.09.1983;15,3
Tafjord;SN60500;20.09.1983;12,7
Tafjord;SN60500;21.09.1983;10,2
Tafjord;SN60500;22.09.1983;9,1
Tafjord;SN60500;23.09.1983;9,1
Tafjord;SN60500;24.09.1983;7,8
Tafjord;SN60500;25.09.1983;6,8
Tafjord;SN60500;26.09.1983;9,5
Tafjord;SN60500;27.09.1983;9,2
Tafjord;SN60500;28.09.1983;5,9
Tafjord;SN60500;29.09.1983;4,9
Tafjord;SN60500;30.09.1983;4,9
Tafjord;SN60500;01.10.1983;2,6
Tafjord;SN60500;02.10.1983;7,5
Tafjord;SN60500;03.10.1983;8,9
Tafjord;SN60500;04.10.1983;9,8
Tafjord;SN60500;05.10.1983;9,6
Tafjord;SN60500;06.10.1983;6,7
Tafjord;SN60500;07.10.1983;4
Tafjord;SN60500;08.10.1983;5,6
Tafjord;SN60500;09.10.1983;5,6
Tafjord;SN60500;10.10.1983;10,2
Tafjord;SN60500;11.10.1983;8,6
Tafjord;SN60500;12.10.1983;4,7
Tafjord;SN60500;13.10.1983;9,1
Tafjord;SN60500;14.10.1983;11
Tafjord;SN60500;15.10.1983;13,1
Tafjord;SN60500;16.10.1983;12,5
Tafjord;SN60500;17.10.1983;7,6
Tafjord;SN60500;18.10.1983;7,3
Tafjord;SN60500;19.10.1983;6,7
Tafjord;SN60500;20.10.1983;1,9
Tafjord;SN60500;21.10.1983;6,4
Tafjord;SN60500;22.10.1983;6,8
Tafjord;SN60500;23.10.1983;7,7
Tafjord;SN60500;24.10.1983;0,5
Tafjord;SN60500;25.10.1983;6,3
Tafjord;SN60500;26.10.1983;7
Tafjord;SN60500;27.10.1983;5,4
Tafjord;SN60500;28.10.1983;1,3
Tafjord;SN60500;29.10.1983;3,9
Tafjord;SN60500;30.10.1983;9,5
Tafjord;SN60500;31.10.1983;6,5
Tafjord;SN60500;01.11.1983;5,6
Tafjord;SN60500;02.11.1983;4,7
Tafjord;SN60500;03.11.1983;5,2
Tafjord;SN60500;04.11.1983;5,7
Tafjord;SN60500;05.11.1983;7,8
Tafjord;SN60500;06.11.1983;2
Tafjord;SN60500;07.11.1983;9,9
Tafjord;SN60500;08.11.1983;9,2
Tafjord;SN60500;09.11.1983;1,5
Tafjord;SN60500;10.11.1983;0,2
Tafjord;SN60500;11.11.1983;-1,4
Tafjord;SN60500;12.11.1983;1,2
Tafjord;SN60500;13.11.1983;2,8
Tafjord;SN60500;14.11.1983;4,1
Tafjord;SN60500;15.11.1983;4,1
Tafjord;SN60500;16.11.1983;2,8
Tafjord;SN60500;17.11.1983;0,7
Tafjord;SN60500;18.11.1983;3,3
Tafjord;SN60500;19.11.1983;3,9
Tafjord;SN60500;20.11.1983;1,5
Tafjord;SN60500;21.11.1983;-1,5
Tafjord;SN60500;22.11.1983;-2,2
Tafjord;SN60500;23.11.1983;-1,9
Tafjord;SN60500;24.11.1983;2,7
Tafjord;SN60500;25.11.1983;2,2
Tafjord;SN60500;26.11.1983;1,7
Tafjord;SN60500;27.11.1983;3,6
Tafjord;SN60500;28.11.1983;-1
Tafjord;SN60500;29.11.1983;-0,2
Tafjord;SN60500;30.11.1983;-3,5
Tafjord;SN60500;01.12.1983;4
Tafjord;SN60500;02.12.1983;4,3
Tafjord;SN60500;03.12.1983;5,8
Tafjord;SN60500;04.12.1983;3,2
Tafjord;SN60500;05.12.1983;4,1
Tafjord;SN60500;06.12.1983;0,6
Tafjord;SN60500;07.12.1983;1
Tafjord;SN60500;08.12.1983;3
Tafjord;SN60500;09.12.1983;-0,6
Tafjord;SN60500;10.12.1983;-3,3
Tafjord;SN60500;11.12.1983;-2,5
Tafjord;SN60500;12.12.1983;3,4
Tafjord;SN60500;13.12.1983;4,5
Tafjord;SN60500;14.12.1983;11,6
Tafjord;SN60500;15.12.1983;6,3
Tafjord;SN60500;16.12.1983;7,8
Tafjord;SN60500;17.12.1983;3,1
Tafjord;SN60500;18.12.1983;2,1
Tafjord;SN60500;19.12.1983;-0,6
Tafjord;SN60500;20.12.1983;2,8
Tafjord;SN60500;21.12.1983;4,3
Tafjord;SN60500;22.12.1983;4,4
Tafjord;SN60500;23.12.1983;2,1
Tafjord;SN60500;24.12.1983;0,4
Tafjord;SN60500;25.12.1983;2,7
Tafjord;SN60500;26.12.1983;1,2
Tafjord;SN60500;27.12.1983;3,4
Tafjord;SN60500;28.12.1983;3,7
Tafjord;SN60500;29.12.1983;2,4
Tafjord;SN60500;30.12.1983;1,7
Tafjord;SN60500;31.12.1983;0,5
Tafjord;SN60500;01.01.1984;1,3
Tafjord;SN60500;02.01.1984;-1
Tafjord;SN60500;03.01.1984;1,5
Tafjord;SN60500;04.01.1984;1,8
Tafjord;SN60500;05.01.1984;-0,1
Tafjord;SN60500;06.01.1984;0,2
Tafjord;SN60500;07.01.1984;2
Tafjord;SN60500;08.01.1984;-6,5
Tafjord;SN60500;09.01.1984;-2,5
Tafjord;SN60500;10.01.1984;8,4
Tafjord;SN60500;11.01.1984;3
Tafjord;SN60500;12.01.1984;5,5
Tafjord;SN60500;13.01.1984;2,9
Tafjord;SN60500;14.01.1984;0,1
Tafjord;SN60500;15.01.1984;-1,6
Tafjord;SN60500;16.01.1984;-1,2
Tafjord;SN60500;17.01.1984;-3,1
Tafjord;SN60500;18.01.1984;-3,8
Tafjord;SN60500;19.01.1984;-3,6
Tafjord;SN60500;20.01.1984;-4
Tafjord;SN60500;21.01.1984;-1,7
Tafjord;SN60500;22.01.1984;-1
Tafjord;SN60500;23.01.1984;-5,1
Tafjord;SN60500;24.01.1984;-7,7
Tafjord;SN60500;25.01.1984;-5,9
Tafjord;SN60500;26.01.1984;-5,7
Tafjord;SN60500;27.01.1984;0,5
Tafjord;SN60500;28.01.1984;0,3
Tafjord;SN60500;29.01.1984;2,5
Tafjord;SN60500;30.01.1984;2,9
Tafjord;SN60500;31.01.1984;4,1
Tafjord;SN60500;01.02.1984;4,5
Tafjord;SN60500;02.02.1984;4,2
Tafjord;SN60500;03.02.1984;3,6
Tafjord;SN60500;04.02.1984;5,6
Tafjord;SN60500;05.02.1984;3,5
Tafjord;SN60500;06.02.1984;4,8
Tafjord;SN60500;07.02.1984;0,5
Tafjord;SN60500;08.02.1984;-3,3
Tafjord;SN60500;09.02.1984;-0,9
Tafjord;SN60500;10.02.1984;1
Tafjord;SN60500;11.02.1984;2,1
Tafjord;SN60500;12.02.1984;2,4
Tafjord;SN60500;13.02.1984;7,9
Tafjord;SN60500;14.02.1984;5,6
Tafjord;SN60500;15.02.1984;5,3
Tafjord;SN60500;16.02.1984;2,7
Tafjord;SN60500;17.02.1984;4,2
Tafjord;SN60500;18.02.1984;6,6
Tafjord;SN60500;19.02.1984;2,8
Tafjord;SN60500;20.02.1984;-1,1
Tafjord;SN60500;21.02.1984;1
Tafjord;SN60500;22.02.1984;1,3
Tafjord;SN60500;23.02.1984;-0,3
Tafjord;SN60500;24.02.1984;1,6
Tafjord;SN60500;25.02.1984;2,2
Tafjord;SN60500;26.02.1984;3,1
Tafjord;SN60500;27.02.1984;4,7
Tafjord;SN60500;28.02.1984;4,6
Tafjord;SN60500;29.02.1984;0,5
Tafjord;SN60500;01.03.1984;-1,7
Tafjord;SN60500;02.03.1984;-0,9
Tafjord;SN60500;03.03.1984;-0,2
Tafjord;SN60500;04.03.1984;4,9
Tafjord;SN60500;05.03.1984;2,1
Tafjord;SN60500;06.03.1984;2,9
Tafjord;SN60500;07.03.1984;0,6
Tafjord;SN60500;08.03.1984;0,4
Tafjord;SN60500;09.03.1984;0,8
Tafjord;SN60500;10.03.1984;1,4
Tafjord;SN60500;11.03.1984;1,5
Tafjord;SN60500;12.03.1984;2,8
Tafjord;SN60500;13.03.1984;2,4
Tafjord;SN60500;14.03.1984;-1,1
Tafjord;SN60500;15.03.1984;1,5
Tafjord;SN60500;16.03.1984;0,3
Tafjord;SN60500;17.03.1984;-1,5
Tafjord;SN60500;18.03.1984;0,8
Tafjord;SN60500;19.03.1984;1,4
Tafjord;SN60500;20.03.1984;0,8
Tafjord;SN60500;21.03.1984;3,6
Tafjord;SN60500;22.03.1984;3,2
Tafjord;SN60500;23.03.1984;0,9
Tafjord;SN60500;24.03.1984;0,4
Tafjord;SN60500;25.03.1984;1
Tafjord;SN60500;26.03.1984;1,4
Tafjord;SN60500;27.03.1984;0
Tafjord;SN60500;28.03.1984;0,6
Tafjord;SN60500;29.03.1984;3,7
Tafjord;SN60500;30.03.1984;1,8
Tafjord;SN60500;31.03.1984;0
Tafjord;SN60500;01.04.1984;0
Tafjord;SN60500;02.04.1984;2,8
Tafjord;SN60500;03.04.1984;4,5
Tafjord;SN60500;04.04.1984;6,3
Tafjord;SN60500;05.04.1984;7,7
Tafjord;SN60500;06.04.1984;10,4
Tafjord;SN60500;07.04.1984;5,3
Tafjord;SN60500;08.04.1984;4,8
Tafjord;SN60500;09.04.1984;5,2
Tafjord;SN60500;10.04.1984;7,5
Tafjord;SN60500;11.04.1984;8
Tafjord;SN60500;12.04.1984;6,6
Tafjord;SN60500;13.04.1984;5
Tafjord;SN60500;14.04.1984;2,4
Tafjord;SN60500;15.04.1984;6,7
Tafjord;SN60500;16.04.1984;4,3
Tafjord;SN60500;17.04.1984;1,7
Tafjord;SN60500;18.04.1984;3,5
Tafjord;SN60500;19.04.1984;9,8
Tafjord;SN60500;20.04.1984;9,5
Tafjord;SN60500;21.04.1984;13,9
Tafjord;SN60500;22.04.1984;8,1
Tafjord;SN60500;23.04.1984;6,9
Tafjord;SN60500;24.04.1984;9
Tafjord;SN60500;25.04.1984;7,3
Tafjord;SN60500;26.04.1984;8
Tafjord;SN60500;27.04.1984;7,9
Tafjord;SN60500;28.04.1984;9,6
Tafjord;SN60500;29.04.1984;9,6
Tafjord;SN60500;30.04.1984;8,3
Tafjord;SN60500;01.05.1984;11,5
Tafjord;SN60500;02.05.1984;14
Tafjord;SN60500;03.05.1984;9,1
Tafjord;SN60500;04.05.1984;8,2
Tafjord;SN60500;05.05.1984;7,2
Tafjord;SN60500;06.05.1984;5
Tafjord;SN60500;07.05.1984;4,1
Tafjord;SN60500;08.05.1984;3,5
Tafjord;SN60500;09.05.1984;4,6
Tafjord;SN60500;10.05.1984;6,3
Tafjord;SN60500;11.05.1984;6,4
Tafjord;SN60500;12.05.1984;8
Tafjord;SN60500;13.05.1984;11,8
Tafjord;SN60500;14.05.1984;13,5
Tafjord;SN60500;15.05.1984;11,8
Tafjord;SN60500;16.05.1984;13,8
Tafjord;SN60500;17.05.1984;12,1
Tafjord;SN60500;18.05.1984;11,2
Tafjord;SN60500;19.05.1984;11,1
Tafjord;SN60500;20.05.1984;11
Tafjord;SN60500;21.05.1984;12,8
Tafjord;SN60500;22.05.1984;14,5
Tafjord;SN60500;23.05.1984;12,8
Tafjord;SN60500;24.05.1984;11,1
Tafjord;SN60500;25.05.1984;10,4
Tafjord;SN60500;26.05.1984;10,3
Tafjord;SN60500;27.05.1984;12,7
Tafjord;SN60500;28.05.1984;12,3
Tafjord;SN60500;29.05.1984;17,5
Tafjord;SN60500;30.05.1984;14,4
Tafjord;SN60500;31.05.1984;14,8
Tafjord;SN60500;01.08.1984;18,2
Tafjord;SN60500;02.08.1984;13,4
Tafjord;SN60500;03.08.1984;14
Tafjord;SN60500;04.08.1984;15
Tafjord;SN60500;05.08.1984;15,5
Tafjord;SN60500;06.08.1984;13,3
Tafjord;SN60500;07.08.1984;13,6
Tafjord;SN60500;08.08.1984;14,1
Tafjord;SN60500;09.08.1984;12,8
Tafjord;SN60500;10.08.1984;13,4
Tafjord;SN60500;11.08.1984;13,2
Tafjord;SN60500;12.08.1984;15
Tafjord;SN60500;13.08.1984;15,5
Tafjord;SN60500;14.08.1984;14,9
Tafjord;SN60500;15.08.1984;12,6
Tafjord;SN60500;16.08.1984;11,4
Tafjord;SN60500;17.08.1984;10,7
Tafjord;SN60500;18.08.1984;12,6
Tafjord;SN60500;19.08.1984;14,2
Tafjord;SN60500;20.08.1984;15,4
Tafjord;SN60500;21.08.1984;16,4
Tafjord;SN60500;22.08.1984;15,9
Tafjord;SN60500;23.08.1984;14,1
Tafjord;SN60500;24.08.1984;12,6
Tafjord;SN60500;25.08.1984;10
Tafjord;SN60500;26.08.1984;10,1
Tafjord;SN60500;27.08.1984;9,3
Tafjord;SN60500;28.08.1984;11,6
Tafjord;SN60500;29.08.1984;12,7
Tafjord;SN60500;30.08.1984;12,1
Tafjord;SN60500;31.08.1984;10,1
Tafjord;SN60500;01.09.1984;8,8
Tafjord;SN60500;02.09.1984;9,4
Tafjord;SN60500;03.09.1984;8,7
Tafjord;SN60500;04.09.1984;7,7
Tafjord;SN60500;05.09.1984;8,6
Tafjord;SN60500;06.09.1984;10,2
Tafjord;SN60500;07.09.1984;12,3
Tafjord;SN60500;08.09.1984;12,5
Tafjord;SN60500;09.09.1984;10,5
Tafjord;SN60500;10.09.1984;10,2
Tafjord;SN60500;11.09.1984;7,5
Tafjord;SN60500;12.09.1984;8,4
Tafjord;SN60500;13.09.1984;7
Tafjord;SN60500;14.09.1984;12,4
Tafjord;SN60500;15.09.1984;9,3
Tafjord;SN60500;16.09.1984;11,9
Tafjord;SN60500;17.09.1984;13,6
Tafjord;SN60500;18.09.1984;12,8
Tafjord;SN60500;19.09.1984;13,4
Tafjord;SN60500;20.09.1984;12,7
Tafjord;SN60500;21.09.1984;11,5
Tafjord;SN60500;22.09.1984;14,5
Tafjord;SN60500;23.09.1984;9,9
Tafjord;SN60500;24.09.1984;7,6
Tafjord;SN60500;25.09.1984;9
Tafjord;SN60500;26.09.1984;7,7
Tafjord;SN60500;27.09.1984;9,2
Tafjord;SN60500;28.09.1984;10,3
Tafjord;SN60500;29.09.1984;7,2
Tafjord;SN60500;30.09.1984;12,9
Tafjord;SN60500;01.10.1984;11,2
Tafjord;SN60500;02.10.1984;10,6
Tafjord;SN60500;03.10.1984;9,6
Tafjord;SN60500;04.10.1984;9,8
Tafjord;SN60500;05.10.1984;7,9
Tafjord;SN60500;06.10.1984;7
Tafjord;SN60500;07.10.1984;7,9
Tafjord;SN60500;08.10.1984;6
Tafjord;SN60500;09.10.1984;6,7
Tafjord;SN60500;10.10.1984;7,3
Tafjord;SN60500;11.10.1984;6
Tafjord;SN60500;12.10.1984;4,4
Tafjord;SN60500;13.10.1984;6,5
Tafjord;SN60500;14.10.1984;7,5
Tafjord;SN60500;15.10.1984;6,9
Tafjord;SN60500;16.10.1984;8,6
Tafjord;SN60500;17.10.1984;8,6
Tafjord;SN60500;18.10.1984;8,1
Tafjord;SN60500;19.10.1984;10
Tafjord;SN60500;20.10.1984;9,4
Tafjord;SN60500;21.10.1984;6,1
Tafjord;SN60500;22.10.1984;2,9
Tafjord;SN60500;23.10.1984;4,7
Tafjord;SN60500;24.10.1984;6,4
Tafjord;SN60500;25.10.1984;9,1
Tafjord;SN60500;26.10.1984;11,7
Tafjord;SN60500;27.10.1984;6,9
Tafjord;SN60500;28.10.1984;7,2
Tafjord;SN60500;29.10.1984;11,2
Tafjord;SN60500;30.10.1984;12
Tafjord;SN60500;31.10.1984;8,7
Tafjord;SN60500;01.11.1984;14,2
Tafjord;SN60500;02.11.1984;10,3
Tafjord;SN60500;03.11.1984;4,7
Tafjord;SN60500;04.11.1984;3,7
Tafjord;SN60500;05.11.1984;2,3
Tafjord;SN60500;06.11.1984;2,2
Tafjord;SN60500;07.11.1984;5,3
Tafjord;SN60500;08.11.1984;6,8
Tafjord;SN60500;09.11.1984;8,9
Tafjord;SN60500;10.11.1984;11,3
Tafjord;SN60500;11.11.1984;10
Tafjord;SN60500;12.11.1984;13,3
Tafjord;SN60500;13.11.1984;13,1
Tafjord;SN60500;14.11.1984;9,9
Tafjord;SN60500;15.11.1984;10,2
Tafjord;SN60500;16.11.1984;6,4
Tafjord;SN60500;17.11.1984;6,6
Tafjord;SN60500;18.11.1984;5,6
Tafjord;SN60500;19.11.1984;1,8
Tafjord;SN60500;20.11.1984;-1,4
Tafjord;SN60500;21.11.1984;1
Tafjord;SN60500;22.11.1984;6,6
Tafjord;SN60500;23.11.1984;8,7
Tafjord;SN60500;24.11.1984;6,3
Tafjord;SN60500;25.11.1984;4,3
Tafjord;SN60500;26.11.1984;2,6
Tafjord;SN60500;27.11.1984;7
Tafjord;SN60500;28.11.1984;10,6
Tafjord;SN60500;29.11.1984;8,5
Tafjord;SN60500;30.11.1984;13,7
Tafjord;SN60500;01.12.1984;12,9
Tafjord;SN60500;02.12.1984;10,6
Tafjord;SN60500;03.12.1984;6,6
Tafjord;SN60500;04.12.1984;6,5
Tafjord;SN60500;05.12.1984;9,5
Tafjord;SN60500;06.12.1984;7
Tafjord;SN60500;07.12.1984;6,5
Tafjord;SN60500;08.12.1984;5
Tafjord;SN60500;09.12.1984;4,4
Tafjord;SN60500;10.12.1984;4,7
Tafjord;SN60500;11.12.1984;3,2
Tafjord;SN60500;12.12.1984;5,4
Tafjord;SN60500;13.12.1984;5,1
Tafjord;SN60500;14.12.1984;5,4
Tafjord;SN60500;15.12.1984;3,3
Tafjord;SN60500;16.12.1984;0,9
Tafjord;SN60500;17.12.1984;-0,9
Tafjord;SN60500;18.12.1984;-0,4
Tafjord;SN60500;19.12.1984;1,9
Tafjord;SN60500;20.12.1984;5,4
Tafjord;SN60500;21.12.1984;3,8
Tafjord;SN60500;22.12.1984;0,2
Tafjord;SN60500;23.12.1984;10,1
Tafjord;SN60500;24.12.1984;12,6
Tafjord;SN60500;25.12.1984;5,2
Tafjord;SN60500;26.12.1984;5,7
Tafjord;SN60500;27.12.1984;2,7
Tafjord;SN60500;28.12.1984;0,5
Tafjord;SN60500;29.12.1984;-3,3
Tafjord;SN60500;30.12.1984;-0,9
Tafjord;SN60500;31.12.1984;0,7
Tafjord;SN60500;01.01.1985;-3,4
Tafjord;SN60500;02.01.1985;-3,2
Tafjord;SN60500;03.01.1985;-0,6
Tafjord;SN60500;04.01.1985;-2,6
Tafjord;SN60500;05.01.1985;-2,9
Tafjord;SN60500;06.01.1985;-2,9
Tafjord;SN60500;07.01.1985;-3,1
Tafjord;SN60500;08.01.1985;-0,9
Tafjord;SN60500;09.01.1985;-1,5
Tafjord;SN60500;10.01.1985;-0,9
Tafjord;SN60500;11.01.1985;-0,3
Tafjord;SN60500;12.01.1985;0,3
Tafjord;SN60500;13.01.1985;0,1
Tafjord;SN60500;14.01.1985;0,9
Tafjord;SN60500;15.01.1985;-0,4
Tafjord;SN60500;16.01.1985;-8,8
Tafjord;SN60500;17.01.1985;-8,3
Tafjord;SN60500;18.01.1985;-2,2
Tafjord;SN60500;19.01.1985;-3,3
Tafjord;SN60500;20.01.1985;-2,9
Tafjord;SN60500;21.01.1985;-4,6
Tafjord;SN60500;22.01.1985;-0,9
Tafjord;SN60500;23.01.1985;-2,7
Tafjord;SN60500;24.01.1985;-5,5
Tafjord;SN60500;25.01.1985;-8,4
Tafjord;SN60500;26.01.1985;-9,6
Tafjord;SN60500;27.01.1985;-4
Tafjord;SN60500;28.01.1985;0,4
Tafjord;SN60500;29.01.1985;0,5
Tafjord;SN60500;30.01.1985;-4,9
Tafjord;SN60500;31.01.1985;2,2
Tafjord;SN60500;01.02.1985;2,6
Tafjord;SN60500;02.02.1985;-1,6
Tafjord;SN60500;03.02.1985;-3,4
Tafjord;SN60500;04.02.1985;3
Tafjord;SN60500;05.02.1985;2,9
Tafjord;SN60500;06.02.1985;-0,6
Tafjord;SN60500;07.02.1985;-6
Tafjord;SN60500;08.02.1985;-8,1
Tafjord;SN60500;09.02.1985;-5,3
Tafjord;SN60500;10.02.1985;-2,2
Tafjord;SN60500;11.02.1985;-0,5
Tafjord;SN60500;12.02.1985;-1,1
Tafjord;SN60500;13.02.1985;-4
Tafjord;SN60500;14.02.1985;-8,3
Tafjord;SN60500;15.02.1985;-4,8
Tafjord;SN60500;16.02.1985;-0,4
Tafjord;SN60500;17.02.1985;-4,1
Tafjord;SN60500;18.02.1985;-3,5
Tafjord;SN60500;19.02.1985;0,5
Tafjord;SN60500;20.02.1985;1,1
Tafjord;SN60500;21.02.1985;-2,2
Tafjord;SN60500;22.02.1985;2,7
Tafjord;SN60500;23.02.1985;7,2
Tafjord;SN60500;24.02.1985;2,8
Tafjord;SN60500;25.02.1985;2,1
Tafjord;SN60500;26.02.1985;5,5
Tafjord;SN60500;27.02.1985;3,2
Tafjord;SN60500;28.02.1985;2,3
Tafjord;SN60500;01.03.1985;2,6
Tafjord;SN60500;02.03.1985;0,2
Tafjord;SN60500;03.03.1985;1,1
Tafjord;SN60500;04.03.1985;4
Tafjord;SN60500;05.03.1985;6,3
Tafjord;SN60500;06.03.1985;5,3
Tafjord;SN60500;07.03.1985;2
Tafjord;SN60500;08.03.1985;2,2
Tafjord;SN60500;09.03.1985;8,3
Tafjord;SN60500;10.03.1985;3,1
Tafjord;SN60500;11.03.1985;4,4
Tafjord;SN60500;12.03.1985;4,4
Tafjord;SN60500;13.03.1985;5,6
Tafjord;SN60500;14.03.1985;1,3
Tafjord;SN60500;15.03.1985;0,2
Tafjord;SN60500;16.03.1985;-0,7
Tafjord;SN60500;17.03.1985;-1,2
Tafjord;SN60500;18.03.1985;-1,8
Tafjord;SN60500;19.03.1985;-0,1
Tafjord;SN60500;20.03.1985;2,4
Tafjord;SN60500;21.03.1985;5,5
Tafjord;SN60500;22.03.1985;5,4
Tafjord;SN60500;23.03.1985;8,3
Tafjord;SN60500;24.03.1985;7,3
Tafjord;SN60500;25.03.1985;4,1
Tafjord;SN60500;26.03.1985;3,3
Tafjord;SN60500;27.03.1985;-0,7
Tafjord;SN60500;28.03.1985;-2,4
Tafjord;SN60500;29.03.1985;-0,2
Tafjord;SN60500;30.03.1985;2,7
Tafjord;SN60500;31.03.1985;3,8
Tafjord;SN60500;01.04.1985;2,8
Tafjord;SN60500;02.04.1985;2,2
Tafjord;SN60500;03.04.1985;2,5
Tafjord;SN60500;04.04.1985;5,9
Tafjord;SN60500;05.04.1985;7,4
Tafjord;SN60500;06.04.1985;7,5
Tafjord;SN60500;07.04.1985;6,7
Tafjord;SN60500;08.04.1985;5,3
Tafjord;SN60500;09.04.1985;3,8
Tafjord;SN60500;10.04.1985;4
Tafjord;SN60500;11.04.1985;5,4
Tafjord;SN60500;12.04.1985;6
Tafjord;SN60500;13.04.1985;9,3
Tafjord;SN60500;14.04.1985;8,1
Tafjord;SN60500;15.04.1985;5,8
Tafjord;SN60500;16.04.1985;6,8
Tafjord;SN60500;17.04.1985;6,1
Tafjord;SN60500;18.04.1985;6
Tafjord;SN60500;19.04.1985;6,9
Tafjord;SN60500;20.04.1985;6,3
Tafjord;SN60500;21.04.1985;5,6
Tafjord;SN60500;22.04.1985;4,3
Tafjord;SN60500;23.04.1985;3,8
Tafjord;SN60500;24.04.1985;-0,2
Tafjord;SN60500;25.04.1985;-2,6
Tafjord;SN60500;26.04.1985;0,3
Tafjord;SN60500;27.04.1985;2,1
Tafjord;SN60500;28.04.1985;1,6
Tafjord;SN60500;29.04.1985;3,7
Tafjord;SN60500;30.04.1985;5,2
Tafjord;SN60500;01.05.1985;7,3
Tafjord;SN60500;02.05.1985;6,9
Tafjord;SN60500;03.05.1985;6,7
Tafjord;SN60500;04.05.1985;6,4
Tafjord;SN60500;05.05.1985;6,9
Tafjord;SN60500;06.05.1985;10,1
Tafjord;SN60500;07.05.1985;14
Tafjord;SN60500;08.05.1985;12,3
Tafjord;SN60500;09.05.1985;13,1
Tafjord;SN60500;10.05.1985;13,2
Tafjord;SN60500;11.05.1985;9
Tafjord;SN60500;12.05.1985;9,4
Tafjord;SN60500;13.05.1985;12
Tafjord;SN60500;14.05.1985;9,8
Tafjord;SN60500;15.05.1985;10,7
Tafjord;SN60500;16.05.1985;10,5
Tafjord;SN60500;17.05.1985;11,3
Tafjord;SN60500;18.05.1985;11,7
Tafjord;SN60500;19.05.1985;10,8
Tafjord;SN60500;20.05.1985;9,4
Tafjord;SN60500;21.05.1985;9,2
Tafjord;SN60500;22.05.1985;7,8
Tafjord;SN60500;23.05.1985;6,7
Tafjord;SN60500;24.05.1985;8,3
Tafjord;SN60500;25.05.1985;13,9
Tafjord;SN60500;26.05.1985;10,5
Tafjord;SN60500;27.05.1985;17
Tafjord;SN60500;28.05.1985;19,2
Tafjord;SN60500;29.05.1985;12
Tafjord;SN60500;30.05.1985;10,6
Tafjord;SN60500;31.05.1985;10,3
Tafjord;SN60500;01.06.1985;11,9
Tafjord;SN60500;02.06.1985;12,6
Tafjord;SN60500;03.06.1985;12,2
Tafjord;SN60500;04.06.1985;12,1
Tafjord;SN60500;05.06.1985;12,2
Tafjord;SN60500;06.06.1985;9,8
Tafjord;SN60500;07.06.1985;9,9
Tafjord;SN60500;08.06.1985;11
Tafjord;SN60500;09.06.1985;11,5
Tafjord;SN60500;10.06.1985;10,6
Tafjord;SN60500;11.06.1985;10,5
Tafjord;SN60500;12.06.1985;11,9
Tafjord;SN60500;13.06.1985;11,4
Tafjord;SN60500;14.06.1985;12,8
Tafjord;SN60500;15.06.1985;12,7
Tafjord;SN60500;16.06.1985;13,1
Tafjord;SN60500;17.06.1985;12,2
Tafjord;SN60500;18.06.1985;13,8
Tafjord;SN60500;19.06.1985;14,1
Tafjord;SN60500;20.06.1985;15,4
Tafjord;SN60500;21.06.1985;14,5
Tafjord;SN60500;22.06.1985;16,5
Tafjord;SN60500;23.06.1985;17
Tafjord;SN60500;24.06.1985;15,8
Tafjord;SN60500;25.06.1985;15
Tafjord;SN60500;26.06.1985;13,8
Tafjord;SN60500;27.06.1985;12,5
Tafjord;SN60500;28.06.1985;14,6
Tafjord;SN60500;29.06.1985;15
Tafjord;SN60500;30.06.1985;13,7
Tafjord;SN60500;01.07.1985;14,9
Tafjord;SN60500;02.07.1985;13,8
Tafjord;SN60500;03.07.1985;13,1
Tafjord;SN60500;04.07.1985;14,8
Tafjord;SN60500;05.07.1985;16,6
Tafjord;SN60500;06.07.1985;19,3
Tafjord;SN60500;07.07.1985;17,1
Tafjord;SN60500;08.07.1985;16,8
Tafjord;SN60500;09.07.1985;15,8
Tafjord;SN60500;10.07.1985;15,1
Tafjord;SN60500;11.07.1985;14,8
Tafjord;SN60500;12.07.1985;19
Tafjord;SN60500;13.07.1985;17,7
Tafjord;SN60500;14.07.1985;12,4
Tafjord;SN60500;15.07.1985;13,1
Tafjord;SN60500;16.07.1985;12,6
Tafjord;SN60500;17.07.1985;13,7
Tafjord;SN60500;18.07.1985;18,8
Tafjord;SN60500;19.07.1985;13
Tafjord;SN60500;20.07.1985;12,7
Tafjord;SN60500;21.07.1985;12,1
Tafjord;SN60500;22.07.1985;11,9
Tafjord;SN60500;23.07.1985;11,8
Tafjord;SN60500;24.07.1985;12,6
Tafjord;SN60500;25.07.1985;13,2
Tafjord;SN60500;26.07.1985;14,7
Tafjord;SN60500;27.07.1985;14,4
Tafjord;SN60500;28.07.1985;15,9
Tafjord;SN60500;29.07.1985;16,9
Tafjord;SN60500;30.07.1985;15,8
Tafjord;SN60500;31.07.1985;15,5
Tafjord;SN60500;01.08.1985;14,2
Tafjord;SN60500;02.08.1985;13,8
Tafjord;SN60500;03.08.1985;14,4
Tafjord;SN60500;04.08.1985;14,1
Tafjord;SN60500;05.08.1985;13
Tafjord;SN60500;06.08.1985;15,1
Tafjord;SN60500;07.08.1985;13,8
Tafjord;SN60500;08.08.1985;14,3
Tafjord;SN60500;09.08.1985;17,4
Tafjord;SN60500;10.08.1985;19,7
Tafjord;SN60500;11.08.1985;14,7
Tafjord;SN60500;12.08.1985;13,4
Tafjord;SN60500;13.08.1985;15,1
Tafjord;SN60500;14.08.1985;13,4
Tafjord;SN60500;15.08.1985;11,6
Tafjord;SN60500;16.08.1985;13
Tafjord;SN60500;17.08.1985;14,2
Tafjord;SN60500;18.08.1985;12,8
Tafjord;SN60500;19.08.1985;14,9
Tafjord;SN60500;20.08.1985;15,3
Tafjord;SN60500;21.08.1985;14,9
Tafjord;SN60500;22.08.1985;14,2
Tafjord;SN60500;23.08.1985;12,6
Tafjord;SN60500;24.08.1985;13,2
Tafjord;SN60500;25.08.1985;11,7
Tafjord;SN60500;26.08.1985;11,4
Tafjord;SN60500;27.08.1985;11,9
Tafjord;SN60500;28.08.1985;15,9
Tafjord;SN60500;29.08.1985;12,8
Tafjord;SN60500;30.08.1985;12,4
Tafjord;SN60500;31.08.1985;12,2
Tafjord;SN60500;01.09.1985;12,5
Tafjord;SN60500;02.09.1985;10,5
Tafjord;SN60500;03.09.1985;8,8
Tafjord;SN60500;04.09.1985;9,3
Tafjord;SN60500;05.09.1985;8
Tafjord;SN60500;06.09.1985;7,9
Tafjord;SN60500;07.09.1985;7,3
Tafjord;SN60500;08.09.1985;8,3
Tafjord;SN60500;09.09.1985;9,3
Tafjord;SN60500;10.09.1985;8,4
Tafjord;SN60500;11.09.1985;10,4
Tafjord;SN60500;12.09.1985;11,5
Tafjord;SN60500;13.09.1985;14,8
Tafjord;SN60500;14.09.1985;13,9
Tafjord;SN60500;15.09.1985;12,9
Tafjord;SN60500;16.09.1985;8,1
Tafjord;SN60500;17.09.1985;7,9
Tafjord;SN60500;18.09.1985;8,4
Tafjord;SN60500;19.09.1985;9,7
Tafjord;SN60500;20.09.1985;7,1
Tafjord;SN60500;21.09.1985;6,7
Tafjord;SN60500;22.09.1985;5,3
Tafjord;SN60500;23.09.1985;5,3
Tafjord;SN60500;24.09.1985;5
Tafjord;SN60500;25.09.1985;6
Tafjord;SN60500;26.09.1985;5
Tafjord;SN60500;27.09.1985;7,9
Tafjord;SN60500;28.09.1985;6,4
Tafjord;SN60500;29.09.1985;5
Tafjord;SN60500;30.09.1985;11,4
Tafjord;SN60500;01.10.1985;11,4
Tafjord;SN60500;02.10.1985;10,8
Tafjord;SN60500;03.10.1985;14,6
Tafjord;SN60500;04.10.1985;13,4
Tafjord;SN60500;05.10.1985;13,4
Tafjord;SN60500;06.10.1985;13,5
Tafjord;SN60500;07.10.1985;12,6
Tafjord;SN60500;08.10.1985;11,5
Tafjord;SN60500;09.10.1985;10,8
Tafjord;SN60500;10.10.1985;8,5
Tafjord;SN60500;11.10.1985;11,2
Tafjord;SN60500;12.10.1985;5,7
Tafjord;SN60500;13.10.1985;5,5
Tafjord;SN60500;14.10.1985;9,9
Tafjord;SN60500;15.10.1985;10,8
Tafjord;SN60500;16.10.1985;10,3
Tafjord;SN60500;17.10.1985;7,9
Tafjord;SN60500;18.10.1985;7,2
Tafjord;SN60500;19.10.1985;8,2
Tafjord;SN60500;20.10.1985;10,4
Tafjord;SN60500;21.10.1985;7,9
Tafjord;SN60500;22.10.1985;4,8
Tafjord;SN60500;23.10.1985;5,8
Tafjord;SN60500;24.10.1985;2,7
Tafjord;SN60500;25.10.1985;5,2
Tafjord;SN60500;26.10.1985;5,1
Tafjord;SN60500;27.10.1985;3,8
Tafjord;SN60500;28.10.1985;5,2
Tafjord;SN60500;29.10.1985;6,9
Tafjord;SN60500;30.10.1985;5,7
Tafjord;SN60500;31.10.1985;3,7
Tafjord;SN60500;01.11.1985;3,7
Tafjord;SN60500;02.11.1985;-0,2
Tafjord;SN60500;03.11.1985;0,8
Tafjord;SN60500;04.11.1985;4,4
Tafjord;SN60500;05.11.1985;4,8
Tafjord;SN60500;06.11.1985;2,6
Tafjord;SN60500;07.11.1985;0,6
Tafjord;SN60500;08.11.1985;0,7
Tafjord;SN60500;09.11.1985;3,6
Tafjord;SN60500;10.11.1985;0,8
Tafjord;SN60500;11.11.1985;2
Tafjord;SN60500;12.11.1985;1,1
Tafjord;SN60500;13.11.1985;-4,3
Tafjord;SN60500;14.11.1985;0,4
Tafjord;SN60500;15.11.1985;-0,8
Tafjord;SN60500;16.11.1985;-1,4
Tafjord;SN60500;17.11.1985;0,8
Tafjord;SN60500;18.11.1985;4,6
Tafjord;SN60500;19.11.1985;5
Tafjord;SN60500;20.11.1985;-2,9
Tafjord;SN60500;21.11.1985;-3,9
Tafjord;SN60500;22.11.1985;1,3
Tafjord;SN60500;23.11.1985;-2,9
Tafjord;SN60500;24.11.1985;-0,2
Tafjord;SN60500;25.11.1985;0,8
Tafjord;SN60500;26.11.1985;-2
Tafjord;SN60500;27.11.1985;-5,9
Tafjord;SN60500;28.11.1985;-5,5
Tafjord;SN60500;29.11.1985;-4,2
Tafjord;SN60500;30.11.1985;-0,1
Tafjord;SN60500;01.12.1985;0,5
Tafjord;SN60500;02.12.1985;0,8
Tafjord;SN60500;03.12.1985;5,9
Tafjord;SN60500;04.12.1985;2
Tafjord;SN60500;05.12.1985;-0,5
Tafjord;SN60500;06.12.1985;-3,3
Tafjord;SN60500;07.12.1985;-7,1
Tafjord;SN60500;08.12.1985;-2,7
Tafjord;SN60500;09.12.1985;-1,5
Tafjord;SN60500;10.12.1985;-3,7
Tafjord;SN60500;11.12.1985;3,9
Tafjord;SN60500;12.12.1985;7,5
Tafjord;SN60500;13.12.1985;5,6
Tafjord;SN60500;14.12.1985;1,6
Tafjord;SN60500;15.12.1985;2,8
Tafjord;SN60500;16.12.1985;-0,1
Tafjord;SN60500;17.12.1985;-4,2
Tafjord;SN60500;18.12.1985;0,2
Tafjord;SN60500;19.12.1985;-0,4
Tafjord;SN60500;20.12.1985;0,2
Tafjord;SN60500;21.12.1985;5,5
Tafjord;SN60500;22.12.1985;3,2
Tafjord;SN60500;23.12.1985;2,8
Tafjord;SN60500;24.12.1985;1,3
Tafjord;SN60500;25.12.1985;-3,6
Tafjord;SN60500;26.12.1985;-4,9
Tafjord;SN60500;27.12.1985;-5,1
Tafjord;SN60500;28.12.1985;-5,1
Tafjord;SN60500;29.12.1985;-5,3
Tafjord;SN60500;30.12.1985;-4,1
Tafjord;SN60500;31.12.1985;-3,7
Tafjord;SN60500;01.01.1986;-4,3
Tafjord;SN60500;02.01.1986;-4,2
Tafjord;SN60500;03.01.1986;-7,1
Tafjord;SN60500;04.01.1986;-11,3
Tafjord;SN60500;05.01.1986;-10,9
Tafjord;SN60500;06.01.1986;-3,2
Tafjord;SN60500;07.01.1986;-5,7
Tafjord;SN60500;08.01.1986;-8
Tafjord;SN60500;09.01.1986;-9,6
Tafjord;SN60500;10.01.1986;0,3
Tafjord;SN60500;11.01.1986;-0,4
Tafjord;SN60500;12.01.1986;2,6
Tafjord;SN60500;13.01.1986;1,5
Tafjord;SN60500;14.01.1986;2
Tafjord;SN60500;15.01.1986;-5,1
Tafjord;SN60500;16.01.1986;-3
Tafjord;SN60500;17.01.1986;-1,6
Tafjord;SN60500;18.01.1986;-0,3
Tafjord;SN60500;19.01.1986;-1,1
Tafjord;SN60500;20.01.1986;-0,4
Tafjord;SN60500;21.01.1986;1,7
Tafjord;SN60500;22.01.1986;-2,3
Tafjord;SN60500;23.01.1986;3,4
Tafjord;SN60500;24.01.1986;0,5
Tafjord;SN60500;25.01.1986;-0,6
Tafjord;SN60500;26.01.1986;-5,8
Tafjord;SN60500;27.01.1986;-2,6
Tafjord;SN60500;28.01.1986;-1,3
Tafjord;SN60500;29.01.1986;0,1
Tafjord;SN60500;30.01.1986;-1,2
Tafjord;SN60500;31.01.1986;-0,9
Tafjord;SN60500;01.02.1986;-1,5
Tafjord;SN60500;02.02.1986;1,7
Tafjord;SN60500;03.02.1986;-0,8
Tafjord;SN60500;04.02.1986;-5,7
Tafjord;SN60500;05.02.1986;-0,8
Tafjord;SN60500;06.02.1986;-8,9
Tafjord;SN60500;07.02.1986;-9,4
Tafjord;SN60500;08.02.1986;-7,2
Tafjord;SN60500;09.02.1986;-1
Tafjord;SN60500;10.02.1986;-0,4
Tafjord;SN60500;11.02.1986;0,4
Tafjord;SN60500;12.02.1986;0,9
Tafjord;SN60500;13.02.1986;-0,6
Tafjord;SN60500;14.02.1986;1,8
Tafjord;SN60500;15.02.1986;-3,3
Tafjord;SN60500;16.02.1986;-8,9
Tafjord;SN60500;17.02.1986;-7,9
Tafjord;SN60500;18.02.1986;-3,5
Tafjord;SN60500;19.02.1986;-6,3
Tafjord;SN60500;20.02.1986;-0,9
Tafjord;SN60500;21.02.1986;-5,1
Tafjord;SN60500;22.02.1986;-7,4
Tafjord;SN60500;23.02.1986;-3,4
Tafjord;SN60500;24.02.1986;-6,3
Tafjord;SN60500;25.02.1986;-4
Tafjord;SN60500;26.02.1986;-0,7
Tafjord;SN60500;27.02.1986;-1,2
Tafjord;SN60500;28.02.1986;-5,3
Tafjord;SN60500;01.03.1986;0,2
Tafjord;SN60500;02.03.1986;-0,4
Tafjord;SN60500;03.03.1986;4
Tafjord;SN60500;04.03.1986;1,4
Tafjord;SN60500;05.03.1986;4,6
Tafjord;SN60500;06.03.1986;5,1
Tafjord;SN60500;07.03.1986;5,9
Tafjord;SN60500;08.03.1986;5,1
Tafjord;SN60500;09.03.1986;7,1
Tafjord;SN60500;10.03.1986;6
Tafjord;SN60500;11.03.1986;6,1
Tafjord;SN60500;12.03.1986;4,7
Tafjord;SN60500;13.03.1986;3,6
Tafjord;SN60500;14.03.1986;7,2
Tafjord;SN60500;15.03.1986;11,1
Tafjord;SN60500;16.03.1986;7,7
Tafjord;SN60500;17.03.1986;6,4
Tafjord;SN60500;18.03.1986;5,4
Tafjord;SN60500;19.03.1986;9,3
Tafjord;SN60500;20.03.1986;9,4
Tafjord;SN60500;21.03.1986;7,6
Tafjord;SN60500;22.03.1986;8,2
Tafjord;SN60500;23.03.1986;5,6
Tafjord;SN60500;24.03.1986;5,8
Tafjord;SN60500;25.03.1986;4,6
Tafjord;SN60500;26.03.1986;1,6
Tafjord;SN60500;27.03.1986;6
Tafjord;SN60500;28.03.1986;6,7
Tafjord;SN60500;29.03.1986;6,5
Tafjord;SN60500;30.03.1986;7,1
Tafjord;SN60500;31.03.1986;5,7
Tafjord;SN60500;01.04.1986;0,6
Tafjord;SN60500;02.04.1986;2,7
Tafjord;SN60500;03.04.1986;2,4
Tafjord;SN60500;04.04.1986;2,2
Tafjord;SN60500;05.04.1986;2,8
Tafjord;SN60500;06.04.1986;1,9
Tafjord;SN60500;07.04.1986;2,1
Tafjord;SN60500;08.04.1986;1,3
Tafjord;SN60500;09.04.1986;1,7
Tafjord;SN60500;10.04.1986;-1,1
Tafjord;SN60500;11.04.1986;1,7
Tafjord;SN60500;12.04.1986;0,3
Tafjord;SN60500;13.04.1986;-1,7
Tafjord;SN60500;14.04.1986;-0,4
Tafjord;SN60500;15.04.1986;0,3
Tafjord;SN60500;16.04.1986;2,6
Tafjord;SN60500;17.04.1986;2,6
Tafjord;SN60500;18.04.1986;1,8
Tafjord;SN60500;19.04.1986;3,5
Tafjord;SN60500;20.04.1986;6,1
Tafjord;SN60500;21.04.1986;6,6
Tafjord;SN60500;22.04.1986;6,4
Tafjord;SN60500;23.04.1986;9,5
Tafjord;SN60500;24.04.1986;9,5
Tafjord;SN60500;25.04.1986;11,6
Tafjord;SN60500;26.04.1986;9,2
Tafjord;SN60500;27.04.1986;7,2
Tafjord;SN60500;28.04.1986;8,2
Tafjord;SN60500;29.04.1986;9,3
Tafjord;SN60500;30.04.1986;7
Tafjord;SN60500;01.05.1986;8,2
Tafjord;SN60500;02.05.1986;10,9
Tafjord;SN60500;03.05.1986;13,1
Tafjord;SN60500;04.05.1986;15,6
Tafjord;SN60500;05.05.1986;15,3
Tafjord;SN60500;06.05.1986;16,1
Tafjord;SN60500;07.05.1986;13
Tafjord;SN60500;08.05.1986;9,8
Tafjord;SN60500;09.05.1986;8,8
Tafjord;SN60500;10.05.1986;10,9
Tafjord;SN60500;11.05.1986;15,4
Tafjord;SN60500;12.05.1986;12,2
Tafjord;SN60500;13.05.1986;11,6
Tafjord;SN60500;14.05.1986;11,9
Tafjord;SN60500;15.05.1986;11,6
Tafjord;SN60500;16.05.1986;10,6
Tafjord;SN60500;17.05.1986;8,9
Tafjord;SN60500;18.05.1986;11,9
Tafjord;SN60500;19.05.1986;14,3
Tafjord;SN60500;20.05.1986;12,4
Tafjord;SN60500;21.05.1986;15,3
Tafjord;SN60500;22.05.1986;10,5
Tafjord;SN60500;23.05.1986;11,4
Tafjord;SN60500;24.05.1986;11,7
Tafjord;SN60500;25.05.1986;11,1
Tafjord;SN60500;26.05.1986;9,8
Tafjord;SN60500;27.05.1986;9,6
Tafjord;SN60500;28.05.1986;9,3
Tafjord;SN60500;29.05.1986;8,3
Tafjord;SN60500;30.05.1986;9,2
Tafjord;SN60500;31.05.1986;9,6
Tafjord;SN60500;01.06.1986;11,9
Tafjord;SN60500;02.06.1986;12,6
Tafjord;SN60500;03.06.1986;10,9
Tafjord;SN60500;04.06.1986;11,3
Tafjord;SN60500;05.06.1986;12,3
Tafjord;SN60500;06.06.1986;11,4
Tafjord;SN60500;07.06.1986;12,8
Tafjord;SN60500;08.06.1986;11,7
Tafjord;SN60500;09.06.1986;13,3
Tafjord;SN60500;10.06.1986;15
Tafjord;SN60500;11.06.1986;14,5
Tafjord;SN60500;12.06.1986;10,7
Tafjord;SN60500;13.06.1986;13
Tafjord;SN60500;14.06.1986;13,9
Tafjord;SN60500;15.06.1986;12,7
Tafjord;SN60500;16.06.1986;14,4
Tafjord;SN60500;17.06.1986;17,5
Tafjord;SN60500;18.06.1986;17,1
Tafjord;SN60500;19.06.1986;12,6
Tafjord;SN60500;20.06.1986;12,3
Tafjord;SN60500;21.06.1986;11,9
Tafjord;SN60500;22.06.1986;11,7
Tafjord;SN60500;23.06.1986;13,1
Tafjord;SN60500;24.06.1986;15,1
Tafjord;SN60500;25.06.1986;16
Tafjord;SN60500;26.06.1986;16
Tafjord;SN60500;27.06.1986;14,6
Tafjord;SN60500;28.06.1986;15,2
Tafjord;SN60500;29.06.1986;14,9
Tafjord;SN60500;30.06.1986;15,8
Tafjord;SN60500;01.07.1986;17
Tafjord;SN60500;02.07.1986;14,6
Tafjord;SN60500;03.07.1986;16,3
Tafjord;SN60500;04.07.1986;14,3
Tafjord;SN60500;05.07.1986;14,3
Tafjord;SN60500;06.07.1986;13,8
Tafjord;SN60500;07.07.1986;13,4
Tafjord;SN60500;08.07.1986;12,2
Tafjord;SN60500;09.07.1986;10,7
Tafjord;SN60500;10.07.1986;10,6
Tafjord;SN60500;11.07.1986;10,7
Tafjord;SN60500;12.07.1986;11,2
Tafjord;SN60500;13.07.1986;12,1
Tafjord;SN60500;14.07.1986;13,1
Tafjord;SN60500;15.07.1986;16,7
Tafjord;SN60500;16.07.1986;16,7
Tafjord;SN60500;17.07.1986;19,6
Tafjord;SN60500;18.07.1986;13,8
Tafjord;SN60500;19.07.1986;13
Tafjord;SN60500;20.07.1986;12,5
Tafjord;SN60500;21.07.1986;14,7
Tafjord;SN60500;22.07.1986;13,6
Tafjord;SN60500;23.07.1986;12,8
Tafjord;SN60500;24.07.1986;14,4
Tafjord;SN60500;25.07.1986;13,5
Tafjord;SN60500;26.07.1986;15,4
Tafjord;SN60500;27.07.1986;18,6
Tafjord;SN60500;28.07.1986;18,5
Tafjord;SN60500;29.07.1986;15,8
Tafjord;SN60500;30.07.1986;15,5
Tafjord;SN60500;31.07.1986;13
Tafjord;SN60500;01.08.1986;15,4
Tafjord;SN60500;02.08.1986;15,1
Tafjord;SN60500;03.08.1986;15,8
Tafjord;SN60500;04.08.1986;13,5
Tafjord;SN60500;05.08.1986;14
Tafjord;SN60500;06.08.1986;11,9
Tafjord;SN60500;07.08.1986;12,5
Tafjord;SN60500;08.08.1986;14,4
Tafjord;SN60500;09.08.1986;12,7
Tafjord;SN60500;10.08.1986;13,4
Tafjord;SN60500;11.08.1986;13,8
Tafjord;SN60500;12.08.1986;14
Tafjord;SN60500;13.08.1986;13,3
Tafjord;SN60500;14.08.1986;12,9
Tafjord;SN60500;15.08.1986;17,5
Tafjord;SN60500;16.08.1986;14,8
Tafjord;SN60500;17.08.1986;14
Tafjord;SN60500;18.08.1986;12,7
Tafjord;SN60500;19.08.1986;12
Tafjord;SN60500;20.08.1986;10,9
Tafjord;SN60500;21.08.1986;11
Tafjord;SN60500;22.08.1986;11,5
Tafjord;SN60500;23.08.1986;11,6
Tafjord;SN60500;24.08.1986;10,9
Tafjord;SN60500;25.08.1986;9
Tafjord;SN60500;26.08.1986;9,8
Tafjord;SN60500;27.08.1986;11,7
Tafjord;SN60500;28.08.1986;14,3
Tafjord;SN60500;29.08.1986;15,4
Tafjord;SN60500;30.08.1986;11,3
Tafjord;SN60500;31.08.1986;10,1
Tafjord;SN60500;01.09.1986;11,3
Tafjord;SN60500;02.09.1986;9,4
Tafjord;SN60500;03.09.1986;9,9
Tafjord;SN60500;04.09.1986;9,9
Tafjord;SN60500;05.09.1986;10,4
Tafjord;SN60500;06.09.1986;8,4
Tafjord;SN60500;07.09.1986;7,5
Tafjord;SN60500;08.09.1986;6,9
Tafjord;SN60500;09.09.1986;7,1
Tafjord;SN60500;10.09.1986;7,2
Tafjord;SN60500;11.09.1986;8,2
Tafjord;SN60500;12.09.1986;7,7
Tafjord;SN60500;13.09.1986;8,9
Tafjord;SN60500;14.09.1986;8
Tafjord;SN60500;15.09.1986;7,2
Tafjord;SN60500;16.09.1986;6
Tafjord;SN60500;17.09.1986;6,5
Tafjord;SN60500;18.09.1986;7
Tafjord;SN60500;19.09.1986;9,1
Tafjord;SN60500;20.09.1986;9,3
Tafjord;SN60500;21.09.1986;8,2
Tafjord;SN60500;22.09.1986;6,1
Tafjord;SN60500;23.09.1986;5,8
Tafjord;SN60500;24.09.1986;5,3
Tafjord;SN60500;25.09.1986;4,6
Tafjord;SN60500;26.09.1986;3,9
Tafjord;SN60500;27.09.1986;3,3
Tafjord;SN60500;28.09.1986;13,4
Tafjord;SN60500;29.09.1986;7,6
Tafjord;SN60500;30.09.1986;9,6
Tafjord;SN60500;01.10.1986;13
Tafjord;SN60500;02.10.1986;6,9
Tafjord;SN60500;03.10.1986;2,8
Tafjord;SN60500;04.10.1986;4,3
Tafjord;SN60500;05.10.1986;7
Tafjord;SN60500;06.10.1986;10,8
Tafjord;SN60500;07.10.1986;8,8
Tafjord;SN60500;08.10.1986;6
Tafjord;SN60500;09.10.1986;9,1
Tafjord;SN60500;10.10.1986;12
Tafjord;SN60500;11.10.1986;8,9
Tafjord;SN60500;12.10.1986;14,5
Tafjord;SN60500;13.10.1986;13,1
Tafjord;SN60500;14.10.1986;14,6
Tafjord;SN60500;15.10.1986;10,9
Tafjord;SN60500;16.10.1986;9,4
Tafjord;SN60500;17.10.1986;7,7
Tafjord;SN60500;18.10.1986;13,3
Tafjord;SN60500;19.10.1986;11,7
Tafjord;SN60500;20.10.1986;5,8
Tafjord;SN60500;21.10.1986;8,2
Tafjord;SN60500;22.10.1986;5,1
Tafjord;SN60500;23.10.1986;3,7
Tafjord;SN60500;24.10.1986;4,5
Tafjord;SN60500;25.10.1986;7,7
Tafjord;SN60500;26.10.1986;10,4
Tafjord;SN60500;27.10.1986;12,8
Tafjord;SN60500;28.10.1986;12,9
Tafjord;SN60500;29.10.1986;9,2
Tafjord;SN60500;30.10.1986;9,1
Tafjord;SN60500;31.10.1986;9,5
Tafjord;SN60500;01.11.1986;3,9
Tafjord;SN60500;02.11.1986;3
Tafjord;SN60500;03.11.1986;6,5
Tafjord;SN60500;04.11.1986;2,1
Tafjord;SN60500;05.11.1986;7
Tafjord;SN60500;06.11.1986;1,1
Tafjord;SN60500;07.11.1986;4,5
Tafjord;SN60500;08.11.1986;3,7
Tafjord;SN60500;09.11.1986;3,5
Tafjord;SN60500;10.11.1986;6,2
Tafjord;SN60500;11.11.1986;6
Tafjord;SN60500;12.11.1986;3,1
Tafjord;SN60500;13.11.1986;7
Tafjord;SN60500;14.11.1986;13,1
Tafjord;SN60500;15.11.1986;12,3
Tafjord;SN60500;16.11.1986;11,5
Tafjord;SN60500;17.11.1986;9,7
Tafjord;SN60500;18.11.1986;7,3
Tafjord;SN60500;19.11.1986;3,8
Tafjord;SN60500;20.11.1986;6,6
Tafjord;SN60500;21.11.1986;2,3
Tafjord;SN60500;22.11.1986;5,7
Tafjord;SN60500;23.11.1986;9
Tafjord;SN60500;24.11.1986;9,1
Tafjord;SN60500;25.11.1986;6,4
Tafjord;SN60500;26.11.1986;6,3
Tafjord;SN60500;27.11.1986;5,7
Tafjord;SN60500;28.11.1986;8,9
Tafjord;SN60500;29.11.1986;3,3
Tafjord;SN60500;30.11.1986;8,7
Tafjord;SN60500;01.12.1986;4,1
Tafjord;SN60500;02.12.1986;0,1
Tafjord;SN60500;03.12.1986;4,7
Tafjord;SN60500;04.12.1986;4
Tafjord;SN60500;05.12.1986;3,8
Tafjord;SN60500;06.12.1986;2,4
Tafjord;SN60500;07.12.1986;5,9
Tafjord;SN60500;08.12.1986;7,5
Tafjord;SN60500;09.12.1986;5,5
Tafjord;SN60500;10.12.1986;2,3
Tafjord;SN60500;11.12.1986;5,8
Tafjord;SN60500;12.12.1986;5,1
Tafjord;SN60500;13.12.1986;5,4
Tafjord;SN60500;14.12.1986;5,6
Tafjord;SN60500;15.12.1986;1,5
Tafjord;SN60500;16.12.1986;3,8
Tafjord;SN60500;17.12.1986;2,1
Tafjord;SN60500;18.12.1986;3,4
Tafjord;SN60500;19.12.1986;2,6
Tafjord;SN60500;20.12.1986;-2,3
Tafjord;SN60500;21.12.1986;-7,2
Tafjord;SN60500;22.12.1986;-5,5
Tafjord;SN60500;23.12.1986;-5,5
Tafjord;SN60500;24.12.1986;-5,2
Tafjord;SN60500;25.12.1986;1,1
Tafjord;SN60500;26.12.1986;0,2
Tafjord;SN60500;27.12.1986;-0,1
Tafjord;SN60500;28.12.1986;-0,4
Tafjord;SN60500;29.12.1986;-1,5
Tafjord;SN60500;30.12.1986;-0,3
Tafjord;SN60500;31.12.1986;-5,2
Tafjord;SN60500;01.01.1987;-5,4
Tafjord;SN60500;02.01.1987;-2,3
Tafjord;SN60500;03.01.1987;-2,3
Tafjord;SN60500;04.01.1987;-2,2
Tafjord;SN60500;05.01.1987;-4,1
Tafjord;SN60500;06.01.1987;-4,1
Tafjord;SN60500;07.01.1987;-5,9
Tafjord;SN60500;08.01.1987;-0,4
Tafjord;SN60500;09.01.1987;-11,6
Tafjord;SN60500;10.01.1987;-14,2
Tafjord;SN60500;11.01.1987;-11,8
Tafjord;SN60500;12.01.1987;-12,2
Tafjord;SN60500;13.01.1987;-12,3
Tafjord;SN60500;14.01.1987;-10,3
Tafjord;SN60500;15.01.1987;-10,3
Tafjord;SN60500;16.01.1987;-10,2
Tafjord;SN60500;17.01.1987;-10,1
Tafjord;SN60500;18.01.1987;-4,7
Tafjord;SN60500;19.01.1987;5,1
Tafjord;SN60500;20.01.1987;2,7
Tafjord;SN60500;21.01.1987;0,3
Tafjord;SN60500;22.01.1987;-2,9
Tafjord;SN60500;23.01.1987;1,8
Tafjord;SN60500;24.01.1987;1,4
Tafjord;SN60500;25.01.1987;-1,3
Tafjord;SN60500;26.01.1987;-1,5
Tafjord;SN60500;27.01.1987;-2,1
Tafjord;SN60500;28.01.1987;-4,7
Tafjord;SN60500;29.01.1987;-7,5
Tafjord;SN60500;30.01.1987;0
Tafjord;SN60500;31.01.1987;2,3
Tafjord;SN60500;01.02.1987;0,9
Tafjord;SN60500;02.02.1987;1,6
Tafjord;SN60500;03.02.1987;5,7
Tafjord;SN60500;04.02.1987;2,8
Tafjord;SN60500;05.02.1987;4,3
Tafjord;SN60500;06.02.1987;1,8
Tafjord;SN60500;07.02.1987;-0,8
Tafjord;SN60500;08.02.1987;-3
Tafjord;SN60500;09.02.1987;-0,6
Tafjord;SN60500;10.02.1987;0,9
Tafjord;SN60500;11.02.1987;0,9
Tafjord;SN60500;12.02.1987;0,1
Tafjord;SN60500;13.02.1987;-2,8
Tafjord;SN60500;14.02.1987;-2,9
Tafjord;SN60500;15.02.1987;-1,8
Tafjord;SN60500;16.02.1987;-1,7
Tafjord;SN60500;17.02.1987;-2,8
Tafjord;SN60500;18.02.1987;-3,7
Tafjord;SN60500;19.02.1987;-1,3
Tafjord;SN60500;20.02.1987;1,3
Tafjord;SN60500;21.02.1987;1,9
Tafjord;SN60500;22.02.1987;-3
Tafjord;SN60500;23.02.1987;-1,7
Tafjord;SN60500;24.02.1987;-2,2
Tafjord;SN60500;25.02.1987;0,5
Tafjord;SN60500;26.02.1987;-2
Tafjord;SN60500;27.02.1987;-0,3
Tafjord;SN60500;28.02.1987;-1,8
Tafjord;SN60500;01.03.1987;-3
Tafjord;SN60500;02.03.1987;-5,1
Tafjord;SN60500;03.03.1987;-2,1
Tafjord;SN60500;04.03.1987;-0,5
Tafjord;SN60500;05.03.1987;-0,6
Tafjord;SN60500;06.03.1987;2,1
Tafjord;SN60500;07.03.1987;0,7
Tafjord;SN60500;08.03.1987;2,5
Tafjord;SN60500;09.03.1987;-0,1
Tafjord;SN60500;10.03.1987;-3,8
Tafjord;SN60500;11.03.1987;-4,3
Tafjord;SN60500;12.03.1987;-2,2
Tafjord;SN60500;13.03.1987;1,9
Tafjord;SN60500;14.03.1987;3,7
Tafjord;SN60500;15.03.1987;1,8
Tafjord;SN60500;16.03.1987;-0,8
Tafjord;SN60500;17.03.1987;-1,9
Tafjord;SN60500;18.03.1987;1,5
Tafjord;SN60500;19.03.1987;2,6
Tafjord;SN60500;20.03.1987;1,4
Tafjord;SN60500;21.03.1987;1,5
Tafjord;SN60500;22.03.1987;1,6
Tafjord;SN60500;23.03.1987;2,1
Tafjord;SN60500;24.03.1987;2,1
Tafjord;SN60500;25.03.1987;2,3
Tafjord;SN60500;26.03.1987;5,6
Tafjord;SN60500;27.03.1987;4,9
Tafjord;SN60500;28.03.1987;4,5
Tafjord;SN60500;29.03.1987;3
Tafjord;SN60500;30.03.1987;3,1
Tafjord;SN60500;31.03.1987;7,9
Tafjord;SN60500;01.04.1987;4,5
Tafjord;SN60500;02.04.1987;7
Tafjord;SN60500;03.04.1987;7,9
Tafjord;SN60500;04.04.1987;8,3
Tafjord;SN60500;05.04.1987;2,9
Tafjord;SN60500;06.04.1987;1,9
Tafjord;SN60500;07.04.1987;3
Tafjord;SN60500;08.04.1987;4,9
Tafjord;SN60500;09.04.1987;6,2
Tafjord;SN60500;10.04.1987;7,1
Tafjord;SN60500;11.04.1987;6,6
Tafjord;SN60500;12.04.1987;6,6
Tafjord;SN60500;13.04.1987;6,6
Tafjord;SN60500;14.04.1987;6,3
Tafjord;SN60500;15.04.1987;6,6
Tafjord;SN60500;16.04.1987;3,9
Tafjord;SN60500;17.04.1987;5
Tafjord;SN60500;18.04.1987;5,8
Tafjord;SN60500;19.04.1987;8,6
Tafjord;SN60500;20.04.1987;8,5
Tafjord;SN60500;21.04.1987;7,9
Tafjord;SN60500;22.04.1987;7,9
Tafjord;SN60500;23.04.1987;9,6
Tafjord;SN60500;24.04.1987;7,6
Tafjord;SN60500;25.04.1987;8,5
Tafjord;SN60500;26.04.1987;8,9
Tafjord;SN60500;27.04.1987;8,4
Tafjord;SN60500;28.04.1987;12,3
Tafjord;SN60500;29.04.1987;13,7
Tafjord;SN60500;30.04.1987;14,6
Tafjord;SN60500;01.05.1987;5,1
Tafjord;SN60500;02.05.1987;5,8
Tafjord;SN60500;03.05.1987;7,1
Tafjord;SN60500;04.05.1987;7,2
Tafjord;SN60500;05.05.1987;7,5
Tafjord;SN60500;06.05.1987;6,2
Tafjord;SN60500;07.05.1987;7,7
Tafjord;SN60500;08.05.1987;9,5
Tafjord;SN60500;09.05.1987;9,2
Tafjord;SN60500;10.05.1987;6,6
Tafjord;SN60500;11.05.1987;5,9
Tafjord;SN60500;12.05.1987;7,2
Tafjord;SN60500;13.05.1987;7,5
Tafjord;SN60500;14.05.1987;7
Tafjord;SN60500;15.05.1987;7,9
Tafjord;SN60500;16.05.1987;9,4
Tafjord;SN60500;17.05.1987;9,8
Tafjord;SN60500;18.05.1987;9,2
Tafjord;SN60500;19.05.1987;6,1
Tafjord;SN60500;20.05.1987;6,4
Tafjord;SN60500;21.05.1987;7
Tafjord;SN60500;22.05.1987;8,1
Tafjord;SN60500;23.05.1987;9,3
Tafjord;SN60500;24.05.1987;9,8
Tafjord;SN60500;25.05.1987;11,1
Tafjord;SN60500;26.05.1987;9,2
Tafjord;SN60500;27.05.1987;8,3
Tafjord;SN60500;28.05.1987;11,1
Tafjord;SN60500;29.05.1987;10,7
Tafjord;SN60500;30.05.1987;11,5
Tafjord;SN60500;31.05.1987;13,9
Tafjord;SN60500;01.06.1987;12,9
Tafjord;SN60500;02.06.1987;12
Tafjord;SN60500;03.06.1987;12,3
Tafjord;SN60500;04.06.1987;12,2
Tafjord;SN60500;05.06.1987;12,1
Tafjord;SN60500;06.06.1987;11,5
Tafjord;SN60500;07.06.1987;12,8
Tafjord;SN60500;08.06.1987;11,3
Tafjord;SN60500;09.06.1987;11
Tafjord;SN60500;10.06.1987;10,6
Tafjord;SN60500;11.06.1987;9,6
Tafjord;SN60500;12.06.1987;9,8
Tafjord;SN60500;13.06.1987;9,6
Tafjord;SN60500;14.06.1987;11,7
Tafjord;SN60500;15.06.1987;11,9
Tafjord;SN60500;16.06.1987;12,5
Tafjord;SN60500;17.06.1987;11,6
Tafjord;SN60500;18.06.1987;10,2
Tafjord;SN60500;19.06.1987;9,4
Tafjord;SN60500;20.06.1987;9,4
Tafjord;SN60500;21.06.1987;12,2
Tafjord;SN60500;22.06.1987;12,5
Tafjord;SN60500;23.06.1987;11,3
Tafjord;SN60500;24.06.1987;11,2
Tafjord;SN60500;25.06.1987;12,7
Tafjord;SN60500;26.06.1987;11,4
Tafjord;SN60500;27.06.1987;11,4
Tafjord;SN60500;28.06.1987;12
Tafjord;SN60500;29.06.1987;12,6
Tafjord;SN60500;30.06.1987;13,7
Tafjord;SN60500;01.07.1987;11,4
Tafjord;SN60500;02.07.1987;11,3
Tafjord;SN60500;03.07.1987;12,7
Tafjord;SN60500;04.07.1987;12,7
Tafjord;SN60500;05.07.1987;13,9
Tafjord;SN60500;06.07.1987;13,7
Tafjord;SN60500;07.07.1987;13,2
Tafjord;SN60500;08.07.1987;11,5
Tafjord;SN60500;09.07.1987;11,4
Tafjord;SN60500;10.07.1987;10,6
Tafjord;SN60500;11.07.1987;11,7
Tafjord;SN60500;12.07.1987;13,1
Tafjord;SN60500;13.07.1987;13,1
Tafjord;SN60500;14.07.1987;12,5
Tafjord;SN60500;15.07.1987;14,3
Tafjord;SN60500;16.07.1987;20
Tafjord;SN60500;17.07.1987;21,3
Tafjord;SN60500;18.07.1987;21,3
Tafjord;SN60500;19.07.1987;20,6
Tafjord;SN60500;20.07.1987;18
Tafjord;SN60500;21.07.1987;16,9
Tafjord;SN60500;22.07.1987;16
Tafjord;SN60500;23.07.1987;14,8
Tafjord;SN60500;24.07.1987;14
Tafjord;SN60500;25.07.1987;11,7
Tafjord;SN60500;26.07.1987;11,8
Tafjord;SN60500;27.07.1987;12,1
Tafjord;SN60500;28.07.1987;12,5
Tafjord;SN60500;29.07.1987;12,1
Tafjord;SN60500;30.07.1987;12,1
Tafjord;SN60500;31.07.1987;12,7
Tafjord;SN60500;01.08.1987;13,5
Tafjord;SN60500;02.08.1987;13,4
Tafjord;SN60500;03.08.1987;12,7
Tafjord;SN60500;04.08.1987;12,8
Tafjord;SN60500;05.08.1987;11,1
Tafjord;SN60500;06.08.1987;9,8
Tafjord;SN60500;07.08.1987;15,1
Tafjord;SN60500;08.08.1987;14,6
Tafjord;SN60500;09.08.1987;15,4
Tafjord;SN60500;10.08.1987;13,7
Tafjord;SN60500;11.08.1987;13,3
Tafjord;SN60500;12.08.1987;12,7
Tafjord;SN60500;13.08.1987;11,7
Tafjord;SN60500;14.08.1987;11,8
Tafjord;SN60500;15.08.1987;13,5
Tafjord;SN60500;16.08.1987;11,7
Tafjord;SN60500;17.08.1987;11,5
Tafjord;SN60500;18.08.1987;13,6
Tafjord;SN60500;19.08.1987;13
Tafjord;SN60500;20.08.1987;13,1
Tafjord;SN60500;21.08.1987;19,5
Tafjord;SN60500;22.08.1987;13,6
Tafjord;SN60500;23.08.1987;13,5
Tafjord;SN60500;24.08.1987;10,5
Tafjord;SN60500;25.08.1987;12,7
Tafjord;SN60500;26.08.1987;13,2
Tafjord;SN60500;27.08.1987;11,5
Tafjord;SN60500;28.08.1987;10,3
Tafjord;SN60500;29.08.1987;9,9
Tafjord;SN60500;30.08.1987;9,8
Tafjord;SN60500;31.08.1987;9,4
Tafjord;SN60500;01.09.1987;12,3
Tafjord;SN60500;02.09.1987;12,4
Tafjord;SN60500;03.09.1987;10,8
Tafjord;SN60500;04.09.1987;16,5
Tafjord;SN60500;05.09.1987;14,6
Tafjord;SN60500;06.09.1987;12,4
Tafjord;SN60500;07.09.1987;12,1
Tafjord;SN60500;08.09.1987;11,3
Tafjord;SN60500;09.09.1987;10,8
Tafjord;SN60500;10.09.1987;10,9
Tafjord;SN60500;11.09.1987;9,9
Tafjord;SN60500;12.09.1987;11,1
Tafjord;SN60500;13.09.1987;11,1
Tafjord;SN60500;14.09.1987;11,3
Tafjord;SN60500;15.09.1987;8,5
Tafjord;SN60500;16.09.1987;6,6
Tafjord;SN60500;17.09.1987;12,6
Tafjord;SN60500;18.09.1987;9,2
Tafjord;SN60500;19.09.1987;7,1
Tafjord;SN60500;20.09.1987;7,5
Tafjord;SN60500;21.09.1987;6,9
Tafjord;SN60500;22.09.1987;14,5
Tafjord;SN60500;23.09.1987;12,7
Tafjord;SN60500;24.09.1987;11,7
Tafjord;SN60500;25.09.1987;8,1
Tafjord;SN60500;26.09.1987;6,3
Tafjord;SN60500;27.09.1987;5,7
Tafjord;SN60500;28.09.1987;5,5
Tafjord;SN60500;29.09.1987;5,6
Tafjord;SN60500;30.09.1987;4,9
Tafjord;SN60500;01.10.1987;4,4
Tafjord;SN60500;02.10.1987;6,6
Tafjord;SN60500;03.10.1987;7,8
Tafjord;SN60500;04.10.1987;5,7
Tafjord;SN60500;05.10.1987;13
Tafjord;SN60500;06.10.1987;15,4
Tafjord;SN60500;07.10.1987;9,3
Tafjord;SN60500;08.10.1987;14,3
Tafjord;SN60500;09.10.1987;12,6
Tafjord;SN60500;10.10.1987;15
Tafjord;SN60500;11.10.1987;16,9
Tafjord;SN60500;12.10.1987;9,9
Tafjord;SN60500;13.10.1987;5,9
Tafjord;SN60500;14.10.1987;10,9
Tafjord;SN60500;15.10.1987;12,6
Tafjord;SN60500;16.10.1987;16,5
Tafjord;SN60500;17.10.1987;13,6
Tafjord;SN60500;18.10.1987;13,1
Tafjord;SN60500;19.10.1987;15,2
Tafjord;SN60500;20.10.1987;14,7
Tafjord;SN60500;21.10.1987;14,2
Tafjord;SN60500;22.10.1987;13,8
Tafjord;SN60500;23.10.1987;11,4
Tafjord;SN60500;24.10.1987;10,1
Tafjord;SN60500;25.10.1987;10
Tafjord;SN60500;26.10.1987;12,5
Tafjord;SN60500;27.10.1987;12,1
Tafjord;SN60500;28.10.1987;13,6
Tafjord;SN60500;29.10.1987;7,3
Tafjord;SN60500;30.10.1987;8,6
Tafjord;SN60500;31.10.1987;11,1
Tafjord;SN60500;01.11.1987;4,8
Tafjord;SN60500;02.11.1987;6,5
Tafjord;SN60500;03.11.1987;6,9
Tafjord;SN60500;04.11.1987;8
Tafjord;SN60500;05.11.1987;8,2
Tafjord;SN60500;06.11.1987;7
Tafjord;SN60500;07.11.1987;5,8
Tafjord;SN60500;08.11.1987;3,3
Tafjord;SN60500;09.11.1987;0
Tafjord;SN60500;10.11.1987;0,5
Tafjord;SN60500;11.11.1987;5,1
Tafjord;SN60500;12.11.1987;6,9
Tafjord;SN60500;13.11.1987;6,3
Tafjord;SN60500;14.11.1987;7,9
Tafjord;SN60500;15.11.1987;7,2
Tafjord;SN60500;16.11.1987;7
Tafjord;SN60500;17.11.1987;6
Tafjord;SN60500;18.11.1987;3,6
Tafjord;SN60500;19.11.1987;7,2
Tafjord;SN60500;20.11.1987;4,8
Tafjord;SN60500;21.11.1987;5,7
Tafjord;SN60500;22.11.1987;5,2
Tafjord;SN60500;23.11.1987;3,7
Tafjord;SN60500;24.11.1987;0,5
Tafjord;SN60500;25.11.1987;0,5
Tafjord;SN60500;26.11.1987;-0,2
Tafjord;SN60500;27.11.1987;-2,4
Tafjord;SN60500;28.11.1987;3,6
Tafjord;SN60500;29.11.1987;-2,4
Tafjord;SN60500;30.11.1987;0,3
Tafjord;SN60500;01.12.1987;-0,6
Tafjord;SN60500;02.12.1987;1,5
Tafjord;SN60500;03.12.1987;0,1
Tafjord;SN60500;04.12.1987;1
Tafjord;SN60500;05.12.1987;2
Tafjord;SN60500;06.12.1987;-2,1
Tafjord;SN60500;07.12.1987;-2,3
Tafjord;SN60500;08.12.1987;-2,3
Tafjord;SN60500;09.12.1987;0,5
Tafjord;SN60500;10.12.1987;3,1
Tafjord;SN60500;11.12.1987;1,5
Tafjord;SN60500;12.12.1987;0,9
Tafjord;SN60500;13.12.1987;2,3
Tafjord;SN60500;14.12.1987;-1,5
Tafjord;SN60500;15.12.1987;-1
Tafjord;SN60500;16.12.1987;-5,3
Tafjord;SN60500;17.12.1987;-2,3
Tafjord;SN60500;18.12.1987;3,8
Tafjord;SN60500;19.12.1987;2,6
Tafjord;SN60500;20.12.1987;2,7
Tafjord;SN60500;21.12.1987;3
Tafjord;SN60500;22.12.1987;5,8
Tafjord;SN60500;23.12.1987;3,1
Tafjord;SN60500;24.12.1987;6,5
Tafjord;SN60500;25.12.1987;6,2
Tafjord;SN60500;26.12.1987;3,4
Tafjord;SN60500;27.12.1987;0,5
Tafjord;SN60500;28.12.1987;-1,6
Tafjord;SN60500;29.12.1987;5,9
Tafjord;SN60500;30.12.1987;3,4
Tafjord;SN60500;31.12.1987;4,8
Tafjord;SN60500;01.01.1988;10,5
Tafjord;SN60500;02.01.1988;5,8
Tafjord;SN60500;03.01.1988;1
Tafjord;SN60500;04.01.1988;0,5
Tafjord;SN60500;05.01.1988;-0,1
Tafjord;SN60500;06.01.1988;3,1
Tafjord;SN60500;07.01.1988;1,7
Tafjord;SN60500;08.01.1988;2,2
Tafjord;SN60500;09.01.1988;11,1
Tafjord;SN60500;10.01.1988;7,1
Tafjord;SN60500;11.01.1988;5,1
Tafjord;SN60500;12.01.1988;2,7
Tafjord;SN60500;13.01.1988;9,2
Tafjord;SN60500;14.01.1988;8
Tafjord;SN60500;15.01.1988;3,6
Tafjord;SN60500;16.01.1988;5,8
Tafjord;SN60500;17.01.1988;4,1
Tafjord;SN60500;18.01.1988;2,7
Tafjord;SN60500;19.01.1988;2
Tafjord;SN60500;20.01.1988;8,8
Tafjord;SN60500;21.01.1988;8,1
Tafjord;SN60500;22.01.1988;5,7
Tafjord;SN60500;23.01.1988;4,3
Tafjord;SN60500;24.01.1988;0,3
Tafjord;SN60500;25.01.1988;-6
Tafjord;SN60500;26.01.1988;-2,4
Tafjord;SN60500;27.01.1988;-1,2
Tafjord;SN60500;28.01.1988;0,1
Tafjord;SN60500;29.01.1988;4,1
Tafjord;SN60500;30.01.1988;3,3
Tafjord;SN60500;31.01.1988;1,9
Tafjord;SN60500;01.02.1988;2,1
Tafjord;SN60500;02.02.1988;6,9
Tafjord;SN60500;03.02.1988;7
Tafjord;SN60500;04.02.1988;6,2
Tafjord;SN60500;05.02.1988;7
Tafjord;SN60500;06.02.1988;4,8
Tafjord;SN60500;07.02.1988;0,6
Tafjord;SN60500;08.02.1988;-0,2
Tafjord;SN60500;09.02.1988;0,5
Tafjord;SN60500;10.02.1988;4,5
Tafjord;SN60500;11.02.1988;1,9
Tafjord;SN60500;12.02.1988;0,4
Tafjord;SN60500;13.02.1988;2,9
Tafjord;SN60500;14.02.1988;6,7
Tafjord;SN60500;15.02.1988;9,2
Tafjord;SN60500;16.02.1988;7,8
Tafjord;SN60500;17.02.1988;3,7
Tafjord;SN60500;18.02.1988;3,3
Tafjord;SN60500;19.02.1988;0,8
Tafjord;SN60500;20.02.1988;-0,7
Tafjord;SN60500;21.02.1988;1,5
Tafjord;SN60500;22.02.1988;3,3
Tafjord;SN60500;23.02.1988;1
Tafjord;SN60500;24.02.1988;-3,9
Tafjord;SN60500;25.02.1988;-3,9
Tafjord;SN60500;26.02.1988;-2,7
Tafjord;SN60500;27.02.1988;0,3
Tafjord;SN60500;28.02.1988;1,4
Tafjord;SN60500;29.02.1988;1,5
Tafjord;SN60500;01.03.1988;0,2
Tafjord;SN60500;02.03.1988;-0,7
Tafjord;SN60500;03.03.1988;2,4
Tafjord;SN60500;04.03.1988;-0,6
Tafjord;SN60500;05.03.1988;-2,2
Tafjord;SN60500;06.03.1988;-4,9
Tafjord;SN60500;07.03.1988;-3,9
Tafjord;SN60500;08.03.1988;-3,1
Tafjord;SN60500;09.03.1988;2,1
Tafjord;SN60500;10.03.1988;4,7
Tafjord;SN60500;11.03.1988;-1,3
Tafjord;SN60500;12.03.1988;-2,4
Tafjord;SN60500;13.03.1988;-3,3
Tafjord;SN60500;14.03.1988;-5,3
Tafjord;SN60500;15.03.1988;-2,4
Tafjord;SN60500;16.03.1988;-2,7
Tafjord;SN60500;17.03.1988;-3,6
Tafjord;SN60500;18.03.1988;-0,9
Tafjord;SN60500;19.03.1988;5,5
Tafjord;SN60500;20.03.1988;8
Tafjord;SN60500;21.03.1988;8,5
Tafjord;SN60500;22.03.1988;5,5
Tafjord;SN60500;23.03.1988;2,9
Tafjord;SN60500;24.03.1988;2,9
Tafjord;SN60500;25.03.1988;5,4
Tafjord;SN60500;26.03.1988;3,3
Tafjord;SN60500;27.03.1988;4,1
Tafjord;SN60500;28.03.1988;3,9
Tafjord;SN60500;29.03.1988;7
Tafjord;SN60500;30.03.1988;6,6
Tafjord;SN60500;31.03.1988;8
Tafjord;SN60500;01.04.1988;5,9
Tafjord;SN60500;02.04.1988;3,9
Tafjord;SN60500;03.04.1988;4,7
Tafjord;SN60500;04.04.1988;5,5
Tafjord;SN60500;05.04.1988;6,5
Tafjord;SN60500;06.04.1988;5,7
Tafjord;SN60500;07.04.1988;7,4
Tafjord;SN60500;08.04.1988;-0,8
Tafjord;SN60500;09.04.1988;-1
Tafjord;SN60500;10.04.1988;0,8
Tafjord;SN60500;11.04.1988;-0,5
Tafjord;SN60500;12.04.1988;0,7
Tafjord;SN60500;13.04.1988;-0,7
Tafjord;SN60500;14.04.1988;1,3
Tafjord;SN60500;15.04.1988;4,7
Tafjord;SN60500;16.04.1988;5,8
Tafjord;SN60500;17.04.1988;1,8
Tafjord;SN60500;18.04.1988;1,2
Tafjord;SN60500;19.04.1988;1,7
Tafjord;SN60500;20.04.1988;4,1
Tafjord;SN60500;21.04.1988;2,5
Tafjord;SN60500;22.04.1988;0,2
Tafjord;SN60500;23.04.1988;0,9
Tafjord;SN60500;24.04.1988;0,5
Tafjord;SN60500;25.04.1988;3,3
Tafjord;SN60500;26.04.1988;2,9
Tafjord;SN60500;27.04.1988;3
Tafjord;SN60500;28.04.1988;3,6
Tafjord;SN60500;29.04.1988;6,7
Tafjord;SN60500;30.04.1988;7,3
Tafjord;SN60500;01.05.1988;6,8
Tafjord;SN60500;02.05.1988;6,3
Tafjord;SN60500;03.05.1988;4,9
Tafjord;SN60500;04.05.1988;6
Tafjord;SN60500;05.05.1988;7,6
Tafjord;SN60500;06.05.1988;9,5
Tafjord;SN60500;07.05.1988;10,6
Tafjord;SN60500;08.05.1988;14,2
Tafjord;SN60500;09.05.1988;15,1
Tafjord;SN60500;10.05.1988;11,8
Tafjord;SN60500;11.05.1988;12,4
Tafjord;SN60500;12.05.1988;15,8
Tafjord;SN60500;13.05.1988;14,7
Tafjord;SN60500;14.05.1988;11,4
Tafjord;SN60500;15.05.1988;10,3
Tafjord;SN60500;16.05.1988;10,2
Tafjord;SN60500;17.05.1988;6,8
Tafjord;SN60500;18.05.1988;4,1
Tafjord;SN60500;19.05.1988;5,4
Tafjord;SN60500;20.05.1988;6,6
Tafjord;SN60500;21.05.1988;6,9
Tafjord;SN60500;22.05.1988;7,1
Tafjord;SN60500;23.05.1988;12,3
Tafjord;SN60500;24.05.1988;12,6
Tafjord;SN60500;25.05.1988;14,7
Tafjord;SN60500;26.05.1988;15,9
Tafjord;SN60500;27.05.1988;19,1
Tafjord;SN60500;28.05.1988;19,9
Tafjord;SN60500;29.05.1988;20,2
Tafjord;SN60500;30.05.1988;16,1
Tafjord;SN60500;31.05.1988;13,7
Tafjord;SN60500;01.06.1988;11,8
Tafjord;SN60500;02.06.1988;10,5
Tafjord;SN60500;03.06.1988;10,7
Tafjord;SN60500;04.06.1988;10,2
Tafjord;SN60500;05.06.1988;11,2
Tafjord;SN60500;06.06.1988;10,7
Tafjord;SN60500;07.06.1988;12,7
Tafjord;SN60500;08.06.1988;14,6
Tafjord;SN60500;09.06.1988;12,6
Tafjord;SN60500;10.06.1988;12,1
Tafjord;SN60500;11.06.1988;11,6
Tafjord;SN60500;12.06.1988;13,3
Tafjord;SN60500;13.06.1988;13,4
Tafjord;SN60500;14.06.1988;11,5
Tafjord;SN60500;15.06.1988;14,2
Tafjord;SN60500;16.06.1988;12
Tafjord;SN60500;17.06.1988;13,2
Tafjord;SN60500;18.06.1988;12,7
Tafjord;SN60500;19.06.1988;12,4
Tafjord;SN60500;20.06.1988;13,6
Tafjord;SN60500;21.06.1988;14,2
Tafjord;SN60500;22.06.1988;13,3
Tafjord;SN60500;23.06.1988;13,4
Tafjord;SN60500;24.06.1988;15,3
Tafjord;SN60500;25.06.1988;15,1
Tafjord;SN60500;26.06.1988;16,4
Tafjord;SN60500;27.06.1988;15,9
Tafjord;SN60500;28.06.1988;18,2
Tafjord;SN60500;29.06.1988;19,1
Tafjord;SN60500;30.06.1988;16,4
Tafjord;SN60500;01.07.1988;17,4
Tafjord;SN60500;02.07.1988;20,1
Tafjord;SN60500;03.07.1988;15,2
Tafjord;SN60500;04.07.1988;16,2
Tafjord;SN60500;05.07.1988;17,5
Tafjord;SN60500;06.07.1988;18,9
Tafjord;SN60500;07.07.1988;15,3
Tafjord;SN60500;08.07.1988;14,8
Tafjord;SN60500;09.07.1988;14,5
Tafjord;SN60500;10.07.1988;16,5
Tafjord;SN60500;11.07.1988;16
Tafjord;SN60500;12.07.1988;17,2
Tafjord;SN60500;13.07.1988;14
Tafjord;SN60500;14.07.1988;17,2
Tafjord;SN60500;15.07.1988;15,8
Tafjord;SN60500;16.07.1988;18,1
Tafjord;SN60500;17.07.1988;16,1
Tafjord;SN60500;18.07.1988;18,1
Tafjord;SN60500;19.07.1988;18,6
Tafjord;SN60500;20.07.1988;14,2
Tafjord;SN60500;21.07.1988;13,1
Tafjord;SN60500;22.07.1988;13,3
Tafjord;SN60500;23.07.1988;14,9
Tafjord;SN60500;24.07.1988;18,7
Tafjord;SN60500;25.07.1988;17,9
Tafjord;SN60500;26.07.1988;17,6
Tafjord;SN60500;27.07.1988;16
Tafjord;SN60500;28.07.1988;13,5
Tafjord;SN60500;29.07.1988;13,5
Tafjord;SN60500;30.07.1988;14,2
Tafjord;SN60500;31.07.1988;12,7
Tafjord;SN60500;01.08.1988;11,8
Tafjord;SN60500;02.08.1988;10,9
Tafjord;SN60500;03.08.1988;11,6
Tafjord;SN60500;04.08.1988;11,8
Tafjord;SN60500;05.08.1988;14,5
Tafjord;SN60500;06.08.1988;13,9
Tafjord;SN60500;07.08.1988;15
Tafjord;SN60500;08.08.1988;15
Tafjord;SN60500;09.08.1988;15,2
Tafjord;SN60500;10.08.1988;15,2
Tafjord;SN60500;11.08.1988;14,9
Tafjord;SN60500;12.08.1988;13,8
Tafjord;SN60500;13.08.1988;13,3
Tafjord;SN60500;14.08.1988;14,5
Tafjord;SN60500;15.08.1988;15,8
Tafjord;SN60500;16.08.1988;14,3
Tafjord;SN60500;17.08.1988;12,3
Tafjord;SN60500;18.08.1988;12,5
Tafjord;SN60500;19.08.1988;15,7
Tafjord;SN60500;20.08.1988;15,3
Tafjord;SN60500;21.08.1988;13,5
Tafjord;SN60500;22.08.1988;11,6
Tafjord;SN60500;23.08.1988;10,4
Tafjord;SN60500;24.08.1988;11,3
Tafjord;SN60500;25.08.1988;13,3
Tafjord;SN60500;26.08.1988;15,4
Tafjord;SN60500;27.08.1988;17,2
Tafjord;SN60500;28.08.1988;13,6
Tafjord;SN60500;29.08.1988;16,1
Tafjord;SN60500;30.08.1988;15,7
Tafjord;SN60500;31.08.1988;16,5
Tafjord;SN60500;01.09.1988;16,7
Tafjord;SN60500;02.09.1988;18,4
Tafjord;SN60500;03.09.1988;15,5
Tafjord;SN60500;04.09.1988;14,7
Tafjord;SN60500;05.09.1988;14,2
Tafjord;SN60500;06.09.1988;12,3
Tafjord;SN60500;07.09.1988;13
Tafjord;SN60500;08.09.1988;20,6
Tafjord;SN60500;09.09.1988;16,9
Tafjord;SN60500;10.09.1988;12
Tafjord;SN60500;11.09.1988;10,8
Tafjord;SN60500;12.09.1988;9,9
Tafjord;SN60500;13.09.1988;10,6
Tafjord;SN60500;14.09.1988;9,2
Tafjord;SN60500;15.09.1988;11,2
Tafjord;SN60500;16.09.1988;11,6
Tafjord;SN60500;17.09.1988;10,7
Tafjord;SN60500;18.09.1988;9,5
Tafjord;SN60500;19.09.1988;12,1
Tafjord;SN60500;20.09.1988;11,2
Tafjord;SN60500;21.09.1988;9,6
Tafjord;SN60500;22.09.1988;13
Tafjord;SN60500;23.09.1988;15,5
Tafjord;SN60500;24.09.1988;11,2
Tafjord;SN60500;25.09.1988;8,4
Tafjord;SN60500;26.09.1988;11,2
Tafjord;SN60500;27.09.1988;8,7
Tafjord;SN60500;28.09.1988;9,2
Tafjord;SN60500;29.09.1988;8,4
Tafjord;SN60500;30.09.1988;7,5
Tafjord;SN60500;01.10.1988;9
Tafjord;SN60500;02.10.1988;12,9
Tafjord;SN60500;03.10.1988;14,5
Tafjord;SN60500;04.10.1988;9,7
Tafjord;SN60500;05.10.1988;11,2
Tafjord;SN60500;06.10.1988;14,7
Tafjord;SN60500;07.10.1988;7,6
Tafjord;SN60500;08.10.1988;7,3
Tafjord;SN60500;09.10.1988;6,1
Tafjord;SN60500;10.10.1988;4,1
Tafjord;SN60500;11.10.1988;3,7
Tafjord;SN60500;12.10.1988;7,4
Tafjord;SN60500;13.10.1988;11,5
Tafjord;SN60500;14.10.1988;12,2
Tafjord;SN60500;15.10.1988;11,5
Tafjord;SN60500;16.10.1988;13,9
Tafjord;SN60500;17.10.1988;9,5
Tafjord;SN60500;18.10.1988;13,4
Tafjord;SN60500;19.10.1988;11,8
Tafjord;SN60500;20.10.1988;9,8
Tafjord;SN60500;21.10.1988;4,9
Tafjord;SN60500;22.10.1988;7,1
Tafjord;SN60500;23.10.1988;6
Tafjord;SN60500;24.10.1988;0,4
Tafjord;SN60500;25.10.1988;2,8
Tafjord;SN60500;26.10.1988;6,5
Tafjord;SN60500;27.10.1988;8,6
Tafjord;SN60500;28.10.1988;2,7
Tafjord;SN60500;29.10.1988;-0,2
Tafjord;SN60500;30.10.1988;-0,7
Tafjord;SN60500;31.10.1988;1,8
Tafjord;SN60500;01.11.1988;1,9
Tafjord;SN60500;02.11.1988;-2,4
Tafjord;SN60500;03.11.1988;1,1
Tafjord;SN60500;04.11.1988;4,9
Tafjord;SN60500;05.11.1988;3,6
Tafjord;SN60500;06.11.1988;1,1
Tafjord;SN60500;07.11.1988;-1,1
Tafjord;SN60500;08.11.1988;7
Tafjord;SN60500;09.11.1988;9,5
Tafjord;SN60500;10.11.1988;12,8
Tafjord;SN60500;11.11.1988;9,9
Tafjord;SN60500;12.11.1988;6,9
Tafjord;SN60500;13.11.1988;4,4
Tafjord;SN60500;14.11.1988;2,6
Tafjord;SN60500;15.11.1988;4,9
Tafjord;SN60500;16.11.1988;7,5
Tafjord;SN60500;17.11.1988;1
Tafjord;SN60500;18.11.1988;-0,2
Tafjord;SN60500;19.11.1988;-1,6
Tafjord;SN60500;20.11.1988;-1,5
Tafjord;SN60500;21.11.1988;-1,6
Tafjord;SN60500;22.11.1988;0,2
Tafjord;SN60500;23.11.1988;1,8
Tafjord;SN60500;24.11.1988;3,8
Tafjord;SN60500;25.11.1988;4,1
Tafjord;SN60500;26.11.1988;0,2
Tafjord;SN60500;27.11.1988;-2,1
Tafjord;SN60500;28.11.1988;-0,8
Tafjord;SN60500;29.11.1988;-4
Tafjord;SN60500;30.11.1988;-4,5
Tafjord;SN60500;01.12.1988;-4,9
Tafjord;SN60500;02.12.1988;-0,5
Tafjord;SN60500;03.12.1988;1,3
Tafjord;SN60500;04.12.1988;3
Tafjord;SN60500;05.12.1988;1,5
Tafjord;SN60500;06.12.1988;1,1
Tafjord;SN60500;07.12.1988;1
Tafjord;SN60500;08.12.1988;2,6
Tafjord;SN60500;09.12.1988;-0,6
Tafjord;SN60500;10.12.1988;2,5
Tafjord;SN60500;11.12.1988;0,8
Tafjord;SN60500;12.12.1988;2,6
Tafjord;SN60500;13.12.1988;3,4
Tafjord;SN60500;14.12.1988;1,2
Tafjord;SN60500;15.12.1988;1,1
Tafjord;SN60500;16.12.1988;3,3
Tafjord;SN60500;17.12.1988;0,8
Tafjord;SN60500;18.12.1988;0,7
Tafjord;SN60500;19.12.1988;-1,4
Tafjord;SN60500;20.12.1988;-1,8
Tafjord;SN60500;21.12.1988;3,7
Tafjord;SN60500;22.12.1988;5,8
Tafjord;SN60500;23.12.1988;1,8
Tafjord;SN60500;24.12.1988;2,2
Tafjord;SN60500;25.12.1988;-0,3
Tafjord;SN60500;26.12.1988;0,7
Tafjord;SN60500;27.12.1988;2,6
Tafjord;SN60500;28.12.1988;6,3
Tafjord;SN60500;29.12.1988;4,1
Tafjord;SN60500;30.12.1988;6,6
Tafjord;SN60500;31.12.1988;2,7
Tafjord;SN60500;01.01.1989;4,4
Tafjord;SN60500;02.01.1989;7,2
Tafjord;SN60500;03.01.1989;6,8
Tafjord;SN60500;04.01.1989;8,3
Tafjord;SN60500;05.01.1989;3,5
Tafjord;SN60500;06.01.1989;2,8
Tafjord;SN60500;07.01.1989;1,2
Tafjord;SN60500;08.01.1989;4,1
Tafjord;SN60500;09.01.1989;3,2
Tafjord;SN60500;10.01.1989;1,1
Tafjord;SN60500;11.01.1989;4,9
Tafjord;SN60500;12.01.1989;3,6
Tafjord;SN60500;13.01.1989;2,5
Tafjord;SN60500;14.01.1989;5,2
Tafjord;SN60500;15.01.1989;5,2
Tafjord;SN60500;16.01.1989;5,7
Tafjord;SN60500;17.01.1989;1,3
Tafjord;SN60500;18.01.1989;0,4
Tafjord;SN60500;19.01.1989;4,1
Tafjord;SN60500;20.01.1989;1,6
Tafjord;SN60500;21.01.1989;7,5
Tafjord;SN60500;22.01.1989;0,4
Tafjord;SN60500;23.01.1989;1,5
Tafjord;SN60500;24.01.1989;6,3
Tafjord;SN60500;25.01.1989;9,1
Tafjord;SN60500;26.01.1989;8,6
Tafjord;SN60500;27.01.1989;10,8
Tafjord;SN60500;28.01.1989;5,5
Tafjord;SN60500;29.01.1989;7
Tafjord;SN60500;30.01.1989;2,3
Tafjord;SN60500;31.01.1989;4,1
Tafjord;SN60500;01.02.1989;8,5
Tafjord;SN60500;02.02.1989;7,6
Tafjord;SN60500;03.02.1989;5,3
Tafjord;SN60500;04.02.1989;3,7
Tafjord;SN60500;05.02.1989;0,7
Tafjord;SN60500;06.02.1989;3,5
Tafjord;SN60500;07.02.1989;1,6
Tafjord;SN60500;08.02.1989;-0,1
Tafjord;SN60500;09.02.1989;4,5
Tafjord;SN60500;10.02.1989;10
Tafjord;SN60500;11.02.1989;5,8
Tafjord;SN60500;12.02.1989;2,8
Tafjord;SN60500;13.02.1989;2,4
Tafjord;SN60500;14.02.1989;1,7
Tafjord;SN60500;15.02.1989;2,4
Tafjord;SN60500;16.02.1989;-1
Tafjord;SN60500;17.02.1989;-1,8
Tafjord;SN60500;18.02.1989;3
Tafjord;SN60500;19.02.1989;3,8
Tafjord;SN60500;20.02.1989;1,2
Tafjord;SN60500;21.02.1989;1,2
Tafjord;SN60500;22.02.1989;2,6
Tafjord;SN60500;23.02.1989;5,1
Tafjord;SN60500;24.02.1989;5,1
Tafjord;SN60500;25.02.1989;5,1
Tafjord;SN60500;26.02.1989;6,1
Tafjord;SN60500;27.02.1989;4,4
Tafjord;SN60500;28.02.1989;4,4
Tafjord;SN60500;01.03.1989;0,5
Tafjord;SN60500;02.03.1989;2,3
Tafjord;SN60500;03.03.1989;5
Tafjord;SN60500;04.03.1989;5
Tafjord;SN60500;05.03.1989;6,5
Tafjord;SN60500;06.03.1989;12,9
Tafjord;SN60500;07.03.1989;11,8
Tafjord;SN60500;08.03.1989;4,9
Tafjord;SN60500;09.03.1989;7,3
Tafjord;SN60500;10.03.1989;7,7
Tafjord;SN60500;11.03.1989;7,1
Tafjord;SN60500;12.03.1989;7,1
Tafjord;SN60500;13.03.1989;7,4
Tafjord;SN60500;14.03.1989;1,2
Tafjord;SN60500;15.03.1989;4,1
Tafjord;SN60500;16.03.1989;4,7
Tafjord;SN60500;17.03.1989;-0,1
Tafjord;SN60500;18.03.1989;3,3
Tafjord;SN60500;19.03.1989;4,7
Tafjord;SN60500;20.03.1989;7,8
Tafjord;SN60500;21.03.1989;5,3
Tafjord;SN60500;22.03.1989;4,2
Tafjord;SN60500;23.03.1989;3,1
Tafjord;SN60500;24.03.1989;4,7
Tafjord;SN60500;25.03.1989;3,4
Tafjord;SN60500;26.03.1989;4,2
Tafjord;SN60500;27.03.1989;7,2
Tafjord;SN60500;28.03.1989;6,5
Tafjord;SN60500;29.03.1989;4,2
Tafjord;SN60500;30.03.1989;5
Tafjord;SN60500;31.03.1989;5,8
Tafjord;SN60500;01.04.1989;6,4
Tafjord;SN60500;02.04.1989;4
Tafjord;SN60500;03.04.1989;1,7
Tafjord;SN60500;04.04.1989;2,5
Tafjord;SN60500;05.04.1989;4
Tafjord;SN60500;06.04.1989;6,1
Tafjord;SN60500;07.04.1989;8,8
Tafjord;SN60500;08.04.1989;8,9
Tafjord;SN60500;09.04.1989;7,3
Tafjord;SN60500;10.04.1989;9,7
Tafjord;SN60500;11.04.1989;11,3
Tafjord;SN60500;12.04.1989;13,5
Tafjord;SN60500;13.04.1989;9
Tafjord;SN60500;14.04.1989;12,6
Tafjord;SN60500;15.04.1989;16,8
Tafjord;SN60500;16.04.1989;10,6
Tafjord;SN60500;17.04.1989;10,1
Tafjord;SN60500;18.04.1989;8
Tafjord;SN60500;19.04.1989;7,5
Tafjord;SN60500;20.04.1989;7,3
Tafjord;SN60500;21.04.1989;5,6
Tafjord;SN60500;22.04.1989;3,6
Tafjord;SN60500;23.04.1989;2,3
Tafjord;SN60500;24.04.1989;3,5
Tafjord;SN60500;25.04.1989;5,4
Tafjord;SN60500;26.04.1989;5
Tafjord;SN60500;27.04.1989;4,7
Tafjord;SN60500;28.04.1989;5,3
Tafjord;SN60500;29.04.1989;5,5
Tafjord;SN60500;30.04.1989;8,9
Tafjord;SN60500;01.05.1989;12
Tafjord;SN60500;02.05.1989;12,4
Tafjord;SN60500;03.05.1989;12,1
Tafjord;SN60500;04.05.1989;9,4
Tafjord;SN60500;05.05.1989;7
Tafjord;SN60500;06.05.1989;5,2
Tafjord;SN60500;07.05.1989;7,3
Tafjord;SN60500;08.05.1989;7,8
Tafjord;SN60500;09.05.1989;7,5
Tafjord;SN60500;10.05.1989;5,8
Tafjord;SN60500;11.05.1989;6,3
Tafjord;SN60500;12.05.1989;6,4
Tafjord;SN60500;13.05.1989;7,8
Tafjord;SN60500;14.05.1989;8,8
Tafjord;SN60500;15.05.1989;14,2
Tafjord;SN60500;16.05.1989;13
Tafjord;SN60500;17.05.1989;8,4
Tafjord;SN60500;18.05.1989;10,5
Tafjord;SN60500;19.05.1989;9,5
Tafjord;SN60500;20.05.1989;8,6
Tafjord;SN60500;21.05.1989;10,7
Tafjord;SN60500;22.05.1989;12,8
Tafjord;SN60500;23.05.1989;14,3
Tafjord;SN60500;24.05.1989;17
Tafjord;SN60500;25.05.1989;8,8
Tafjord;SN60500;26.05.1989;8,7
Tafjord;SN60500;27.05.1989;9,2
Tafjord;SN60500;28.05.1989;11,3
Tafjord;SN60500;29.05.1989;7,1
Tafjord;SN60500;30.05.1989;5,9
Tafjord;SN60500;31.05.1989;6,7
Tafjord;SN60500;01.06.1989;7,9
Tafjord;SN60500;02.06.1989;8,7
Tafjord;SN60500;03.06.1989;10,2
Tafjord;SN60500;04.06.1989;11,4
Tafjord;SN60500;05.06.1989;11
Tafjord;SN60500;06.06.1989;11,1
Tafjord;SN60500;07.06.1989;12,8
Tafjord;SN60500;08.06.1989;10,4
Tafjord;SN60500;09.06.1989;9,1
Tafjord;SN60500;10.06.1989;10,3
Tafjord;SN60500;11.06.1989;10,6
Tafjord;SN60500;12.06.1989;12,8
Tafjord;SN60500;13.06.1989;15,4
Tafjord;SN60500;14.06.1989;18,1
Tafjord;SN60500;15.06.1989;15,1
Tafjord;SN60500;16.06.1989;15,9
Tafjord;SN60500;17.06.1989;12,9
Tafjord;SN60500;18.06.1989;13,5
Tafjord;SN60500;19.06.1989;16
Tafjord;SN60500;20.06.1989;14,8
Tafjord;SN60500;21.06.1989;15
Tafjord;SN60500;22.06.1989;15,1
Tafjord;SN60500;23.06.1989;12,7
Tafjord;SN60500;24.06.1989;11,7
Tafjord;SN60500;25.06.1989;14,1
Tafjord;SN60500;26.06.1989;12,7
Tafjord;SN60500;27.06.1989;12,5
Tafjord;SN60500;28.06.1989;14,3
Tafjord;SN60500;29.06.1989;11,5
Tafjord;SN60500;30.06.1989;12,1
Tafjord;SN60500;01.07.1989;9,5
Tafjord;SN60500;02.07.1989;10,9
Tafjord;SN60500;03.07.1989;12,5
Tafjord;SN60500;04.07.1989;16,3
Tafjord;SN60500;05.07.1989;15,1
Tafjord;SN60500;06.07.1989;15,3
Tafjord;SN60500;07.07.1989;15,3
Tafjord;SN60500;08.07.1989;12,8
Tafjord;SN60500;09.07.1989;13,4
Tafjord;SN60500;10.07.1989;14,1
Tafjord;SN60500;11.07.1989;15,5
Tafjord;SN60500;12.07.1989;12,1
Tafjord;SN60500;13.07.1989;12,2
Tafjord;SN60500;14.07.1989;11,7
Tafjord;SN60500;15.07.1989;10,8
Tafjord;SN60500;16.07.1989;9,2
Tafjord;SN60500;17.07.1989;9,5
Tafjord;SN60500;18.07.1989;10,2
Tafjord;SN60500;19.07.1989;10,7
Tafjord;SN60500;20.07.1989;12,8
Tafjord;SN60500;21.07.1989;13
Tafjord;SN60500;22.07.1989;15
Tafjord;SN60500;23.07.1989;16,7
Tafjord;SN60500;24.07.1989;16,6
Tafjord;SN60500;25.07.1989;17,1
Tafjord;SN60500;26.07.1989;20
Tafjord;SN60500;27.07.1989;16,3
Tafjord;SN60500;28.07.1989;14,3
Tafjord;SN60500;29.07.1989;14,2
Tafjord;SN60500;30.07.1989;13,7
Tafjord;SN60500;31.07.1989;11,7
Tafjord;SN60500;01.08.1989;10,3
Tafjord;SN60500;02.08.1989;11,2
Tafjord;SN60500;03.08.1989;11,3
Tafjord;SN60500;04.08.1989;10
Tafjord;SN60500;05.08.1989;12,3
Tafjord;SN60500;06.08.1989;13,2
Tafjord;SN60500;07.08.1989;14,7
Tafjord;SN60500;08.08.1989;15
Tafjord;SN60500;09.08.1989;14,5
Tafjord;SN60500;10.08.1989;14,1
Tafjord;SN60500;11.08.1989;14,1
Tafjord;SN60500;12.08.1989;12,5
Tafjord;SN60500;13.08.1989;12,4
Tafjord;SN60500;14.08.1989;17,6
Tafjord;SN60500;15.08.1989;17,3
Tafjord;SN60500;16.08.1989;15,5
Tafjord;SN60500;17.08.1989;13,4
Tafjord;SN60500;18.08.1989;13,1
Tafjord;SN60500;19.08.1989;12,2
Tafjord;SN60500;20.08.1989;15
Tafjord;SN60500;21.08.1989;15,5
Tafjord;SN60500;22.08.1989;14,3
Tafjord;SN60500;23.08.1989;10,8
Tafjord;SN60500;24.08.1989;10,5
Tafjord;SN60500;25.08.1989;9,9
Tafjord;SN60500;26.08.1989;9,6
Tafjord;SN60500;27.08.1989;8,8
Tafjord;SN60500;28.08.1989;10,8
Tafjord;SN60500;29.08.1989;9,3
Tafjord;SN60500;30.08.1989;15,4
Tafjord;SN60500;31.08.1989;16,1
Tafjord;SN60500;01.09.1989;11,8
Tafjord;SN60500;02.09.1989;10,5
Tafjord;SN60500;03.09.1989;9,8
Tafjord;SN60500;04.09.1989;9,4
Tafjord;SN60500;05.09.1989;11,9
Tafjord;SN60500;06.09.1989;14,7
Tafjord;SN60500;07.09.1989;10,1
Tafjord;SN60500;08.09.1989;9,2
Tafjord;SN60500;09.09.1989;8,1
Tafjord;SN60500;10.09.1989;7,6
Tafjord;SN60500;11.09.1989;9,2
Tafjord;SN60500;12.09.1989;9,2
Tafjord;SN60500;13.09.1989;8,5
Tafjord;SN60500;14.09.1989;12,4
Tafjord;SN60500;15.09.1989;9,1
Tafjord;SN60500;16.09.1989;11,1
Tafjord;SN60500;17.09.1989;12,6
Tafjord;SN60500;18.09.1989;12,2
Tafjord;SN60500;19.09.1989;17,3
Tafjord;SN60500;20.09.1989;17,3
Tafjord;SN60500;21.09.1989;15,6
Tafjord;SN60500;22.09.1989;16,3
Tafjord;SN60500;23.09.1989;12,4
Tafjord;SN60500;24.09.1989;14,4
Tafjord;SN60500;25.09.1989;15,5
Tafjord;SN60500;26.09.1989;8,4
Tafjord;SN60500;27.09.1989;11,9
Tafjord;SN60500;28.09.1989;8
Tafjord;SN60500;29.09.1989;8,5
Tafjord;SN60500;30.09.1989;9,6
Tafjord;SN60500;01.10.1989;9
Tafjord;SN60500;02.10.1989;6,9
Tafjord;SN60500;03.10.1989;6,3
Tafjord;SN60500;04.10.1989;5,2
Tafjord;SN60500;05.10.1989;6,8
Tafjord;SN60500;06.10.1989;12,4
Tafjord;SN60500;07.10.1989;8,2
Tafjord;SN60500;08.10.1989;8,2
Tafjord;SN60500;09.10.1989;5,8
Tafjord;SN60500;10.10.1989;3
Tafjord;SN60500;11.10.1989;3,7
Tafjord;SN60500;12.10.1989;5,4
Tafjord;SN60500;13.10.1989;5,9
Tafjord;SN60500;14.10.1989;4,9
Tafjord;SN60500;15.10.1989;2,4
Tafjord;SN60500;16.10.1989;7,2
Tafjord;SN60500;17.10.1989;7,9
Tafjord;SN60500;18.10.1989;8,5
Tafjord;SN60500;19.10.1989;7,1
Tafjord;SN60500;20.10.1989;12,9
Tafjord;SN60500;21.10.1989;11
Tafjord;SN60500;22.10.1989;9,6
Tafjord;SN60500;23.10.1989;7,5
Tafjord;SN60500;24.10.1989;6,5
Tafjord;SN60500;25.10.1989;7,1
Tafjord;SN60500;26.10.1989;6
Tafjord;SN60500;27.10.1989;5,5
Tafjord;SN60500;28.10.1989;8,2
Tafjord;SN60500;29.10.1989;11
Tafjord;SN60500;30.10.1989;9
Tafjord;SN60500;31.10.1989;6,2
Tafjord;SN60500;01.11.1989;10,3
Tafjord;SN60500;02.11.1989;8,9
Tafjord;SN60500;03.11.1989;12,6
Tafjord;SN60500;04.11.1989;11,7
Tafjord;SN60500;05.11.1989;12,3
Tafjord;SN60500;06.11.1989;7,7
Tafjord;SN60500;07.11.1989;7
Tafjord;SN60500;08.11.1989;8,6
Tafjord;SN60500;09.11.1989;9,7
Tafjord;SN60500;10.11.1989;8,3
Tafjord;SN60500;11.11.1989;12
Tafjord;SN60500;12.11.1989;7
Tafjord;SN60500;13.11.1989;5
Tafjord;SN60500;14.11.1989;7,2
Tafjord;SN60500;15.11.1989;3,2
Tafjord;SN60500;16.11.1989;0,6
Tafjord;SN60500;17.11.1989;5,2
Tafjord;SN60500;18.11.1989;9,3
Tafjord;SN60500;19.11.1989;6,9
Tafjord;SN60500;20.11.1989;4,2
Tafjord;SN60500;21.11.1989;1,2
Tafjord;SN60500;22.11.1989;0,3
Tafjord;SN60500;23.11.1989;-0,4
Tafjord;SN60500;24.11.1989;-6,1
Tafjord;SN60500;25.11.1989;-0,9
Tafjord;SN60500;26.11.1989;1,9
Tafjord;SN60500;27.11.1989;2,7
Tafjord;SN60500;28.11.1989;1,1
Tafjord;SN60500;29.11.1989;1,9
Tafjord;SN60500;30.11.1989;1,8
Tafjord;SN60500;01.12.1989;2,7
Tafjord;SN60500;02.12.1989;2,1
Tafjord;SN60500;03.12.1989;4,2
Tafjord;SN60500;04.12.1989;3,1
Tafjord;SN60500;05.12.1989;1
Tafjord;SN60500;06.12.1989;3,5
Tafjord;SN60500;07.12.1989;1,7
Tafjord;SN60500;08.12.1989;2,5
Tafjord;SN60500;09.12.1989;0,1
Tafjord;SN60500;10.12.1989;0,7
Tafjord;SN60500;11.12.1989;-0,4
Tafjord;SN60500;12.12.1989;-1,4
Tafjord;SN60500;13.12.1989;-4,9
Tafjord;SN60500;14.12.1989;-8,3
Tafjord;SN60500;15.12.1989;-3,8
Tafjord;SN60500;16.12.1989;-3,5
Tafjord;SN60500;17.12.1989;1
Tafjord;SN60500;18.12.1989;6,1
Tafjord;SN60500;19.12.1989;2
Tafjord;SN60500;20.12.1989;2
Tafjord;SN60500;21.12.1989;3,8
Tafjord;SN60500;22.12.1989;2,1
Tafjord;SN60500;23.12.1989;5,6
Tafjord;SN60500;24.12.1989;8,1
Tafjord;SN60500;25.12.1989;10,3
Tafjord;SN60500;26.12.1989;7
Tafjord;SN60500;27.12.1989;3
Tafjord;SN60500;28.12.1989;3,9
Tafjord;SN60500;29.12.1989;5,1
Tafjord;SN60500;30.12.1989;-2,1
Tafjord;SN60500;31.12.1989;-4,4
Tafjord;SN60500;01.01.1990;-6,5
Tafjord;SN60500;02.01.1990;-7,5
Tafjord;SN60500;03.01.1990;1,5
Tafjord;SN60500;04.01.1990;3,5
Tafjord;SN60500;05.01.1990;1,4
Tafjord;SN60500;06.01.1990;9,4
Tafjord;SN60500;07.01.1990;5,9
Tafjord;SN60500;08.01.1990;2,7
Tafjord;SN60500;09.01.1990;3,8
Tafjord;SN60500;10.01.1990;3,2
Tafjord;SN60500;11.01.1990;2,6
Tafjord;SN60500;12.01.1990;7,9
Tafjord;SN60500;13.01.1990;3,5
Tafjord;SN60500;14.01.1990;7
Tafjord;SN60500;15.01.1990;6
Tafjord;SN60500;16.01.1990;1,8
Tafjord;SN60500;17.01.1990;4,1
Tafjord;SN60500;18.01.1990;2,3
Tafjord;SN60500;19.01.1990;4,8
Tafjord;SN60500;20.01.1990;3,1
Tafjord;SN60500;21.01.1990;3,3
Tafjord;SN60500;22.01.1990;9
Tafjord;SN60500;23.01.1990;7,8
Tafjord;SN60500;24.01.1990;2,4
Tafjord;SN60500;25.01.1990;3,2
Tafjord;SN60500;26.01.1990;4,4
Tafjord;SN60500;27.01.1990;3
Tafjord;SN60500;28.01.1990;4,9
Tafjord;SN60500;29.01.1990;3,5
Tafjord;SN60500;30.01.1990;9,2
Tafjord;SN60500;31.01.1990;9,4
Tafjord;SN60500;01.02.1990;7,8
Tafjord;SN60500;02.02.1990;9,1
Tafjord;SN60500;03.02.1990;9,1
Tafjord;SN60500;04.02.1990;7,9
Tafjord;SN60500;05.02.1990;11,1
Tafjord;SN60500;06.02.1990;13,1
Tafjord;SN60500;07.02.1990;9,3
Tafjord;SN60500;08.02.1990;2,7
Tafjord;SN60500;09.02.1990;2,5
Tafjord;SN60500;10.02.1990;2,7
Tafjord;SN60500;11.02.1990;7,4
Tafjord;SN60500;12.02.1990;6,2
Tafjord;SN60500;13.02.1990;5,6
Tafjord;SN60500;14.02.1990;4,7
Tafjord;SN60500;15.02.1990;2,2
Tafjord;SN60500;16.02.1990;1,3
Tafjord;SN60500;17.02.1990;1,5
Tafjord;SN60500;18.02.1990;6,9
Tafjord;SN60500;19.02.1990;7,5
Tafjord;SN60500;20.02.1990;6,7
Tafjord;SN60500;21.02.1990;8,6
Tafjord;SN60500;22.02.1990;7,1
Tafjord;SN60500;23.02.1990;10,6
Tafjord;SN60500;24.02.1990;7
Tafjord;SN60500;25.02.1990;5,1
Tafjord;SN60500;26.02.1990;5,9
Tafjord;SN60500;27.02.1990;2,3
Tafjord;SN60500;28.02.1990;0,9
Tafjord;SN60500;01.03.1990;-0,7
Tafjord;SN60500;02.03.1990;-2,2
Tafjord;SN60500;03.03.1990;-0,4
Tafjord;SN60500;04.03.1990;1,1
Tafjord;SN60500;05.03.1990;1,5
Tafjord;SN60500;06.03.1990;1,2
Tafjord;SN60500;07.03.1990;1,5
Tafjord;SN60500;08.03.1990;1,2
Tafjord;SN60500;09.03.1990;0,2
Tafjord;SN60500;10.03.1990;1,5
Tafjord;SN60500;11.03.1990;0,7
Tafjord;SN60500;12.03.1990;2,1
Tafjord;SN60500;13.03.1990;1,1
Tafjord;SN60500;14.03.1990;7,6
Tafjord;SN60500;15.03.1990;5,2
Tafjord;SN60500;16.03.1990;5,2
Tafjord;SN60500;17.03.1990;7,3
Tafjord;SN60500;18.03.1990;8
Tafjord;SN60500;19.03.1990;7,1
Tafjord;SN60500;20.03.1990;2,8
Tafjord;SN60500;21.03.1990;7,5
Tafjord;SN60500;22.03.1990;4,3
Tafjord;SN60500;23.03.1990;1,5
Tafjord;SN60500;24.03.1990;5
Tafjord;SN60500;25.03.1990;2
Tafjord;SN60500;26.03.1990;4,2
Tafjord;SN60500;27.03.1990;8,3
Tafjord;SN60500;28.03.1990;5,7
Tafjord;SN60500;29.03.1990;5,9
Tafjord;SN60500;30.03.1990;4,5
Tafjord;SN60500;31.03.1990;5,4
Tafjord;SN60500;01.04.1990;3
Tafjord;SN60500;02.04.1990;1,6
Tafjord;SN60500;03.04.1990;1,3
Tafjord;SN60500;04.04.1990;0,5
Tafjord;SN60500;05.04.1990;-0,5
Tafjord;SN60500;06.04.1990;-0,7
Tafjord;SN60500;07.04.1990;0,6
Tafjord;SN60500;08.04.1990;2,2
Tafjord;SN60500;09.04.1990;7,2
Tafjord;SN60500;10.04.1990;6,6
Tafjord;SN60500;11.04.1990;6,7
Tafjord;SN60500;12.04.1990;11,3
Tafjord;SN60500;13.04.1990;6,9
Tafjord;SN60500;14.04.1990;10,9
Tafjord;SN60500;15.04.1990;8,6
Tafjord;SN60500;16.04.1990;8,5
Tafjord;SN60500;17.04.1990;7,4
Tafjord;SN60500;18.04.1990;7,1
Tafjord;SN60500;19.04.1990;9
Tafjord;SN60500;20.04.1990;8,5
Tafjord;SN60500;21.04.1990;12,8
Tafjord;SN60500;22.04.1990;8,2
Tafjord;SN60500;23.04.1990;8,9
Tafjord;SN60500;24.04.1990;10,8
Tafjord;SN60500;25.04.1990;13,8
Tafjord;SN60500;26.04.1990;8,6
Tafjord;SN60500;27.04.1990;4,6
Tafjord;SN60500;28.04.1990;6,2
Tafjord;SN60500;29.04.1990;11,6
Tafjord;SN60500;30.04.1990;9,6
Tafjord;SN60500;01.05.1990;10,8
Tafjord;SN60500;02.05.1990;12,7
Tafjord;SN60500;03.05.1990;11,8
Tafjord;SN60500;04.05.1990;12,7
Tafjord;SN60500;05.05.1990;13,4
Tafjord;SN60500;06.05.1990;10,6
Tafjord;SN60500;07.05.1990;10,7
Tafjord;SN60500;08.05.1990;10,6
Tafjord;SN60500;09.05.1990;10,9
Tafjord;SN60500;10.05.1990;10,6
Tafjord;SN60500;11.05.1990;9,7
Tafjord;SN60500;12.05.1990;13,1
Tafjord;SN60500;13.05.1990;9,7
Tafjord;SN60500;14.05.1990;8,3
Tafjord;SN60500;15.05.1990;10
Tafjord;SN60500;16.05.1990;9,1
Tafjord;SN60500;17.05.1990;7,3
Tafjord;SN60500;18.05.1990;8,1
Tafjord;SN60500;19.05.1990;5,9
Tafjord;SN60500;20.05.1990;7,7
Tafjord;SN60500;21.05.1990;7,9
Tafjord;SN60500;22.05.1990;7,6
Tafjord;SN60500;23.05.1990;7,8
Tafjord;SN60500;24.05.1990;8,4
Tafjord;SN60500;25.05.1990;5,8
Tafjord;SN60500;26.05.1990;1,3
Tafjord;SN60500;27.05.1990;4,6
Tafjord;SN60500;28.05.1990;5,4
Tafjord;SN60500;29.05.1990;9,3
Tafjord;SN60500;30.05.1990;10,3
Tafjord;SN60500;31.05.1990;11,5
Tafjord;SN60500;01.06.1990;12,1
Tafjord;SN60500;02.06.1990;14,2
Tafjord;SN60500;03.06.1990;15,5
Tafjord;SN60500;04.06.1990;16,1
Tafjord;SN60500;05.06.1990;14,3
Tafjord;SN60500;06.06.1990;14,1
Tafjord;SN60500;07.06.1990;14,7
Tafjord;SN60500;08.06.1990;15
Tafjord;SN60500;09.06.1990;15
Tafjord;SN60500;10.06.1990;12,8
Tafjord;SN60500;11.06.1990;12,5
Tafjord;SN60500;12.06.1990;13,1
Tafjord;SN60500;13.06.1990;12,8
Tafjord;SN60500;14.06.1990;13,7
Tafjord;SN60500;15.06.1990;13,5
Tafjord;SN60500;16.06.1990;14,2
Tafjord;SN60500;17.06.1990;13,3
Tafjord;SN60500;18.06.1990;14,6
Tafjord;SN60500;19.06.1990;15,8
Tafjord;SN60500;20.06.1990;16,7
Tafjord;SN60500;21.06.1990;15,5
Tafjord;SN60500;22.06.1990;17,7
Tafjord;SN60500;23.06.1990;17,9
Tafjord;SN60500;24.06.1990;16,9
Tafjord;SN60500;25.06.1990;14,9
Tafjord;SN60500;26.06.1990;11,7
Tafjord;SN60500;27.06.1990;12,6
Tafjord;SN60500;28.06.1990;11,4
Tafjord;SN60500;29.06.1990;11,6
Tafjord;SN60500;30.06.1990;12,6
Tafjord;SN60500;01.07.1990;15,5
Tafjord;SN60500;02.07.1990;15,1
Tafjord;SN60500;03.07.1990;13,4
Tafjord;SN60500;04.07.1990;14,5
Tafjord;SN60500;05.07.1990;14,6
Tafjord;SN60500;06.07.1990;12,9
Tafjord;SN60500;07.07.1990;11,7
Tafjord;SN60500;08.07.1990;10,1
Tafjord;SN60500;09.07.1990;11
Tafjord;SN60500;10.07.1990;10,7
Tafjord;SN60500;11.07.1990;11,8
Tafjord;SN60500;12.07.1990;10,4
Tafjord;SN60500;13.07.1990;9,6
Tafjord;SN60500;14.07.1990;10,7
Tafjord;SN60500;15.07.1990;12,1
Tafjord;SN60500;16.07.1990;14,8
Tafjord;SN60500;17.07.1990;14,5
Tafjord;SN60500;18.07.1990;13,9
Tafjord;SN60500;19.07.1990;13,6
Tafjord;SN60500;20.07.1990;15,8
Tafjord;SN60500;21.07.1990;14,3
Tafjord;SN60500;22.07.1990;11,5
Tafjord;SN60500;23.07.1990;12,9
Tafjord;SN60500;24.07.1990;13,2
Tafjord;SN60500;25.07.1990;15,6
Tafjord;SN60500;26.07.1990;15,7
Tafjord;SN60500;27.07.1990;15,6
Tafjord;SN60500;28.07.1990;15,9
Tafjord;SN60500;29.07.1990;15,6
Tafjord;SN60500;30.07.1990;13,9
Tafjord;SN60500;31.07.1990;14,8
Tafjord;SN60500;01.08.1990;15
Tafjord;SN60500;02.08.1990;18,3
Tafjord;SN60500;03.08.1990;18,9
Tafjord;SN60500;04.08.1990;15,2
Tafjord;SN60500;05.08.1990;12,5
Tafjord;SN60500;06.08.1990;11,8
Tafjord;SN60500;07.08.1990;13
Tafjord;SN60500;08.08.1990;12,1
Tafjord;SN60500;09.08.1990;11,8
Tafjord;SN60500;10.08.1990;10,9
Tafjord;SN60500;11.08.1990;13,4
Tafjord;SN60500;12.08.1990;16,1
Tafjord;SN60500;13.08.1990;14,4
Tafjord;SN60500;14.08.1990;13,8
Tafjord;SN60500;15.08.1990;14,1
Tafjord;SN60500;16.08.1990;16,9
Tafjord;SN60500;17.08.1990;16,5
Tafjord;SN60500;18.08.1990;13,7
Tafjord;SN60500;19.08.1990;12,3
Tafjord;SN60500;20.08.1990;14,7
Tafjord;SN60500;21.08.1990;12,2
Tafjord;SN60500;22.08.1990;12,8
Tafjord;SN60500;23.08.1990;12,5
Tafjord;SN60500;24.08.1990;12
Tafjord;SN60500;25.08.1990;11,5
Tafjord;SN60500;26.08.1990;10,8
Tafjord;SN60500;27.08.1990;11,1
Tafjord;SN60500;28.08.1990;13,1
Tafjord;SN60500;29.08.1990;17,1
Tafjord;SN60500;30.08.1990;20,8
Tafjord;SN60500;31.08.1990;15
Tafjord;SN60500;01.09.1990;12,8
Tafjord;SN60500;02.09.1990;11,7
Tafjord;SN60500;03.09.1990;18,5
Tafjord;SN60500;04.09.1990;16,2
Tafjord;SN60500;05.09.1990;15
Tafjord;SN60500;06.09.1990;15,6
Tafjord;SN60500;07.09.1990;10,7
Tafjord;SN60500;08.09.1990;11,2
Tafjord;SN60500;09.09.1990;10
Tafjord;SN60500;10.09.1990;8,9
Tafjord;SN60500;11.09.1990;10
Tafjord;SN60500;12.09.1990;10,9
Tafjord;SN60500;13.09.1990;9,9
Tafjord;SN60500;14.09.1990;9
Tafjord;SN60500;15.09.1990;8,1
Tafjord;SN60500;16.09.1990;6,7
Tafjord;SN60500;17.09.1990;11,9
Tafjord;SN60500;18.09.1990;9
Tafjord;SN60500;19.09.1990;14,6
Tafjord;SN60500;20.09.1990;8,7
Tafjord;SN60500;21.09.1990;7,4
Tafjord;SN60500;22.09.1990;9,7
Tafjord;SN60500;23.09.1990;10,9
Tafjord;SN60500;24.09.1990;9,4
Tafjord;SN60500;25.09.1990;6,4
Tafjord;SN60500;26.09.1990;4,3
Tafjord;SN60500;27.09.1990;6,6
Tafjord;SN60500;28.09.1990;7,8
Tafjord;SN60500;29.09.1990;7,8
Tafjord;SN60500;30.09.1990;6,1
Tafjord;SN60500;01.10.1990;5,8
Tafjord;SN60500;02.10.1990;9
Tafjord;SN60500;03.10.1990;15,3
Tafjord;SN60500;04.10.1990;12,4
Tafjord;SN60500;05.10.1990;8,3
Tafjord;SN60500;06.10.1990;7,2
Tafjord;SN60500;07.10.1990;4,9
Tafjord;SN60500;08.10.1990;4,3
Tafjord;SN60500;09.10.1990;9
Tafjord;SN60500;10.10.1990;5,8
Tafjord;SN60500;11.10.1990;5,6
Tafjord;SN60500;12.10.1990;8,6
Tafjord;SN60500;13.10.1990;15,8
Tafjord;SN60500;14.10.1990;16,1
Tafjord;SN60500;15.10.1990;15,1
Tafjord;SN60500;16.10.1990;19,6
Tafjord;SN60500;17.10.1990;11,7
Tafjord;SN60500;18.10.1990;7,8
Tafjord;SN60500;19.10.1990;5,4
Tafjord;SN60500;20.10.1990;1,5
Tafjord;SN60500;21.10.1990;0,8
Tafjord;SN60500;22.10.1990;-0,1
Tafjord;SN60500;23.10.1990;-1,3
Tafjord;SN60500;24.10.1990;0,9
Tafjord;SN60500;25.10.1990;4,5
Tafjord;SN60500;26.10.1990;11
Tafjord;SN60500;27.10.1990;10,3
Tafjord;SN60500;28.10.1990;11,7
Tafjord;SN60500;29.10.1990;12,6
Tafjord;SN60500;30.10.1990;11,2
Tafjord;SN60500;31.10.1990;10,1
Tafjord;SN60500;01.11.1990;5,2
Tafjord;SN60500;02.11.1990;4,2
Tafjord;SN60500;03.11.1990;4,1
Tafjord;SN60500;04.11.1990;4,5
Tafjord;SN60500;05.11.1990;3,5
Tafjord;SN60500;06.11.1990;3,9
Tafjord;SN60500;07.11.1990;4,6
Tafjord;SN60500;08.11.1990;5,2
Tafjord;SN60500;09.11.1990;0,1
Tafjord;SN60500;10.11.1990;3,7
Tafjord;SN60500;11.11.1990;4,3
Tafjord;SN60500;12.11.1990;4,8
Tafjord;SN60500;13.11.1990;7,3
Tafjord;SN60500;14.11.1990;8,7
Tafjord;SN60500;15.11.1990;10,2
Tafjord;SN60500;16.11.1990;7,5
Tafjord;SN60500;17.11.1990;4
Tafjord;SN60500;18.11.1990;3,1
Tafjord;SN60500;19.11.1990;0,9
Tafjord;SN60500;20.11.1990;1,7
Tafjord;SN60500;21.11.1990;0,8
Tafjord;SN60500;22.11.1990;-0,9
Tafjord;SN60500;23.11.1990;3,3
Tafjord;SN60500;24.11.1990;4,5
Tafjord;SN60500;25.11.1990;2,8
Tafjord;SN60500;26.11.1990;1,4
Tafjord;SN60500;27.11.1990;1
Tafjord;SN60500;28.11.1990;3,5
Tafjord;SN60500;29.11.1990;4,2
Tafjord;SN60500;30.11.1990;1,8
Tafjord;SN60500;01.12.1990;2,8
Tafjord;SN60500;02.12.1990;6,4
Tafjord;SN60500;03.12.1990;3,2
Tafjord;SN60500;04.12.1990;1
Tafjord;SN60500;05.12.1990;0,1
Tafjord;SN60500;06.12.1990;5,6
Tafjord;SN60500;07.12.1990;-0,7
Tafjord;SN60500;08.12.1990;-7,2
Tafjord;SN60500;09.12.1990;-2,2
Tafjord;SN60500;10.12.1990;1,3
Tafjord;SN60500;11.12.1990;6,3
Tafjord;SN60500;12.12.1990;2,7
Tafjord;SN60500;13.12.1990;-0,7
Tafjord;SN60500;14.12.1990;1,4
Tafjord;SN60500;15.12.1990;2,7
Tafjord;SN60500;16.12.1990;2,3
Tafjord;SN60500;17.12.1990;2,1
Tafjord;SN60500;18.12.1990;6,7
Tafjord;SN60500;19.12.1990;4
Tafjord;SN60500;20.12.1990;-1,5
Tafjord;SN60500;21.12.1990;-1,9
Tafjord;SN60500;22.12.1990;6,8
Tafjord;SN60500;23.12.1990;10,1
Tafjord;SN60500;24.12.1990;12,1
Tafjord;SN60500;25.12.1990;7,8
Tafjord;SN60500;26.12.1990;7,6
Tafjord;SN60500;27.12.1990;5,1
Tafjord;SN60500;28.12.1990;4,6
Tafjord;SN60500;29.12.1990;2,4
Tafjord;SN60500;30.12.1990;1,3
Tafjord;SN60500;31.12.1990;2,8
Tafjord;SN60500;01.01.1991;2,9
Tafjord;SN60500;02.01.1991;6,9
Tafjord;SN60500;03.01.1991;5
Tafjord;SN60500;04.01.1991;4,3
Tafjord;SN60500;05.01.1991;3,3
Tafjord;SN60500;06.01.1991;1,9
Tafjord;SN60500;07.01.1991;0
Tafjord;SN60500;08.01.1991;-0,2
Tafjord;SN60500;09.01.1991;0,7
Tafjord;SN60500;10.01.1991;1,3
Tafjord;SN60500;11.01.1991;1
Tafjord;SN60500;12.01.1991;-0,8
Tafjord;SN60500;13.01.1991;-0,5
Tafjord;SN60500;14.01.1991;-1,5
Tafjord;SN60500;15.01.1991;-4,3
Tafjord;SN60500;16.01.1991;6,8
Tafjord;SN60500;17.01.1991;7,9
Tafjord;SN60500;18.01.1991;7
Tafjord;SN60500;19.01.1991;8,5
Tafjord;SN60500;20.01.1991;8,7
Tafjord;SN60500;21.01.1991;1,3
Tafjord;SN60500;22.01.1991;3,8
Tafjord;SN60500;23.01.1991;5,5
Tafjord;SN60500;24.01.1991;0,2
Tafjord;SN60500;25.01.1991;5,7
Tafjord;SN60500;26.01.1991;3,6
Tafjord;SN60500;27.01.1991;3
Tafjord;SN60500;28.01.1991;2,8
Tafjord;SN60500;29.01.1991;2,8
Tafjord;SN60500;30.01.1991;4,9
Tafjord;SN60500;31.01.1991;4
Tafjord;SN60500;01.02.1991;1
Tafjord;SN60500;02.02.1991;0,9
Tafjord;SN60500;03.02.1991;-2,3
Tafjord;SN60500;04.02.1991;1,9
Tafjord;SN60500;05.02.1991;2,3
Tafjord;SN60500;06.02.1991;1,4
Tafjord;SN60500;07.02.1991;-6,6
Tafjord;SN60500;08.02.1991;-0,3
Tafjord;SN60500;09.02.1991;-3,1
Tafjord;SN60500;10.02.1991;-2,7
Tafjord;SN60500;11.02.1991;-5,1
Tafjord;SN60500;12.02.1991;-5
Tafjord;SN60500;13.02.1991;-5,7
Tafjord;SN60500;14.02.1991;-4,9
Tafjord;SN60500;15.02.1991;0,8
Tafjord;SN60500;16.02.1991;-0,2
Tafjord;SN60500;17.02.1991;-0,5
Tafjord;SN60500;18.02.1991;-0,3
Tafjord;SN60500;19.02.1991;2,9
Tafjord;SN60500;20.02.1991;5,9
Tafjord;SN60500;21.02.1991;6,1
Tafjord;SN60500;22.02.1991;7,3
Tafjord;SN60500;23.02.1991;7,2
Tafjord;SN60500;24.02.1991;6,6
Tafjord;SN60500;25.02.1991;2,4
Tafjord;SN60500;26.02.1991;3,7
Tafjord;SN60500;27.02.1991;0,9
Tafjord;SN60500;28.02.1991;-1
Tafjord;SN60500;01.03.1991;-0,1
Tafjord;SN60500;02.03.1991;3,7
Tafjord;SN60500;03.03.1991;3,8
Tafjord;SN60500;04.03.1991;3
Tafjord;SN60500;05.03.1991;5,5
Tafjord;SN60500;06.03.1991;6
Tafjord;SN60500;07.03.1991;4,9
Tafjord;SN60500;08.03.1991;9,7
Tafjord;SN60500;09.03.1991;11,2
Tafjord;SN60500;10.03.1991;9,3
Tafjord;SN60500;11.03.1991;6,7
Tafjord;SN60500;12.03.1991;4,6
Tafjord;SN60500;13.03.1991;4,2
Tafjord;SN60500;14.03.1991;5,5
Tafjord;SN60500;15.03.1991;2,3
Tafjord;SN60500;16.03.1991;5,8
Tafjord;SN60500;17.03.1991;7,7
Tafjord;SN60500;18.03.1991;11,6
Tafjord;SN60500;19.03.1991;12,3
Tafjord;SN60500;20.03.1991;7,6
Tafjord;SN60500;21.03.1991;6,4
Tafjord;SN60500;22.03.1991;4,3
Tafjord;SN60500;23.03.1991;5,5
Tafjord;SN60500;24.03.1991;3,7
Tafjord;SN60500;25.03.1991;7,5
Tafjord;SN60500;26.03.1991;7,1
Tafjord;SN60500;27.03.1991;7,1
Tafjord;SN60500;28.03.1991;7,4
Tafjord;SN60500;29.03.1991;5,9
Tafjord;SN60500;30.03.1991;0
Tafjord;SN60500;31.03.1991;1,2
Tafjord;SN60500;01.04.1991;5,3
Tafjord;SN60500;02.04.1991;10,2
Tafjord;SN60500;03.04.1991;7,9
Tafjord;SN60500;04.04.1991;7,4
Tafjord;SN60500;05.04.1991;10,3
Tafjord;SN60500;06.04.1991;10,8
Tafjord;SN60500;07.04.1991;9,6
Tafjord;SN60500;08.04.1991;9,8
Tafjord;SN60500;09.04.1991;7,8
Tafjord;SN60500;10.04.1991;12,8
Tafjord;SN60500;11.04.1991;15,6
Tafjord;SN60500;12.04.1991;15,5
Tafjord;SN60500;13.04.1991;5,8
Tafjord;SN60500;14.04.1991;5,5
Tafjord;SN60500;15.04.1991;4,4
Tafjord;SN60500;16.04.1991;2
Tafjord;SN60500;17.04.1991;0
Tafjord;SN60500;18.04.1991;0,4
Tafjord;SN60500;19.04.1991;0
Tafjord;SN60500;20.04.1991;0,3
Tafjord;SN60500;21.04.1991;4,1
Tafjord;SN60500;22.04.1991;6
Tafjord;SN60500;23.04.1991;5,7
Tafjord;SN60500;24.04.1991;8,6
Tafjord;SN60500;25.04.1991;7,5
Tafjord;SN60500;26.04.1991;6,4
Tafjord;SN60500;27.04.1991;6,3
Tafjord;SN60500;28.04.1991;7,4
Tafjord;SN60500;29.04.1991;8,5
Tafjord;SN60500;30.04.1991;8,6
Tafjord;SN60500;01.05.1991;8,6
Tafjord;SN60500;02.05.1991;5,6
Tafjord;SN60500;03.05.1991;6,1
Tafjord;SN60500;04.05.1991;6,1
Tafjord;SN60500;05.05.1991;6,4
Tafjord;SN60500;06.05.1991;7,7
Tafjord;SN60500;07.05.1991;7,7
Tafjord;SN60500;08.05.1991;9,1
Tafjord;SN60500;09.05.1991;8,7
Tafjord;SN60500;10.05.1991;9,2
Tafjord;SN60500;11.05.1991;10,9
Tafjord;SN60500;12.05.1991;8,8
Tafjord;SN60500;13.05.1991;9,1
Tafjord;SN60500;14.05.1991;5,7
Tafjord;SN60500;15.05.1991;6
Tafjord;SN60500;16.05.1991;7,1
Tafjord;SN60500;17.05.1991;6,8
Tafjord;SN60500;18.05.1991;10
Tafjord;SN60500;19.05.1991;9,9
Tafjord;SN60500;20.05.1991;7
Tafjord;SN60500;21.05.1991;9
Tafjord;SN60500;22.05.1991;6,1
Tafjord;SN60500;23.05.1991;5,6
Tafjord;SN60500;24.05.1991;3
Tafjord;SN60500;25.05.1991;7,5
Tafjord;SN60500;26.05.1991;7
Tafjord;SN60500;27.05.1991;9,8
Tafjord;SN60500;28.05.1991;9,5
Tafjord;SN60500;29.05.1991;11,5
Tafjord;SN60500;30.05.1991;10
Tafjord;SN60500;31.05.1991;6,6
Tafjord;SN60500;01.06.1991;6,4
Tafjord;SN60500;02.06.1991;7,7
Tafjord;SN60500;03.06.1991;6,9
Tafjord;SN60500;04.06.1991;8,1
Tafjord;SN60500;05.06.1991;8,1
Tafjord;SN60500;06.06.1991;10,1
Tafjord;SN60500;07.06.1991;8,8
Tafjord;SN60500;08.06.1991;8,9
Tafjord;SN60500;09.06.1991;11,1
Tafjord;SN60500;10.06.1991;15,5
Tafjord;SN60500;11.06.1991;14,2
Tafjord;SN60500;12.06.1991;14
Tafjord;SN60500;13.06.1991;15,8
Tafjord;SN60500;14.06.1991;11,6
Tafjord;SN60500;15.06.1991;11,7
Tafjord;SN60500;16.06.1991;12,7
Tafjord;SN60500;17.06.1991;12,8
Tafjord;SN60500;18.06.1991;14,1
Tafjord;SN60500;19.06.1991;11,7
Tafjord;SN60500;20.06.1991;10,7
Tafjord;SN60500;21.06.1991;9,7
Tafjord;SN60500;22.06.1991;10,5
Tafjord;SN60500;23.06.1991;12,3
Tafjord;SN60500;24.06.1991;10,9
Tafjord;SN60500;25.06.1991;11,2
Tafjord;SN60500;26.06.1991;12,9
Tafjord;SN60500;27.06.1991;12,6
Tafjord;SN60500;28.06.1991;12,5
Tafjord;SN60500;29.06.1991;11,6
Tafjord;SN60500;30.06.1991;10,7
Tafjord;SN60500;01.07.1991;12,7
Tafjord;SN60500;02.07.1991;13,1
Tafjord;SN60500;03.07.1991;13,9
Tafjord;SN60500;04.07.1991;15,2
Tafjord;SN60500;05.07.1991;15,1
Tafjord;SN60500;06.07.1991;15,9
Tafjord;SN60500;07.07.1991;16,8
Tafjord;SN60500;08.07.1991;17,8
Tafjord;SN60500;09.07.1991;18,7
Tafjord;SN60500;10.07.1991;15,6
Tafjord;SN60500;11.07.1991;15,3
Tafjord;SN60500;12.07.1991;19,7
Tafjord;SN60500;13.07.1991;16,2
Tafjord;SN60500;14.07.1991;14,3
Tafjord;SN60500;15.07.1991;14,3
Tafjord;SN60500;16.07.1991;14,8
Tafjord;SN60500;17.07.1991;14,2
Tafjord;SN60500;18.07.1991;12,8
Tafjord;SN60500;19.07.1991;15,4
Tafjord;SN60500;20.07.1991;14,8
Tafjord;SN60500;21.07.1991;14,3
Tafjord;SN60500;22.07.1991;14,4
Tafjord;SN60500;23.07.1991;14,4
Tafjord;SN60500;24.07.1991;15
Tafjord;SN60500;25.07.1991;15,2
Tafjord;SN60500;26.07.1991;15
Tafjord;SN60500;27.07.1991;15,6
Tafjord;SN60500;28.07.1991;19,9
Tafjord;SN60500;29.07.1991;18,2
Tafjord;SN60500;30.07.1991;17,8
Tafjord;SN60500;31.07.1991;18,6
Tafjord;SN60500;01.08.1991;19,1
Tafjord;SN60500;02.08.1991;20
Tafjord;SN60500;03.08.1991;17,4
Tafjord;SN60500;04.08.1991;18,3
Tafjord;SN60500;05.08.1991;16,6
Tafjord;SN60500;06.08.1991;15,3
Tafjord;SN60500;07.08.1991;15,1
Tafjord;SN60500;08.08.1991;14,6
Tafjord;SN60500;09.08.1991;14,2
Tafjord;SN60500;10.08.1991;13,8
Tafjord;SN60500;11.08.1991;12,1
Tafjord;SN60500;12.08.1991;12,4
Tafjord;SN60500;13.08.1991;12
Tafjord;SN60500;14.08.1991;13
Tafjord;SN60500;15.08.1991;14,2
Tafjord;SN60500;16.08.1991;14,1
Tafjord;SN60500;17.08.1991;14,4
Tafjord;SN60500;18.08.1991;14,2
Tafjord;SN60500;19.08.1991;14,8
Tafjord;SN60500;20.08.1991;13,8
Tafjord;SN60500;21.08.1991;14,1
Tafjord;SN60500;22.08.1991;13,7
Tafjord;SN60500;23.08.1991;21,3
Tafjord;SN60500;24.08.1991;15,1
Tafjord;SN60500;25.08.1991;12,3
Tafjord;SN60500;26.08.1991;12,7
Tafjord;SN60500;27.08.1991;13,1
Tafjord;SN60500;28.08.1991;11,8
Tafjord;SN60500;29.08.1991;11,4
Tafjord;SN60500;30.08.1991;14,6
Tafjord;SN60500;31.08.1991;13,2
Tafjord;SN60500;01.09.1991;15,3
Tafjord;SN60500;02.09.1991;14,8
Tafjord;SN60500;03.09.1991;13,5
Tafjord;SN60500;04.09.1991;11,7
Tafjord;SN60500;05.09.1991;8,5
Tafjord;SN60500;06.09.1991;8,7
Tafjord;SN60500;07.09.1991;7,7
Tafjord;SN60500;08.09.1991;10,7
Tafjord;SN60500;09.09.1991;9,8
Tafjord;SN60500;10.09.1991;10,7
Tafjord;SN60500;11.09.1991;6,6
Tafjord;SN60500;12.09.1991;8,2
Tafjord;SN60500;13.09.1991;9,1
Tafjord;SN60500;14.09.1991;15,1
Tafjord;SN60500;15.09.1991;11,2
Tafjord;SN60500;16.09.1991;9,2
Tafjord;SN60500;17.09.1991;8,9
Tafjord;SN60500;18.09.1991;14,4
Tafjord;SN60500;19.09.1991;11
Tafjord;SN60500;20.09.1991;9,7
Tafjord;SN60500;21.09.1991;12,9
Tafjord;SN60500;22.09.1991;14,5
Tafjord;SN60500;23.09.1991;8,5
Tafjord;SN60500;24.09.1991;11,7
Tafjord;SN60500;25.09.1991;10,1
Tafjord;SN60500;26.09.1991;8,8
Tafjord;SN60500;27.09.1991;6,4
Tafjord;SN60500;28.09.1991;7,2
Tafjord;SN60500;29.09.1991;4,3
Tafjord;SN60500;30.09.1991;4,3
Tafjord;SN60500;01.10.1991;6,2
Tafjord;SN60500;02.10.1991;5,8
Tafjord;SN60500;03.10.1991;8,4
Tafjord;SN60500;04.10.1991;9,4
Tafjord;SN60500;05.10.1991;8,2
Tafjord;SN60500;06.10.1991;7
Tafjord;SN60500;07.10.1991;13,8
Tafjord;SN60500;08.10.1991;13,2
Tafjord;SN60500;09.10.1991;13,2
Tafjord;SN60500;10.10.1991;7
Tafjord;SN60500;11.10.1991;9,8
Tafjord;SN60500;12.10.1991;13,4
Tafjord;SN60500;13.10.1991;12,9
Tafjord;SN60500;14.10.1991;10,9
Tafjord;SN60500;15.10.1991;8
Tafjord;SN60500;16.10.1991;10,1
Tafjord;SN60500;17.10.1991;8,1
Tafjord;SN60500;18.10.1991;5,7
Tafjord;SN60500;19.10.1991;2
Tafjord;SN60500;20.10.1991;2,2
Tafjord;SN60500;21.10.1991;3,4
Tafjord;SN60500;22.10.1991;6,2
Tafjord;SN60500;23.10.1991;5
Tafjord;SN60500;24.10.1991;5,5
Tafjord;SN60500;25.10.1991;4,5
Tafjord;SN60500;26.10.1991;2,4
Tafjord;SN60500;27.10.1991;0,2
Tafjord;SN60500;28.10.1991;5,5
Tafjord;SN60500;29.10.1991;0,7
Tafjord;SN60500;30.10.1991;4,8
Tafjord;SN60500;31.10.1991;7,8
Tafjord;SN60500;01.11.1991;10,4
Tafjord;SN60500;02.11.1991;10,9
Tafjord;SN60500;03.11.1991;9,3
Tafjord;SN60500;04.11.1991;5,5
Tafjord;SN60500;05.11.1991;1,3
Tafjord;SN60500;06.11.1991;3,1
Tafjord;SN60500;07.11.1991;4,5
Tafjord;SN60500;08.11.1991;4,2
Tafjord;SN60500;09.11.1991;1,1
Tafjord;SN60500;10.11.1991;0,2
Tafjord;SN60500;11.11.1991;4,9
Tafjord;SN60500;12.11.1991;4,9
Tafjord;SN60500;13.11.1991;6,5
Tafjord;SN60500;14.11.1991;4
Tafjord;SN60500;15.11.1991;-0,1
Tafjord;SN60500;16.11.1991;-0,2
Tafjord;SN60500;17.11.1991;1,2
Tafjord;SN60500;18.11.1991;-0,2
Tafjord;SN60500;19.11.1991;-5,3
Tafjord;SN60500;20.11.1991;-2,3
Tafjord;SN60500;21.11.1991;6,9
Tafjord;SN60500;22.11.1991;4,8
Tafjord;SN60500;23.11.1991;6,4
Tafjord;SN60500;24.11.1991;12,5
Tafjord;SN60500;25.11.1991;14,1
Tafjord;SN60500;26.11.1991;13,1
Tafjord;SN60500;27.11.1991;6,4
Tafjord;SN60500;28.11.1991;13,1
Tafjord;SN60500;29.11.1991;5,6
Tafjord;SN60500;30.11.1991;11,5
Tafjord;SN60500;01.12.1991;4,6
Tafjord;SN60500;02.12.1991;-0,4
Tafjord;SN60500;03.12.1991;4,7
Tafjord;SN60500;04.12.1991;4
Tafjord;SN60500;05.12.1991;3,2
Tafjord;SN60500;06.12.1991;2,1
Tafjord;SN60500;07.12.1991;1
Tafjord;SN60500;08.12.1991;1,1
Tafjord;SN60500;09.12.1991;2,7
Tafjord;SN60500;10.12.1991;9
Tafjord;SN60500;11.12.1991;6
Tafjord;SN60500;12.12.1991;7,9
Tafjord;SN60500;13.12.1991;3
Tafjord;SN60500;14.12.1991;5,1
Tafjord;SN60500;15.12.1991;2,4
Tafjord;SN60500;16.12.1991;1,5
Tafjord;SN60500;17.12.1991;9,9
Tafjord;SN60500;18.12.1991;3,9
Tafjord;SN60500;19.12.1991;4
Tafjord;SN60500;20.12.1991;4
Tafjord;SN60500;21.12.1991;-0,1
Tafjord;SN60500;22.12.1991;-2,5
Tafjord;SN60500;23.12.1991;1,9
Tafjord;SN60500;24.12.1991;-0,4
Tafjord;SN60500;25.12.1991;0,5
Tafjord;SN60500;26.12.1991;2,4
Tafjord;SN60500;27.12.1991;2,2
Tafjord;SN60500;28.12.1991;3,5
Tafjord;SN60500;29.12.1991;5
Tafjord;SN60500;30.12.1991;1,4
Tafjord;SN60500;31.12.1991;6,1
Tafjord;SN60500;01.01.1992;4,5
Tafjord;SN60500;02.01.1992;1,6
Tafjord;SN60500;03.01.1992;2,1
Tafjord;SN60500;04.01.1992;0,2
Tafjord;SN60500;05.01.1992;-0,2
Tafjord;SN60500;06.01.1992;0,8
Tafjord;SN60500;07.01.1992;2,4
Tafjord;SN60500;08.01.1992;0,7
Tafjord;SN60500;09.01.1992;0
Tafjord;SN60500;10.01.1992;1,8
Tafjord;SN60500;11.01.1992;3,7
Tafjord;SN60500;12.01.1992;1,8
Tafjord;SN60500;13.01.1992;0,9
Tafjord;SN60500;14.01.1992;3
Tafjord;SN60500;15.01.1992;3,8
Tafjord;SN60500;16.01.1992;2,5
Tafjord;SN60500;17.01.1992;1,1
Tafjord;SN60500;18.01.1992;1,1
Tafjord;SN60500;19.01.1992;2
Tafjord;SN60500;20.01.1992;0,8
Tafjord;SN60500;21.01.1992;1,1
Tafjord;SN60500;22.01.1992;4,9
Tafjord;SN60500;23.01.1992;7,3
Tafjord;SN60500;24.01.1992;5,8
Tafjord;SN60500;25.01.1992;6,1
Tafjord;SN60500;26.01.1992;1,6
Tafjord;SN60500;27.01.1992;3,3
Tafjord;SN60500;28.01.1992;4,9
Tafjord;SN60500;29.01.1992;3,9
Tafjord;SN60500;30.01.1992;1,9
Tafjord;SN60500;31.01.1992;0,6
Tafjord;SN60500;01.02.1992;3,7
Tafjord;SN60500;02.02.1992;4,4
Tafjord;SN60500;03.02.1992;0,6
Tafjord;SN60500;04.02.1992;-0,3
Tafjord;SN60500;05.02.1992;-1,3
Tafjord;SN60500;06.02.1992;0,1
Tafjord;SN60500;07.02.1992;5,6
Tafjord;SN60500;08.02.1992;4,4
Tafjord;SN60500;09.02.1992;10,8
Tafjord;SN60500;10.02.1992;6,8
Tafjord;SN60500;11.02.1992;0,5
Tafjord;SN60500;12.02.1992;1,5
Tafjord;SN60500;13.02.1992;5,4
Tafjord;SN60500;14.02.1992;0
Tafjord;SN60500;15.02.1992;-2,9
Tafjord;SN60500;16.02.1992;-4
Tafjord;SN60500;17.02.1992;-4,6
Tafjord;SN60500;18.02.1992;-3
Tafjord;SN60500;19.02.1992;0,1
Tafjord;SN60500;20.02.1992;1,5
Tafjord;SN60500;21.02.1992;4
Tafjord;SN60500;22.02.1992;7,3
Tafjord;SN60500;23.02.1992;2,4
Tafjord;SN60500;24.02.1992;5,1
Tafjord;SN60500;25.02.1992;2,3
Tafjord;SN60500;26.02.1992;7,3
Tafjord;SN60500;27.02.1992;7,3
Tafjord;SN60500;28.02.1992;5,2
Tafjord;SN60500;29.02.1992;8,5
Tafjord;SN60500;01.03.1992;7,6
Tafjord;SN60500;02.03.1992;4,2
Tafjord;SN60500;03.03.1992;2,3
Tafjord;SN60500;04.03.1992;5,3
Tafjord;SN60500;05.03.1992;12,3
Tafjord;SN60500;06.03.1992;11,3
Tafjord;SN60500;07.03.1992;9,5
Tafjord;SN60500;08.03.1992;8,1
Tafjord;SN60500;09.03.1992;10,6
Tafjord;SN60500;10.03.1992;9,9
Tafjord;SN60500;11.03.1992;1,5
Tafjord;SN60500;12.03.1992;1,9
Tafjord;SN60500;13.03.1992;0,4
Tafjord;SN60500;14.03.1992;-5,6
Tafjord;SN60500;15.03.1992;-4,3
Tafjord;SN60500;16.03.1992;-0,5
Tafjord;SN60500;17.03.1992;4,7
Tafjord;SN60500;18.03.1992;6,6
Tafjord;SN60500;19.03.1992;3,5
Tafjord;SN60500;20.03.1992;3,8
Tafjord;SN60500;21.03.1992;8,1
Tafjord;SN60500;22.03.1992;4,5
Tafjord;SN60500;23.03.1992;7,4
Tafjord;SN60500;24.03.1992;2,9
Tafjord;SN60500;25.03.1992;4,4
Tafjord;SN60500;26.03.1992;3,2
Tafjord;SN60500;27.03.1992;1,1
Tafjord;SN60500;28.03.1992;-0,9
Tafjord;SN60500;29.03.1992;0,1
Tafjord;SN60500;30.03.1992;-0,2
Tafjord;SN60500;31.03.1992;-1,9
Tafjord;SN60500;01.04.1992;-1,3
Tafjord;SN60500;02.04.1992;0
Tafjord;SN60500;03.04.1992;1
Tafjord;SN60500;04.04.1992;2,1
Tafjord;SN60500;05.04.1992;3,6
Tafjord;SN60500;06.04.1992;6,7
Tafjord;SN60500;07.04.1992;6,6
Tafjord;SN60500;08.04.1992;6,3
Tafjord;SN60500;09.04.1992;7,7
Tafjord;SN60500;10.04.1992;8,4
Tafjord;SN60500;11.04.1992;6,5
Tafjord;SN60500;12.04.1992;4,3
Tafjord;SN60500;13.04.1992;4,8
Tafjord;SN60500;14.04.1992;4,1
Tafjord;SN60500;15.04.1992;1,9
Tafjord;SN60500;16.04.1992;0,8
Tafjord;SN60500;17.04.1992;3,9
Tafjord;SN60500;18.04.1992;7,1
Tafjord;SN60500;19.04.1992;3,1
Tafjord;SN60500;20.04.1992;3,3
Tafjord;SN60500;21.04.1992;4,3
Tafjord;SN60500;22.04.1992;4,5
Tafjord;SN60500;23.04.1992;3,7
Tafjord;SN60500;24.04.1992;4,9
Tafjord;SN60500;25.04.1992;9,9
Tafjord;SN60500;26.04.1992;11,1
Tafjord;SN60500;27.04.1992;10,9
Tafjord;SN60500;28.04.1992;9,9
Tafjord;SN60500;29.04.1992;8,8
Tafjord;SN60500;30.04.1992;8,4
Tafjord;SN60500;01.05.1992;10,8
Tafjord;SN60500;02.05.1992;6,7
Tafjord;SN60500;03.05.1992;7,7
Tafjord;SN60500;04.05.1992;8,5
Tafjord;SN60500;05.05.1992;8,4
Tafjord;SN60500;06.05.1992;7,8
Tafjord;SN60500;07.05.1992;6,3
Tafjord;SN60500;08.05.1992;5,2
Tafjord;SN60500;09.05.1992;5
Tafjord;SN60500;10.05.1992;5,6
Tafjord;SN60500;11.05.1992;6
Tafjord;SN60500;12.05.1992;7,8
Tafjord;SN60500;13.05.1992;9,5
Tafjord;SN60500;14.05.1992;14,6
Tafjord;SN60500;15.05.1992;18,9
Tafjord;SN60500;16.05.1992;10,7
Tafjord;SN60500;17.05.1992;9,6
Tafjord;SN60500;18.05.1992;9,4
Tafjord;SN60500;19.05.1992;13,8
Tafjord;SN60500;20.05.1992;14,7
Tafjord;SN60500;21.05.1992;12,5
Tafjord;SN60500;22.05.1992;14,5
Tafjord;SN60500;23.05.1992;12,9
Tafjord;SN60500;24.05.1992;14,2
Tafjord;SN60500;25.05.1992;14,1
Tafjord;SN60500;26.05.1992;14,4
Tafjord;SN60500;27.05.1992;13,7
Tafjord;SN60500;28.05.1992;16,8
Tafjord;SN60500;29.05.1992;16,9
Tafjord;SN60500;30.05.1992;15,5
Tafjord;SN60500;31.05.1992;14,6
Tafjord;SN60500;01.06.1992;16,2
Tafjord;SN60500;02.06.1992;18,2
Tafjord;SN60500;03.06.1992;20,8
Tafjord;SN60500;04.06.1992;19,7
Tafjord;SN60500;05.06.1992;16,1
Tafjord;SN60500;06.06.1992;15,3
Tafjord;SN60500;07.06.1992;16,3
Tafjord;SN60500;08.06.1992;17
Tafjord;SN60500;09.06.1992;20,7
Tafjord;SN60500;10.06.1992;16,8
Tafjord;SN60500;11.06.1992;16,8
Tafjord;SN60500;12.06.1992;19,3
Tafjord;SN60500;13.06.1992;18,2
Tafjord;SN60500;14.06.1992;17,6
Tafjord;SN60500;15.06.1992;12,5
Tafjord;SN60500;16.06.1992;9,5
Tafjord;SN60500;17.06.1992;9,7
Tafjord;SN60500;18.06.1992;7,8
Tafjord;SN60500;19.06.1992;11,5
Tafjord;SN60500;20.06.1992;13,6
Tafjord;SN60500;21.06.1992;8
Tafjord;SN60500;22.06.1992;8,4
Tafjord;SN60500;23.06.1992;9,6
Tafjord;SN60500;24.06.1992;12,3
Tafjord;SN60500;25.06.1992;14,7
Tafjord;SN60500;26.06.1992;15,5
Tafjord;SN60500;27.06.1992;14,6
Tafjord;SN60500;28.06.1992;12,2
Tafjord;SN60500;29.06.1992;12,9
Tafjord;SN60500;30.06.1992;11,6
Tafjord;SN60500;01.07.1992;11,3
Tafjord;SN60500;02.07.1992;10,1
Tafjord;SN60500;03.07.1992;11,4
Tafjord;SN60500;04.07.1992;11,6
Tafjord;SN60500;05.07.1992;12,8
Tafjord;SN60500;06.07.1992;13,2
Tafjord;SN60500;07.07.1992;14,2
Tafjord;SN60500;08.07.1992;13,6
Tafjord;SN60500;09.07.1992;14,5
Tafjord;SN60500;10.07.1992;12,5
Tafjord;SN60500;11.07.1992;13
Tafjord;SN60500;12.07.1992;14
Tafjord;SN60500;13.07.1992;15,6
Tafjord;SN60500;14.07.1992;13,7
Tafjord;SN60500;15.07.1992;11,6
Tafjord;SN60500;16.07.1992;12
Tafjord;SN60500;17.07.1992;12,5
Tafjord;SN60500;18.07.1992;14,2
Tafjord;SN60500;19.07.1992;14,4
Tafjord;SN60500;20.07.1992;14,7
Tafjord;SN60500;21.07.1992;14,7
Tafjord;SN60500;22.07.1992;13,9
Tafjord;SN60500;23.07.1992;14,3
Tafjord;SN60500;24.07.1992;16,9
Tafjord;SN60500;25.07.1992;14,5
Tafjord;SN60500;26.07.1992;14,6
Tafjord;SN60500;27.07.1992;12,5
Tafjord;SN60500;28.07.1992;12,2
Tafjord;SN60500;29.07.1992;13
Tafjord;SN60500;30.07.1992;12,4
Tafjord;SN60500;31.07.1992;10,8
Tafjord;SN60500;01.08.1992;11,8
Tafjord;SN60500;02.08.1992;16
Tafjord;SN60500;03.08.1992;13,9
Tafjord;SN60500;04.08.1992;13
Tafjord;SN60500;05.08.1992;12,7
Tafjord;SN60500;06.08.1992;13,7
Tafjord;SN60500;07.08.1992;12,1
Tafjord;SN60500;08.08.1992;12,6
Tafjord;SN60500;09.08.1992;10,1
Tafjord;SN60500;10.08.1992;14,2
Tafjord;SN60500;11.08.1992;13,3
Tafjord;SN60500;12.08.1992;11,6
Tafjord;SN60500;13.08.1992;12
Tafjord;SN60500;14.08.1992;13,2
Tafjord;SN60500;15.08.1992;13,7
Tafjord;SN60500;16.08.1992;12,5
Tafjord;SN60500;17.08.1992;11,7
Tafjord;SN60500;18.08.1992;11,6
Tafjord;SN60500;19.08.1992;10,3
Tafjord;SN60500;20.08.1992;11
Tafjord;SN60500;21.08.1992;11,8
Tafjord;SN60500;22.08.1992;13,7
Tafjord;SN60500;23.08.1992;16,3
Tafjord;SN60500;24.08.1992;10,3
Tafjord;SN60500;25.08.1992;9,4
Tafjord;SN60500;26.08.1992;12
Tafjord;SN60500;27.08.1992;11,6
Tafjord;SN60500;28.08.1992;13,7
Tafjord;SN60500;29.08.1992;12,1
Tafjord;SN60500;30.08.1992;11,4
Tafjord;SN60500;31.08.1992;14,3
Tafjord;SN60500;01.09.1992;14,6
Tafjord;SN60500;02.09.1992;12
Tafjord;SN60500;03.09.1992;9,5
Tafjord;SN60500;04.09.1992;10,3
Tafjord;SN60500;05.09.1992;8,7
Tafjord;SN60500;06.09.1992;7,3
Tafjord;SN60500;07.09.1992;16,2
Tafjord;SN60500;08.09.1992;14,5
Tafjord;SN60500;09.09.1992;12,9
Tafjord;SN60500;10.09.1992;15,1
Tafjord;SN60500;11.09.1992;16,4
Tafjord;SN60500;12.09.1992;16,4
Tafjord;SN60500;13.09.1992;14,8
Tafjord;SN60500;14.09.1992;11,2
Tafjord;SN60500;15.09.1992;10,5
Tafjord;SN60500;16.09.1992;10
Tafjord;SN60500;17.09.1992;9,3
Tafjord;SN60500;18.09.1992;11
Tafjord;SN60500;19.09.1992;10,8
Tafjord;SN60500;20.09.1992;11,2
Tafjord;SN60500;21.09.1992;11,8
Tafjord;SN60500;22.09.1992;13,3
Tafjord;SN60500;23.09.1992;16,1
Tafjord;SN60500;24.09.1992;16
Tafjord;SN60500;25.09.1992;11,8
Tafjord;SN60500;26.09.1992;9,4
Tafjord;SN60500;27.09.1992;6,5
Tafjord;SN60500;28.09.1992;11,8
Tafjord;SN60500;29.09.1992;10,4
Tafjord;SN60500;30.09.1992;9
Tafjord;SN60500;01.10.1992;9,7
Tafjord;SN60500;02.10.1992;5,8
Tafjord;SN60500;03.10.1992;4,9
Tafjord;SN60500;04.10.1992;6,1
Tafjord;SN60500;05.10.1992;3,4
Tafjord;SN60500;06.10.1992;5,1
Tafjord;SN60500;07.10.1992;8,2
Tafjord;SN60500;08.10.1992;8,6
Tafjord;SN60500;09.10.1992;6
Tafjord;SN60500;10.10.1992;5,7
Tafjord;SN60500;11.10.1992;4,8
Tafjord;SN60500;12.10.1992;3,9
Tafjord;SN60500;13.10.1992;7,5
Tafjord;SN60500;14.10.1992;2,8
Tafjord;SN60500;15.10.1992;1,4
Tafjord;SN60500;16.10.1992;-1,9
Tafjord;SN60500;17.10.1992;0,3
Tafjord;SN60500;18.10.1992;5,5
Tafjord;SN60500;19.10.1992;3,2
Tafjord;SN60500;20.10.1992;-0,9
Tafjord;SN60500;21.10.1992;-2,5
Tafjord;SN60500;22.10.1992;-0,6
Tafjord;SN60500;23.10.1992;1,2
Tafjord;SN60500;24.10.1992;3,3
Tafjord;SN60500;25.10.1992;2,5
Tafjord;SN60500;26.10.1992;2,7
Tafjord;SN60500;27.10.1992;4,1
Tafjord;SN60500;28.10.1992;3,4
Tafjord;SN60500;29.10.1992;1,9
Tafjord;SN60500;30.10.1992;1,8
Tafjord;SN60500;31.10.1992;3
Tafjord;SN60500;01.11.1992;8,9
Tafjord;SN60500;02.11.1992;6,3
Tafjord;SN60500;03.11.1992;3,5
Tafjord;SN60500;04.11.1992;2,4
Tafjord;SN60500;05.11.1992;3,6
Tafjord;SN60500;06.11.1992;8,3
Tafjord;SN60500;07.11.1992;2,7
Tafjord;SN60500;08.11.1992;1,6
Tafjord;SN60500;09.11.1992;10
Tafjord;SN60500;10.11.1992;9,9
Tafjord;SN60500;11.11.1992;5,1
Tafjord;SN60500;12.11.1992;2,8
Tafjord;SN60500;13.11.1992;0,7
Tafjord;SN60500;14.11.1992;0,8
Tafjord;SN60500;15.11.1992;-2,6
Tafjord;SN60500;16.11.1992;-1,3
Tafjord;SN60500;17.11.1992;-0,6
Tafjord;SN60500;18.11.1992;0,9
Tafjord;SN60500;19.11.1992;5,9
Tafjord;SN60500;20.11.1992;0,9
Tafjord;SN60500;21.11.1992;-0,3
Tafjord;SN60500;22.11.1992;0
Tafjord;SN60500;23.11.1992;4
Tafjord;SN60500;24.11.1992;6,3
Tafjord;SN60500;25.11.1992;9
Tafjord;SN60500;26.11.1992;6,3
Tafjord;SN60500;27.11.1992;5,6
Tafjord;SN60500;28.11.1992;3,3
Tafjord;SN60500;29.11.1992;4,3
Tafjord;SN60500;30.11.1992;8,9
Tafjord;SN60500;01.12.1992;9,2
Tafjord;SN60500;02.12.1992;4,7
Tafjord;SN60500;03.12.1992;7
Tafjord;SN60500;04.12.1992;5,2
Tafjord;SN60500;05.12.1992;3,4
Tafjord;SN60500;06.12.1992;5,8
Tafjord;SN60500;07.12.1992;3,6
Tafjord;SN60500;08.12.1992;2,3
Tafjord;SN60500;09.12.1992;6,2
Tafjord;SN60500;10.12.1992;10,9
Tafjord;SN60500;11.12.1992;2,5
Tafjord;SN60500;12.12.1992;0,1
Tafjord;SN60500;13.12.1992;0,7
Tafjord;SN60500;14.12.1992;3
Tafjord;SN60500;15.12.1992;2,3
Tafjord;SN60500;16.12.1992;4,6
Tafjord;SN60500;17.12.1992;1,2
Tafjord;SN60500;18.12.1992;10,8
Tafjord;SN60500;19.12.1992;2,1
Tafjord;SN60500;20.12.1992;-2,3
Tafjord;SN60500;21.12.1992;-3,3
Tafjord;SN60500;22.12.1992;1,9
Tafjord;SN60500;23.12.1992;4,8
Tafjord;SN60500;24.12.1992;5
Tafjord;SN60500;25.12.1992;8,4
Tafjord;SN60500;26.12.1992;2,1
Tafjord;SN60500;27.12.1992;0,1
Tafjord;SN60500;28.12.1992;3,2
Tafjord;SN60500;29.12.1992;2,7
Tafjord;SN60500;30.12.1992;-1
Tafjord;SN60500;31.12.1992;4,9
Tafjord;SN60500;01.01.1993;6,6
Tafjord;SN60500;02.01.1993;8,6
Tafjord;SN60500;03.01.1993;10
Tafjord;SN60500;04.01.1993;5
Tafjord;SN60500;05.01.1993;4,8
Tafjord;SN60500;06.01.1993;3,7
Tafjord;SN60500;07.01.1993;5,7
Tafjord;SN60500;08.01.1993;3,7
Tafjord;SN60500;09.01.1993;4,9
Tafjord;SN60500;10.01.1993;2,4
Tafjord;SN60500;11.01.1993;1,8
Tafjord;SN60500;12.01.1993;2,7
Tafjord;SN60500;13.01.1993;2,7
Tafjord;SN60500;14.01.1993;1,1
Tafjord;SN60500;15.01.1993;5,4
Tafjord;SN60500;16.01.1993;3,2
Tafjord;SN60500;17.01.1993;9
Tafjord;SN60500;18.01.1993;2,9
Tafjord;SN60500;19.01.1993;1,9
Tafjord;SN60500;20.01.1993;6,4
Tafjord;SN60500;21.01.1993;3,3
Tafjord;SN60500;22.01.1993;2,4
Tafjord;SN60500;23.01.1993;-0,9
Tafjord;SN60500;24.01.1993;-0,5
Tafjord;SN60500;25.01.1993;-3,8
Tafjord;SN60500;26.01.1993;-4,4
Tafjord;SN60500;27.01.1993;-1,7
Tafjord;SN60500;28.01.1993;-5,1
Tafjord;SN60500;29.01.1993;-8,9
Tafjord;SN60500;30.01.1993;6,1
Tafjord;SN60500;31.01.1993;2,9
Tafjord;SN60500;01.02.1993;7,6
Tafjord;SN60500;02.02.1993;5,8
Tafjord;SN60500;03.02.1993;3,4
Tafjord;SN60500;04.02.1993;3
Tafjord;SN60500;05.02.1993;-1,1
Tafjord;SN60500;06.02.1993;-2
Tafjord;SN60500;07.02.1993;-2
Tafjord;SN60500;08.02.1993;1,9
Tafjord;SN60500;09.02.1993;3,2
Tafjord;SN60500;10.02.1993;0,8
Tafjord;SN60500;11.02.1993;0,8
Tafjord;SN60500;12.02.1993;1,1
Tafjord;SN60500;13.02.1993;4,6
Tafjord;SN60500;14.02.1993;8,3
Tafjord;SN60500;15.02.1993;3,7
Tafjord;SN60500;16.02.1993;1,1
Tafjord;SN60500;17.02.1993;1,6
Tafjord;SN60500;18.02.1993;1,8
Tafjord;SN60500;19.02.1993;1
Tafjord;SN60500;20.02.1993;-0,8
Tafjord;SN60500;21.02.1993;-3
Tafjord;SN60500;22.02.1993;-1,8
Tafjord;SN60500;23.02.1993;2,4
Tafjord;SN60500;24.02.1993;6,1
Tafjord;SN60500;25.02.1993;8,9
Tafjord;SN60500;26.02.1993;0,6
Tafjord;SN60500;27.02.1993;-1,5
Tafjord;SN60500;28.02.1993;-3,5
Tafjord;SN60500;01.03.1993;-2,4
Tafjord;SN60500;02.03.1993;-5,7
Tafjord;SN60500;03.03.1993;-5,1
Tafjord;SN60500;04.03.1993;-1,1
Tafjord;SN60500;05.03.1993;3,1
Tafjord;SN60500;06.03.1993;1,9
Tafjord;SN60500;07.03.1993;5,1
Tafjord;SN60500;08.03.1993;8,8
Tafjord;SN60500;09.03.1993;4,5
Tafjord;SN60500;10.03.1993;0,8
Tafjord;SN60500;11.03.1993;-1,2
Tafjord;SN60500;12.03.1993;3,4
Tafjord;SN60500;13.03.1993;6,2
Tafjord;SN60500;14.03.1993;9,1
Tafjord;SN60500;15.03.1993;8,4
Tafjord;SN60500;16.03.1993;4,7
Tafjord;SN60500;17.03.1993;3
Tafjord;SN60500;18.03.1993;1,4
Tafjord;SN60500;19.03.1993;1,1
Tafjord;SN60500;20.03.1993;1,5
Tafjord;SN60500;21.03.1993;2,4
Tafjord;SN60500;22.03.1993;6
Tafjord;SN60500;23.03.1993;3,9
Tafjord;SN60500;24.03.1993;0,6
Tafjord;SN60500;25.03.1993;0,6
Tafjord;SN60500;26.03.1993;0,8
Tafjord;SN60500;27.03.1993;3,3
Tafjord;SN60500;28.03.1993;1
Tafjord;SN60500;29.03.1993;0,8
Tafjord;SN60500;30.03.1993;1,7
Tafjord;SN60500;31.03.1993;3,9
Tafjord;SN60500;01.04.1993;5,5
Tafjord;SN60500;02.04.1993;5,4
Tafjord;SN60500;03.04.1993;7,3
Tafjord;SN60500;04.04.1993;6,7
Tafjord;SN60500;05.04.1993;6,4
Tafjord;SN60500;06.04.1993;6,2
Tafjord;SN60500;07.04.1993;4,3
Tafjord;SN60500;08.04.1993;4,7
Tafjord;SN60500;09.04.1993;4,7
Tafjord;SN60500;10.04.1993;5
Tafjord;SN60500;11.04.1993;4
Tafjord;SN60500;12.04.1993;3,9
Tafjord;SN60500;13.04.1993;3,6
Tafjord;SN60500;14.04.1993;5,4
Tafjord;SN60500;15.04.1993;6,1
Tafjord;SN60500;16.04.1993;11,3
Tafjord;SN60500;17.04.1993;5,3
Tafjord;SN60500;18.04.1993;3,6
Tafjord;SN60500;19.04.1993;1,9
Tafjord;SN60500;20.04.1993;3,6
Tafjord;SN60500;21.04.1993;10,8
Tafjord;SN60500;22.04.1993;8,9
Tafjord;SN60500;23.04.1993;12
Tafjord;SN60500;24.04.1993;15
Tafjord;SN60500;25.04.1993;10
Tafjord;SN60500;26.04.1993;9,2
Tafjord;SN60500;27.04.1993;9,3
Tafjord;SN60500;28.04.1993;9,4
Tafjord;SN60500;29.04.1993;14,3
Tafjord;SN60500;30.04.1993;13,6
Tafjord;SN60500;01.05.1993;17,8
Tafjord;SN60500;02.05.1993;8,1
Tafjord;SN60500;03.05.1993;6,1
Tafjord;SN60500;04.05.1993;5,9
Tafjord;SN60500;05.05.1993;6,2
Tafjord;SN60500;06.05.1993;7,4
Tafjord;SN60500;07.05.1993;6,8
Tafjord;SN60500;08.05.1993;6,8
Tafjord;SN60500;09.05.1993;8,3
Tafjord;SN60500;10.05.1993;8,8
Tafjord;SN60500;11.05.1993;8,6
Tafjord;SN60500;12.05.1993;6,7
Tafjord;SN60500;13.05.1993;3,9
Tafjord;SN60500;14.05.1993;6,3
Tafjord;SN60500;15.05.1993;10
Tafjord;SN60500;16.05.1993;10,3
Tafjord;SN60500;17.05.1993;12,7
Tafjord;SN60500;18.05.1993;18
Tafjord;SN60500;19.05.1993;18
Tafjord;SN60500;20.05.1993;16,8
Tafjord;SN60500;21.05.1993;15,7
Tafjord;SN60500;22.05.1993;16,6
Tafjord;SN60500;23.05.1993;14,9
Tafjord;SN60500;24.05.1993;12,2
Tafjord;SN60500;25.05.1993;8,2
Tafjord;SN60500;26.05.1993;8,4
Tafjord;SN60500;27.05.1993;7,4
Tafjord;SN60500;28.05.1993;9,2
Tafjord;SN60500;29.05.1993;8,5
Tafjord;SN60500;30.05.1993;9,3
Tafjord;SN60500;31.05.1993;9,9
Tafjord;SN60500;01.06.1993;8,8
Tafjord;SN60500;02.06.1993;6,8
Tafjord;SN60500;03.06.1993;8,1
Tafjord;SN60500;04.06.1993;9,8
Tafjord;SN60500;05.06.1993;11,8
Tafjord;SN60500;06.06.1993;10,5
Tafjord;SN60500;07.06.1993;11
Tafjord;SN60500;08.06.1993;11,1
Tafjord;SN60500;09.06.1993;13,3
Tafjord;SN60500;10.06.1993;14
Tafjord;SN60500;11.06.1993;13,2
Tafjord;SN60500;12.06.1993;11,4
Tafjord;SN60500;13.06.1993;9,4
Tafjord;SN60500;14.06.1993;8,5
Tafjord;SN60500;15.06.1993;8,3
Tafjord;SN60500;16.06.1993;9,1
Tafjord;SN60500;17.06.1993;8
Tafjord;SN60500;18.06.1993;9,6
Tafjord;SN60500;19.06.1993;10,7
Tafjord;SN60500;20.06.1993;10,2
Tafjord;SN60500;21.06.1993;9
Tafjord;SN60500;22.06.1993;10,1
Tafjord;SN60500;23.06.1993;11,7
Tafjord;SN60500;24.06.1993;11,1
Tafjord;SN60500;25.06.1993;9,9
Tafjord;SN60500;26.06.1993;11,6
Tafjord;SN60500;27.06.1993;13,5
Tafjord;SN60500;28.06.1993;12,7
Tafjord;SN60500;29.06.1993;13,2
Tafjord;SN60500;30.06.1993;14,4
Tafjord;SN60500;01.07.1993;14,5
Tafjord;SN60500;02.07.1993;14,3
Tafjord;SN60500;03.07.1993;13,7
Tafjord;SN60500;04.07.1993;12,6
Tafjord;SN60500;05.07.1993;9,3
Tafjord;SN60500;06.07.1993;8,6
Tafjord;SN60500;07.07.1993;9,9
Tafjord;SN60500;08.07.1993;11,8
Tafjord;SN60500;09.07.1993;12,7
Tafjord;SN60500;10.07.1993;13,4
Tafjord;SN60500;11.07.1993;15,5
Tafjord;SN60500;12.07.1993;11,2
Tafjord;SN60500;13.07.1993;12,3
Tafjord;SN60500;14.07.1993;14,1
Tafjord;SN60500;15.07.1993;15,7
Tafjord;SN60500;16.07.1993;15,9
Tafjord;SN60500;17.07.1993;14,2
Tafjord;SN60500;18.07.1993;14,4
Tafjord;SN60500;19.07.1993;13,2
Tafjord;SN60500;20.07.1993;14,1
Tafjord;SN60500;21.07.1993;15,6
Tafjord;SN60500;22.07.1993;13,2
Tafjord;SN60500;23.07.1993;13,1
Tafjord;SN60500;24.07.1993;13,4
Tafjord;SN60500;25.07.1993;13,9
Tafjord;SN60500;26.07.1993;12,9
Tafjord;SN60500;27.07.1993;13,2
Tafjord;SN60500;28.07.1993;11,3
Tafjord;SN60500;29.07.1993;13
Tafjord;SN60500;30.07.1993;14,6
Tafjord;SN60500;31.07.1993;13,5
Tafjord;SN60500;01.08.1993;14
Tafjord;SN60500;02.08.1993;12,9
Tafjord;SN60500;03.08.1993;15,4
Tafjord;SN60500;04.08.1993;13,1
Tafjord;SN60500;05.08.1993;13,7
Tafjord;SN60500;06.08.1993;13,4
Tafjord;SN60500;07.08.1993;13,9
Tafjord;SN60500;08.08.1993;16,8
Tafjord;SN60500;09.08.1993;14,9
Tafjord;SN60500;10.08.1993;11,7
Tafjord;SN60500;11.08.1993;11,4
Tafjord;SN60500;12.08.1993;10,5
Tafjord;SN60500;13.08.1993;10,5
Tafjord;SN60500;14.08.1993;11,8
Tafjord;SN60500;15.08.1993;14,9
Tafjord;SN60500;16.08.1993;11,4
Tafjord;SN60500;17.08.1993;10,3
Tafjord;SN60500;18.08.1993;9
Tafjord;SN60500;19.08.1993;11,1
Tafjord;SN60500;20.08.1993;12
Tafjord;SN60500;21.08.1993;12
Tafjord;SN60500;22.08.1993;11,1
Tafjord;SN60500;23.08.1993;10,1
Tafjord;SN60500;24.08.1993;9,9
Tafjord;SN60500;25.08.1993;10
Tafjord;SN60500;26.08.1993;11,4
Tafjord;SN60500;27.08.1993;9
Tafjord;SN60500;28.08.1993;9,9
Tafjord;SN60500;29.08.1993;11,7
Tafjord;SN60500;30.08.1993;10,5
Tafjord;SN60500;31.08.1993;10,6
Tafjord;SN60500;01.09.1993;11,9
Tafjord;SN60500;02.09.1993;11,8
Tafjord;SN60500;03.09.1993;9,1
Tafjord;SN60500;04.09.1993;8,8
Tafjord;SN60500;05.09.1993;8,8
Tafjord;SN60500;06.09.1993;9,3
Tafjord;SN60500;07.09.1993;8,8
Tafjord;SN60500;08.09.1993;9,8
Tafjord;SN60500;09.09.1993;8,1
Tafjord;SN60500;10.09.1993;10,8
Tafjord;SN60500;11.09.1993;14
Tafjord;SN60500;12.09.1993;11,3
Tafjord;SN60500;13.09.1993;10,1
Tafjord;SN60500;14.09.1993;8,6
Tafjord;SN60500;15.09.1993;8,4
Tafjord;SN60500;16.09.1993;7,9
Tafjord;SN60500;17.09.1993;5,6
Tafjord;SN60500;18.09.1993;6,9
Tafjord;SN60500;19.09.1993;7,1
Tafjord;SN60500;20.09.1993;9,9
Tafjord;SN60500;21.09.1993;13,1
Tafjord;SN60500;22.09.1993;9,9
Tafjord;SN60500;23.09.1993;8,3
Tafjord;SN60500;24.09.1993;6,1
Tafjord;SN60500;25.09.1993;11,6
Tafjord;SN60500;26.09.1993;8,4
Tafjord;SN60500;27.09.1993;6
Tafjord;SN60500;28.09.1993;5,3
Tafjord;SN60500;29.09.1993;12,7
Tafjord;SN60500;30.09.1993;10,6
Tafjord;SN60500;01.10.1993;11,2
Tafjord;SN60500;02.10.1993;12,4
Tafjord;SN60500;03.10.1993;13,4
Tafjord;SN60500;04.10.1993;12,7
Tafjord;SN60500;05.10.1993;9,2
Tafjord;SN60500;06.10.1993;8,5
Tafjord;SN60500;07.10.1993;7,6
Tafjord;SN60500;08.10.1993;7,6
Tafjord;SN60500;09.10.1993;10,2
Tafjord;SN60500;10.10.1993;10,4
Tafjord;SN60500;11.10.1993;7
Tafjord;SN60500;12.10.1993;4,3
Tafjord;SN60500;13.10.1993;1,7
Tafjord;SN60500;14.10.1993;0,1
Tafjord;SN60500;15.10.1993;-1,1
Tafjord;SN60500;16.10.1993;-2,2
Tafjord;SN60500;17.10.1993;-0,8
Tafjord;SN60500;18.10.1993;3,1
Tafjord;SN60500;19.10.1993;9,2
Tafjord;SN60500;20.10.1993;4,9
Tafjord;SN60500;21.10.1993;1,1
Tafjord;SN60500;22.10.1993;3,1
Tafjord;SN60500;23.10.1993;7
Tafjord;SN60500;24.10.1993;5,9
Tafjord;SN60500;25.10.1993;5,1
Tafjord;SN60500;26.10.1993;7
Tafjord;SN60500;27.10.1993;6,2
Tafjord;SN60500;28.10.1993;3,1
Tafjord;SN60500;29.10.1993;-1,2
Tafjord;SN60500;30.10.1993;2,7
Tafjord;SN60500;31.10.1993;-0,7
Tafjord;SN60500;01.11.1993;1,6
Tafjord;SN60500;02.11.1993;4,6
Tafjord;SN60500;03.11.1993;2,5
Tafjord;SN60500;04.11.1993;-1,9
Tafjord;SN60500;05.11.1993;1,2
Tafjord;SN60500;06.11.1993;2,2
Tafjord;SN60500;07.11.1993;2,5
Tafjord;SN60500;08.11.1993;2,4
Tafjord;SN60500;09.11.1993;6,8
Tafjord;SN60500;10.11.1993;9,7
Tafjord;SN60500;11.11.1993;10,3
Tafjord;SN60500;12.11.1993;6,7
Tafjord;SN60500;13.11.1993;6
Tafjord;SN60500;14.11.1993;4,1
Tafjord;SN60500;15.11.1993;1,1
Tafjord;SN60500;16.11.1993;9,1
Tafjord;SN60500;17.11.1993;9,5
Tafjord;SN60500;18.11.1993;11,5
Tafjord;SN60500;19.11.1993;9,8
Tafjord;SN60500;20.11.1993;0,8
Tafjord;SN60500;21.11.1993;-1,6
Tafjord;SN60500;22.11.1993;-0,6
Tafjord;SN60500;23.11.1993;1,7
Tafjord;SN60500;24.11.1993;3,2
Tafjord;SN60500;25.11.1993;1,2
Tafjord;SN60500;26.11.1993;3,3
Tafjord;SN60500;27.11.1993;1
Tafjord;SN60500;28.11.1993;-2
Tafjord;SN60500;29.11.1993;1,2
Tafjord;SN60500;30.11.1993;0,6
Tafjord;SN60500;01.12.1993;2,5
Tafjord;SN60500;02.12.1993;5,6
Tafjord;SN60500;03.12.1993;5,2
Tafjord;SN60500;04.12.1993;5
Tafjord;SN60500;05.12.1993;0,8
Tafjord;SN60500;06.12.1993;2,7
Tafjord;SN60500;07.12.1993;0,1
Tafjord;SN60500;08.12.1993;-1,9
Tafjord;SN60500;09.12.1993;-4,7
Tafjord;SN60500;10.12.1993;-5,1
Tafjord;SN60500;11.12.1993;-4,9
Tafjord;SN60500;12.12.1993;-0,3
Tafjord;SN60500;13.12.1993;-6,5
Tafjord;SN60500;14.12.1993;-2,8
Tafjord;SN60500;15.12.1993;4,8
Tafjord;SN60500;16.12.1993;1,9
Tafjord;SN60500;17.12.1993;-4,2
Tafjord;SN60500;18.12.1993;4,4
Tafjord;SN60500;19.12.1993;5,3
Tafjord;SN60500;20.12.1993;-2,9
Tafjord;SN60500;21.12.1993;-2,2
Tafjord;SN60500;22.12.1993;-1,5
Tafjord;SN60500;23.12.1993;-1,4
Tafjord;SN60500;24.12.1993;-2,9
Tafjord;SN60500;25.12.1993;-2,4
Tafjord;SN60500;26.12.1993;-1,2
Tafjord;SN60500;27.12.1993;-8,9
Tafjord;SN60500;28.12.1993;2
Tafjord;SN60500;29.12.1993;0
Tafjord;SN60500;30.12.1993;4,8
Tafjord;SN60500;31.12.1993;1,6
Tafjord;SN60500;01.01.1994;0,6
Tafjord;SN60500;02.01.1994;-1,9
Tafjord;SN60500;03.01.1994;-6,7
Tafjord;SN60500;04.01.1994;-2,5
Tafjord;SN60500;05.01.1994;-0,4
Tafjord;SN60500;06.01.1994;1,4
Tafjord;SN60500;07.01.1994;-1,5
Tafjord;SN60500;08.01.1994;-2
Tafjord;SN60500;09.01.1994;2,8
Tafjord;SN60500;10.01.1994;1,5
Tafjord;SN60500;11.01.1994;5,5
Tafjord;SN60500;12.01.1994;3,7
Tafjord;SN60500;13.01.1994;6,1
Tafjord;SN60500;14.01.1994;1,9
Tafjord;SN60500;15.01.1994;0,3
Tafjord;SN60500;16.01.1994;-2,9
Tafjord;SN60500;17.01.1994;-3,2
Tafjord;SN60500;18.01.1994;-0,3
Tafjord;SN60500;19.01.1994;2,2
Tafjord;SN60500;20.01.1994;2,5
Tafjord;SN60500;21.01.1994;5,5
Tafjord;SN60500;22.01.1994;0,8
Tafjord;SN60500;23.01.1994;0,1
Tafjord;SN60500;24.01.1994;1,9
Tafjord;SN60500;25.01.1994;-1,1
Tafjord;SN60500;26.01.1994;-1,4
Tafjord;SN60500;27.01.1994;1,5
Tafjord;SN60500;28.01.1994;0,1
Tafjord;SN60500;29.01.1994;-1,8
Tafjord;SN60500;30.01.1994;0,3
Tafjord;SN60500;31.01.1994;1,2
Tafjord;SN60500;01.02.1994;2,1
Tafjord;SN60500;02.02.1994;1,3
Tafjord;SN60500;03.02.1994;-0,6
Tafjord;SN60500;04.02.1994;-2,3
Tafjord;SN60500;05.02.1994;-4,7
Tafjord;SN60500;06.02.1994;-1,7
Tafjord;SN60500;07.02.1994;-0,9
Tafjord;SN60500;08.02.1994;-1,6
Tafjord;SN60500;09.02.1994;-0,8
Tafjord;SN60500;10.02.1994;-5,1
Tafjord;SN60500;11.02.1994;-5,6
Tafjord;SN60500;12.02.1994;-2,6
Tafjord;SN60500;13.02.1994;-3,7
Tafjord;SN60500;14.02.1994;-7,6
Tafjord;SN60500;15.02.1994;-3,6
Tafjord;SN60500;16.02.1994;2,4
Tafjord;SN60500;17.02.1994;1,6
Tafjord;SN60500;18.02.1994;1,6
Tafjord;SN60500;19.02.1994;-4,9
Tafjord;SN60500;20.02.1994;-3,5
Tafjord;SN60500;21.02.1994;1,3
Tafjord;SN60500;22.02.1994;-2,1
Tafjord;SN60500;23.02.1994;-5,5
Tafjord;SN60500;24.02.1994;-2,6
Tafjord;SN60500;25.02.1994;-4
Tafjord;SN60500;26.02.1994;-2,5
Tafjord;SN60500;27.02.1994;-4
Tafjord;SN60500;28.02.1994;-2,3
Tafjord;SN60500;01.03.1994;-4,3
Tafjord;SN60500;02.03.1994;-2,5
Tafjord;SN60500;03.03.1994;0,2
Tafjord;SN60500;04.03.1994;5,3
Tafjord;SN60500;05.03.1994;9,7
Tafjord;SN60500;06.03.1994;2,4
Tafjord;SN60500;07.03.1994;1,7
Tafjord;SN60500;08.03.1994;4,6
Tafjord;SN60500;09.03.1994;4,2
Tafjord;SN60500;10.03.1994;0,9
Tafjord;SN60500;11.03.1994;3,1
Tafjord;SN60500;12.03.1994;5,7
Tafjord;SN60500;13.03.1994;4
Tafjord;SN60500;14.03.1994;1,1
Tafjord;SN60500;15.03.1994;0,6
Tafjord;SN60500;16.03.1994;1,3
Tafjord;SN60500;17.03.1994;-0,5
Tafjord;SN60500;18.03.1994;-1,1
Tafjord;SN60500;19.03.1994;-4,2
Tafjord;SN60500;20.03.1994;-3,2
Tafjord;SN60500;21.03.1994;-1,7
Tafjord;SN60500;22.03.1994;3,3
Tafjord;SN60500;23.03.1994;4,1
Tafjord;SN60500;24.03.1994;2,5
Tafjord;SN60500;25.03.1994;2,3
Tafjord;SN60500;26.03.1994;0
Tafjord;SN60500;27.03.1994;1,8
Tafjord;SN60500;28.03.1994;5,9
Tafjord;SN60500;29.03.1994;6,3
Tafjord;SN60500;30.03.1994;5,9
Tafjord;SN60500;31.03.1994;10,8
Tafjord;SN60500;01.04.1994;9,8
Tafjord;SN60500;02.04.1994;5,3
Tafjord;SN60500;03.04.1994;6,3
Tafjord;SN60500;04.04.1994;7,5
Tafjord;SN60500;05.04.1994;3,8
Tafjord;SN60500;06.04.1994;6,6
Tafjord;SN60500;07.04.1994;7,1
Tafjord;SN60500;08.04.1994;5
Tafjord;SN60500;09.04.1994;6,7
Tafjord;SN60500;10.04.1994;6,5
Tafjord;SN60500;11.04.1994;7
Tafjord;SN60500;12.04.1994;10,4
Tafjord;SN60500;13.04.1994;5
Tafjord;SN60500;14.04.1994;4,7
Tafjord;SN60500;15.04.1994;4
Tafjord;SN60500;16.04.1994;4,6
Tafjord;SN60500;17.04.1994;2,3
Tafjord;SN60500;18.04.1994;3,6
Tafjord;SN60500;19.04.1994;4,7
Tafjord;SN60500;20.04.1994;6
Tafjord;SN60500;21.04.1994;7,2
Tafjord;SN60500;22.04.1994;7,1
Tafjord;SN60500;23.04.1994;5,9
Tafjord;SN60500;24.04.1994;12,9
Tafjord;SN60500;25.04.1994;15,2
Tafjord;SN60500;26.04.1994;13,6
Tafjord;SN60500;27.04.1994;11,8
Tafjord;SN60500;28.04.1994;10,3
Tafjord;SN60500;29.04.1994;5,8
Tafjord;SN60500;30.04.1994;4,9
Tafjord;SN60500;01.05.1994;5,1
Tafjord;SN60500;02.05.1994;6,8
Tafjord;SN60500;03.05.1994;8
Tafjord;SN60500;04.05.1994;11,7
Tafjord;SN60500;05.05.1994;13,4
Tafjord;SN60500;06.05.1994;12,1
Tafjord;SN60500;07.05.1994;10,1
Tafjord;SN60500;08.05.1994;10,3
Tafjord;SN60500;09.05.1994;10,4
Tafjord;SN60500;10.05.1994;7,5
Tafjord;SN60500;11.05.1994;10,8
Tafjord;SN60500;12.05.1994;10,7
Tafjord;SN60500;13.05.1994;10,9
Tafjord;SN60500;14.05.1994;8,4
Tafjord;SN60500;15.05.1994;8,2
Tafjord;SN60500;16.05.1994;6,5
Tafjord;SN60500;17.05.1994;5,8
Tafjord;SN60500;18.05.1994;7,1
Tafjord;SN60500;19.05.1994;7
Tafjord;SN60500;20.05.1994;6,8
Tafjord;SN60500;21.05.1994;8,3
Tafjord;SN60500;22.05.1994;8,4
Tafjord;SN60500;23.05.1994;9,2
Tafjord;SN60500;24.05.1994;9,3
Tafjord;SN60500;25.05.1994;8,5
Tafjord;SN60500;26.05.1994;8,1
Tafjord;SN60500;27.05.1994;7,6
Tafjord;SN60500;28.05.1994;7,5
Tafjord;SN60500;29.05.1994;6,5
Tafjord;SN60500;30.05.1994;8,8
Tafjord;SN60500;31.05.1994;9,7
Tafjord;SN60500;01.06.1994;9,3
Tafjord;SN60500;02.06.1994;10
Tafjord;SN60500;03.06.1994;11,6
Tafjord;SN60500;04.06.1994;12,1
Tafjord;SN60500;05.06.1994;10
Tafjord;SN60500;06.06.1994;10,1
Tafjord;SN60500;07.06.1994;11,5
Tafjord;SN60500;08.06.1994;10,3
Tafjord;SN60500;09.06.1994;9,8
Tafjord;SN60500;10.06.1994;9,1
Tafjord;SN60500;11.06.1994;9,7
Tafjord;SN60500;12.06.1994;11
Tafjord;SN60500;13.06.1994;15
Tafjord;SN60500;14.06.1994;8,8
Tafjord;SN60500;15.06.1994;5,3
Tafjord;SN60500;16.06.1994;6,3
Tafjord;SN60500;17.06.1994;7,8
Tafjord;SN60500;18.06.1994;10,9
Tafjord;SN60500;19.06.1994;10
Tafjord;SN60500;20.06.1994;11,2
Tafjord;SN60500;21.06.1994;14,8
Tafjord;SN60500;22.06.1994;10,6
Tafjord;SN60500;23.06.1994;9
Tafjord;SN60500;24.06.1994;10,5
Tafjord;SN60500;25.06.1994;9,7
Tafjord;SN60500;26.06.1994;11,2
Tafjord;SN60500;27.06.1994;11,4
Tafjord;SN60500;28.06.1994;14
Tafjord;SN60500;29.06.1994;17,8
Tafjord;SN60500;30.06.1994;11,4
Tafjord;SN60500;01.07.1994;12,8
Tafjord;SN60500;02.07.1994;12
Tafjord;SN60500;03.07.1994;13,6
Tafjord;SN60500;04.07.1994;15,3
Tafjord;SN60500;05.07.1994;17,3
Tafjord;SN60500;06.07.1994;17,3
Tafjord;SN60500;07.07.1994;16,8
Tafjord;SN60500;08.07.1994;15,2
Tafjord;SN60500;09.07.1994;14,5
Tafjord;SN60500;10.07.1994;14,4
Tafjord;SN60500;11.07.1994;14,1
Tafjord;SN60500;12.07.1994;18,3
Tafjord;SN60500;13.07.1994;16,4
Tafjord;SN60500;14.07.1994;16,3
Tafjord;SN60500;15.07.1994;15,8
Tafjord;SN60500;16.07.1994;13,3
Tafjord;SN60500;17.07.1994;13,3
Tafjord;SN60500;18.07.1994;13,6
Tafjord;SN60500;19.07.1994;14,7
Tafjord;SN60500;20.07.1994;15,7
Tafjord;SN60500;21.07.1994;15,3
Tafjord;SN60500;22.07.1994;15,6
Tafjord;SN60500;23.07.1994;14,8
Tafjord;SN60500;24.07.1994;13,4
Tafjord;SN60500;25.07.1994;19,1
Tafjord;SN60500;26.07.1994;25,2
Tafjord;SN60500;27.07.1994;16,7
Tafjord;SN60500;28.07.1994;16,6
Tafjord;SN60500;29.07.1994;15,7
Tafjord;SN60500;30.07.1994;15,9
Tafjord;SN60500;31.07.1994;16,6
Tafjord;SN60500;01.08.1994;19,4
Tafjord;SN60500;02.08.1994;23,5
Tafjord;SN60500;03.08.1994;17,8
Tafjord;SN60500;04.08.1994;17
Tafjord;SN60500;05.08.1994;18,4
Tafjord;SN60500;06.08.1994;15,7
Tafjord;SN60500;07.08.1994;14,5
Tafjord;SN60500;08.08.1994;14
Tafjord;SN60500;09.08.1994;15,4
Tafjord;SN60500;10.08.1994;15,4
Tafjord;SN60500;11.08.1994;14,7
Tafjord;SN60500;12.08.1994;14,9
Tafjord;SN60500;13.08.1994;10,5
Tafjord;SN60500;14.08.1994;11,3
Tafjord;SN60500;15.08.1994;12,3
Tafjord;SN60500;16.08.1994;10,8
Tafjord;SN60500;17.08.1994;13,5
Tafjord;SN60500;18.08.1994;14,6
Tafjord;SN60500;19.08.1994;17,4
Tafjord;SN60500;20.08.1994;16,2
Tafjord;SN60500;21.08.1994;14,1
Tafjord;SN60500;22.08.1994;13,2
Tafjord;SN60500;23.08.1994;11,7
Tafjord;SN60500;24.08.1994;16,3
Tafjord;SN60500;25.08.1994;17,1
Tafjord;SN60500;26.08.1994;17,6
Tafjord;SN60500;27.08.1994;14,2
Tafjord;SN60500;28.08.1994;11,2
Tafjord;SN60500;29.08.1994;10,1
Tafjord;SN60500;30.08.1994;9,6
Tafjord;SN60500;31.08.1994;8,9
Tafjord;SN60500;01.09.1994;9,6
Tafjord;SN60500;02.09.1994;12,4
Tafjord;SN60500;03.09.1994;15
Tafjord;SN60500;04.09.1994;15,3
Tafjord;SN60500;05.09.1994;15,5
Tafjord;SN60500;06.09.1994;12,7
Tafjord;SN60500;07.09.1994;11,6
Tafjord;SN60500;08.09.1994;12,9
Tafjord;SN60500;09.09.1994;15,1
Tafjord;SN60500;10.09.1994;13,5
Tafjord;SN60500;11.09.1994;10,2
Tafjord;SN60500;12.09.1994;10,1
Tafjord;SN60500;13.09.1994;10
Tafjord;SN60500;14.09.1994;9,1
Tafjord;SN60500;15.09.1994;9,2
Tafjord;SN60500;16.09.1994;10,2
Tafjord;SN60500;17.09.1994;10,2
Tafjord;SN60500;18.09.1994;6,4
Tafjord;SN60500;19.09.1994;7
Tafjord;SN60500;20.09.1994;10,8
Tafjord;SN60500;21.09.1994;9,8
Tafjord;SN60500;22.09.1994;12,6
Tafjord;SN60500;23.09.1994;12,5
Tafjord;SN60500;24.09.1994;11
Tafjord;SN60500;25.09.1994;7,6
Tafjord;SN60500;26.09.1994;7,2
Tafjord;SN60500;27.09.1994;5,7
Tafjord;SN60500;28.09.1994;4,3
Tafjord;SN60500;29.09.1994;4,3
Tafjord;SN60500;30.09.1994;2,6
Tafjord;SN60500;01.10.1994;3,8
Tafjord;SN60500;02.10.1994;2,8
Tafjord;SN60500;03.10.1994;0,4
Tafjord;SN60500;04.10.1994;1,2
Tafjord;SN60500;05.10.1994;1,4
Tafjord;SN60500;06.10.1994;6,8
Tafjord;SN60500;07.10.1994;9,8
Tafjord;SN60500;08.10.1994;8,9
Tafjord;SN60500;09.10.1994;8
Tafjord;SN60500;10.10.1994;12,2
Tafjord;SN60500;11.10.1994;7,5
Tafjord;SN60500;12.10.1994;5,4
Tafjord;SN60500;13.10.1994;7,7
Tafjord;SN60500;14.10.1994;8,9
Tafjord;SN60500;15.10.1994;4,8
Tafjord;SN60500;16.10.1994;0,4
Tafjord;SN60500;17.10.1994;1,1
Tafjord;SN60500;18.10.1994;-1,3
Tafjord;SN60500;19.10.1994;4
Tafjord;SN60500;20.10.1994;6,3
Tafjord;SN60500;21.10.1994;8,6
Tafjord;SN60500;22.10.1994;9,9
Tafjord;SN60500;23.10.1994;11,1
Tafjord;SN60500;24.10.1994;14,2
Tafjord;SN60500;25.10.1994;7,4
Tafjord;SN60500;26.10.1994;10,2
Tafjord;SN60500;27.10.1994;7,5
Tafjord;SN60500;28.10.1994;5,6
Tafjord;SN60500;29.10.1994;6
Tafjord;SN60500;30.10.1994;5,3
Tafjord;SN60500;31.10.1994;8,3
Tafjord;SN60500;01.11.1994;4,6
Tafjord;SN60500;02.11.1994;4,2
Tafjord;SN60500;03.11.1994;8,3
Tafjord;SN60500;04.11.1994;11,9
Tafjord;SN60500;05.11.1994;10,1
Tafjord;SN60500;06.11.1994;9,2
Tafjord;SN60500;07.11.1994;7,5
Tafjord;SN60500;08.11.1994;5,4
Tafjord;SN60500;09.11.1994;4,9
Tafjord;SN60500;10.11.1994;1,4
Tafjord;SN60500;11.11.1994;2,7
Tafjord;SN60500;12.11.1994;4
Tafjord;SN60500;13.11.1994;5,4
Tafjord;SN60500;14.11.1994;7
Tafjord;SN60500;15.11.1994;5,5
Tafjord;SN60500;16.11.1994;4,7
Tafjord;SN60500;17.11.1994;3,1
Tafjord;SN60500;18.11.1994;1,3
Tafjord;SN60500;19.11.1994;5,4
Tafjord;SN60500;20.11.1994;7,2
Tafjord;SN60500;21.11.1994;2,9
Tafjord;SN60500;22.11.1994;8,6
Tafjord;SN60500;23.11.1994;8,2
Tafjord;SN60500;24.11.1994;3,3
Tafjord;SN60500;25.11.1994;2,2
Tafjord;SN60500;26.11.1994;3,1
Tafjord;SN60500;27.11.1994;7,3
Tafjord;SN60500;28.11.1994;4,5
Tafjord;SN60500;29.11.1994;3,5
Tafjord;SN60500;30.11.1994;3,2
Tafjord;SN60500;01.12.1994;8,8
Tafjord;SN60500;02.12.1994;5,1
Tafjord;SN60500;03.12.1994;5,2
Tafjord;SN60500;04.12.1994;6,5
Tafjord;SN60500;05.12.1994;4,2
Tafjord;SN60500;06.12.1994;6,9
Tafjord;SN60500;07.12.1994;7
Tafjord;SN60500;08.12.1994;7,9
Tafjord;SN60500;09.12.1994;7
Tafjord;SN60500;10.12.1994;6,2
Tafjord;SN60500;11.12.1994;2,4
Tafjord;SN60500;12.12.1994;-0,3
Tafjord;SN60500;13.12.1994;-1,1
Tafjord;SN60500;14.12.1994;0
Tafjord;SN60500;15.12.1994;2,1
Tafjord;SN60500;16.12.1994;2,3
Tafjord;SN60500;17.12.1994;3,3
Tafjord;SN60500;18.12.1994;8,8
Tafjord;SN60500;19.12.1994;6,8
Tafjord;SN60500;20.12.1994;4,2
Tafjord;SN60500;21.12.1994;1,2
Tafjord;SN60500;22.12.1994;1,2
Tafjord;SN60500;23.12.1994;4,4
Tafjord;SN60500;24.12.1994;4,4
Tafjord;SN60500;25.12.1994;10
Tafjord;SN60500;26.12.1994;2,2
Tafjord;SN60500;27.12.1994;0,4
Tafjord;SN60500;28.12.1994;-1,8
Tafjord;SN60500;29.12.1994;3,7
Tafjord;SN60500;30.12.1994;0,9
Tafjord;SN60500;31.12.1994;-0,9
Tafjord;SN60500;01.01.1995;-2,3
Tafjord;SN60500;02.01.1995;-7,2
Tafjord;SN60500;03.01.1995;-4,3
Tafjord;SN60500;04.01.1995;1,8
Tafjord;SN60500;05.01.1995;5,4
Tafjord;SN60500;06.01.1995;4,9
Tafjord;SN60500;07.01.1995;8
Tafjord;SN60500;08.01.1995;4,8
Tafjord;SN60500;09.01.1995;1
Tafjord;SN60500;10.01.1995;0,3
Tafjord;SN60500;11.01.1995;-1,5
Tafjord;SN60500;12.01.1995;0,3
Tafjord;SN60500;13.01.1995;3,5
Tafjord;SN60500;14.01.1995;7,8
Tafjord;SN60500;15.01.1995;2
Tafjord;SN60500;16.01.1995;12,3
Tafjord;SN60500;17.01.1995;4,2
Tafjord;SN60500;18.01.1995;8,6
Tafjord;SN60500;19.01.1995;6,3
Tafjord;SN60500;20.01.1995;5,1
Tafjord;SN60500;21.01.1995;7,3
Tafjord;SN60500;22.01.1995;5,9
Tafjord;SN60500;23.01.1995;2,7
Tafjord;SN60500;24.01.1995;-0,9
Tafjord;SN60500;25.01.1995;0,5
Tafjord;SN60500;26.01.1995;0
Tafjord;SN60500;27.01.1995;-0,2
Tafjord;SN60500;28.01.1995;-5,5
Tafjord;SN60500;29.01.1995;-3,4
Tafjord;SN60500;30.01.1995;-1,1
Tafjord;SN60500;31.01.1995;1,6
Tafjord;SN60500;01.02.1995;3,5
Tafjord;SN60500;02.02.1995;-2,3
Tafjord;SN60500;03.02.1995;4,6
Tafjord;SN60500;04.02.1995;2,1
Tafjord;SN60500;05.02.1995;2
Tafjord;SN60500;06.02.1995;3,4
Tafjord;SN60500;07.02.1995;-1,9
Tafjord;SN60500;08.02.1995;-2,8
Tafjord;SN60500;09.02.1995;-1,9
Tafjord;SN60500;10.02.1995;-2,9
Tafjord;SN60500;11.02.1995;-3,4
Tafjord;SN60500;12.02.1995;0,4
Tafjord;SN60500;13.02.1995;3,7
Tafjord;SN60500;14.02.1995;8,1
Tafjord;SN60500;15.02.1995;7,4
Tafjord;SN60500;16.02.1995;7
Tafjord;SN60500;17.02.1995;4,1
Tafjord;SN60500;18.02.1995;2,2
Tafjord;SN60500;19.02.1995;5,2
Tafjord;SN60500;20.02.1995;5,5
Tafjord;SN60500;21.02.1995;2,5
Tafjord;SN60500;22.02.1995;3,4
Tafjord;SN60500;23.02.1995;3,1
Tafjord;SN60500;24.02.1995;0,3
Tafjord;SN60500;25.02.1995;0,4
Tafjord;SN60500;26.02.1995;-2,5
Tafjord;SN60500;27.02.1995;1,8
Tafjord;SN60500;28.02.1995;1,8
Tafjord;SN60500;01.03.1995;1
Tafjord;SN60500;02.03.1995;0,5
Tafjord;SN60500;03.03.1995;0,1
Tafjord;SN60500;04.03.1995;-1,8
Tafjord;SN60500;05.03.1995;-2,1
Tafjord;SN60500;06.03.1995;1,7
Tafjord;SN60500;07.03.1995;3,6
Tafjord;SN60500;08.03.1995;5,3
Tafjord;SN60500;09.03.1995;5,2
Tafjord;SN60500;10.03.1995;3,5
Tafjord;SN60500;11.03.1995;6,7
Tafjord;SN60500;12.03.1995;8,5
Tafjord;SN60500;13.03.1995;12,7
Tafjord;SN60500;14.03.1995;8,5
Tafjord;SN60500;15.03.1995;3
Tafjord;SN60500;16.03.1995;2,7
Tafjord;SN60500;17.03.1995;6,2
Tafjord;SN60500;18.03.1995;4,9
Tafjord;SN60500;19.03.1995;2,9
Tafjord;SN60500;20.03.1995;1,9
Tafjord;SN60500;21.03.1995;1,8
Tafjord;SN60500;22.03.1995;2,7
Tafjord;SN60500;23.03.1995;6,5
Tafjord;SN60500;24.03.1995;2,7
Tafjord;SN60500;25.03.1995;1,9
Tafjord;SN60500;26.03.1995;1,4
Tafjord;SN60500;27.03.1995;-2,7
Tafjord;SN60500;28.03.1995;-2
Tafjord;SN60500;29.03.1995;1,9
Tafjord;SN60500;30.03.1995;3,3
Tafjord;SN60500;31.03.1995;5,2
Tafjord;SN60500;01.04.1995;1,1
Tafjord;SN60500;02.04.1995;-0,7
Tafjord;SN60500;03.04.1995;-0,5
Tafjord;SN60500;04.04.1995;-0,5
Tafjord;SN60500;05.04.1995;1,5
Tafjord;SN60500;06.04.1995;2,5
Tafjord;SN60500;07.04.1995;1,3
Tafjord;SN60500;08.04.1995;0,9
Tafjord;SN60500;09.04.1995;1,6
Tafjord;SN60500;10.04.1995;1,1
Tafjord;SN60500;11.04.1995;4,8
Tafjord;SN60500;12.04.1995;6,2
Tafjord;SN60500;13.04.1995;6,7
Tafjord;SN60500;14.04.1995;5,6
Tafjord;SN60500;15.04.1995;3,7
Tafjord;SN60500;16.04.1995;2,7
Tafjord;SN60500;17.04.1995;2,5
Tafjord;SN60500;18.04.1995;1,2
Tafjord;SN60500;19.04.1995;3,4
Tafjord;SN60500;20.04.1995;6,3
Tafjord;SN60500;21.04.1995;6,5
Tafjord;SN60500;22.04.1995;7,6
Tafjord;SN60500;23.04.1995;7,1
Tafjord;SN60500;24.04.1995;6,4
Tafjord;SN60500;25.04.1995;5,2
Tafjord;SN60500;26.04.1995;5,8
Tafjord;SN60500;27.04.1995;6
Tafjord;SN60500;28.04.1995;6
Tafjord;SN60500;29.04.1995;2,8
Tafjord;SN60500;30.04.1995;3,4
Tafjord;SN60500;01.05.1995;6,9
Tafjord;SN60500;02.05.1995;11,4
Tafjord;SN60500;03.05.1995;10
Tafjord;SN60500;04.05.1995;10,4
Tafjord;SN60500;05.05.1995;9,5
Tafjord;SN60500;06.05.1995;8,1
Tafjord;SN60500;07.05.1995;8,9
Tafjord;SN60500;08.05.1995;10,9
Tafjord;SN60500;09.05.1995;7,8
Tafjord;SN60500;10.05.1995;5,4
Tafjord;SN60500;11.05.1995;4,9
Tafjord;SN60500;12.05.1995;3
Tafjord;SN60500;13.05.1995;5,2
Tafjord;SN60500;14.05.1995;7,2
Tafjord;SN60500;15.05.1995;4,5
Tafjord;SN60500;16.05.1995;4,2
Tafjord;SN60500;17.05.1995;5,1
Tafjord;SN60500;18.05.1995;6,3
Tafjord;SN60500;19.05.1995;5,7
Tafjord;SN60500;20.05.1995;5,1
Tafjord;SN60500;21.05.1995;5,4
Tafjord;SN60500;22.05.1995;7
Tafjord;SN60500;23.05.1995;8,4
Tafjord;SN60500;24.05.1995;11,6
Tafjord;SN60500;25.05.1995;13,9
Tafjord;SN60500;26.05.1995;17,4
Tafjord;SN60500;27.05.1995;15,1
Tafjord;SN60500;28.05.1995;14,2
Tafjord;SN60500;29.05.1995;16,3
Tafjord;SN60500;30.05.1995;13,8
Tafjord;SN60500;31.05.1995;13,4
Tafjord;SN60500;01.06.1995;11,9
Tafjord;SN60500;02.06.1995;13,7
Tafjord;SN60500;03.06.1995;11,4
Tafjord;SN60500;04.06.1995;11,3
Tafjord;SN60500;05.06.1995;13,8
Tafjord;SN60500;06.06.1995;11
Tafjord;SN60500;07.06.1995;12,4
Tafjord;SN60500;08.06.1995;13,4
Tafjord;SN60500;09.06.1995;10,7
Tafjord;SN60500;10.06.1995;8,7
Tafjord;SN60500;11.06.1995;9,9
Tafjord;SN60500;12.06.1995;10,6
Tafjord;SN60500;13.06.1995;10,8
Tafjord;SN60500;14.06.1995;12,9
Tafjord;SN60500;15.06.1995;13,4
Tafjord;SN60500;16.06.1995;13,4
Tafjord;SN60500;17.06.1995;12,9
Tafjord;SN60500;18.06.1995;12,5
Tafjord;SN60500;19.06.1995;10,8
Tafjord;SN60500;20.06.1995;11,6
Tafjord;SN60500;21.06.1995;10,9
Tafjord;SN60500;22.06.1995;10,9
Tafjord;SN60500;23.06.1995;12
Tafjord;SN60500;24.06.1995;14,8
Tafjord;SN60500;25.06.1995;15,2
Tafjord;SN60500;26.06.1995;14,2
Tafjord;SN60500;27.06.1995;12,8
Tafjord;SN60500;28.06.1995;14,8
Tafjord;SN60500;29.06.1995;11
Tafjord;SN60500;30.06.1995;10,1
Tafjord;SN60500;01.07.1995;10,4
Tafjord;SN60500;02.07.1995;11,2
Tafjord;SN60500;03.07.1995;10
Tafjord;SN60500;04.07.1995;9,1
Tafjord;SN60500;05.07.1995;9,8
Tafjord;SN60500;06.07.1995;12,2
Tafjord;SN60500;07.07.1995;13
Tafjord;SN60500;08.07.1995;11,5
Tafjord;SN60500;09.07.1995;12,2
Tafjord;SN60500;10.07.1995;11,9
Tafjord;SN60500;11.07.1995;13,2
Tafjord;SN60500;12.07.1995;15
Tafjord;SN60500;13.07.1995;15,5
Tafjord;SN60500;14.07.1995;15,9
Tafjord;SN60500;15.07.1995;18,2
Tafjord;SN60500;16.07.1995;19,5
Tafjord;SN60500;17.07.1995;14,9
Tafjord;SN60500;18.07.1995;13,7
Tafjord;SN60500;19.07.1995;14,2
Tafjord;SN60500;20.07.1995;15,1
Tafjord;SN60500;21.07.1995;14
Tafjord;SN60500;22.07.1995;12
Tafjord;SN60500;23.07.1995;11,8
Tafjord;SN60500;24.07.1995;14,5
Tafjord;SN60500;25.07.1995;13
Tafjord;SN60500;26.07.1995;15,7
Tafjord;SN60500;27.07.1995;17,1
Tafjord;SN60500;28.07.1995;17
Tafjord;SN60500;29.07.1995;17,8
Tafjord;SN60500;30.07.1995;18,5
Tafjord;SN60500;31.07.1995;17,5
Tafjord;SN60500;01.08.1995;18,6
Tafjord;SN60500;02.08.1995;17,6
Tafjord;SN60500;03.08.1995;15,9
Tafjord;SN60500;04.08.1995;14,6
Tafjord;SN60500;05.08.1995;14,5
Tafjord;SN60500;06.08.1995;13,4
Tafjord;SN60500;07.08.1995;10,7
Tafjord;SN60500;08.08.1995;9,7
Tafjord;SN60500;09.08.1995;12,7
Tafjord;SN60500;10.08.1995;14,8
Tafjord;SN60500;11.08.1995;13,2
Tafjord;SN60500;12.08.1995;14,9
Tafjord;SN60500;13.08.1995;15,8
Tafjord;SN60500;14.08.1995;14,2
Tafjord;SN60500;15.08.1995;14,9
Tafjord;SN60500;16.08.1995;15,9
Tafjord;SN60500;17.08.1995;17,5
Tafjord;SN60500;18.08.1995;16,7
Tafjord;SN60500;19.08.1995;14,9
Tafjord;SN60500;20.08.1995;13,6
Tafjord;SN60500;21.08.1995;13,8
Tafjord;SN60500;22.08.1995;16,7
Tafjord;SN60500;23.08.1995;13,8
Tafjord;SN60500;24.08.1995;13
Tafjord;SN60500;25.08.1995;11,1
Tafjord;SN60500;26.08.1995;9,7
Tafjord;SN60500;27.08.1995;10,1
Tafjord;SN60500;28.08.1995;8,6
Tafjord;SN60500;29.08.1995;8,4
Tafjord;SN60500;30.08.1995;8,3
Tafjord;SN60500;31.08.1995;8,9
Tafjord;SN60500;01.09.1995;10,6
Tafjord;SN60500;02.09.1995;14,7
Tafjord;SN60500;03.09.1995;13,9
Tafjord;SN60500;04.09.1995;13,5
Tafjord;SN60500;05.09.1995;17
Tafjord;SN60500;06.09.1995;16,8
Tafjord;SN60500;07.09.1995;16,1
Tafjord;SN60500;08.09.1995;17
Tafjord;SN60500;09.09.1995;16,2
Tafjord;SN60500;10.09.1995;16,8
Tafjord;SN60500;11.09.1995;14,5
Tafjord;SN60500;12.09.1995;13
Tafjord;SN60500;13.09.1995;13,8
Tafjord;SN60500;14.09.1995;13,4
Tafjord;SN60500;15.09.1995;14,9
Tafjord;SN60500;16.09.1995;16,1
Tafjord;SN60500;17.09.1995;13,8
Tafjord;SN60500;18.09.1995;12
Tafjord;SN60500;19.09.1995;11,2
Tafjord;SN60500;20.09.1995;9,8
Tafjord;SN60500;21.09.1995;10,2
Tafjord;SN60500;22.09.1995;11,5
Tafjord;SN60500;23.09.1995;7,1
Tafjord;SN60500;24.09.1995;11,6
Tafjord;SN60500;25.09.1995;7,4
Tafjord;SN60500;26.09.1995;7,3
Tafjord;SN60500;27.09.1995;6,4
Tafjord;SN60500;28.09.1995;5,2
Tafjord;SN60500;29.09.1995;2,1
Tafjord;SN60500;30.09.1995;1,9
Tafjord;SN60500;01.10.1995;6,8
Tafjord;SN60500;02.10.1995;7
Tafjord;SN60500;03.10.1995;13,2
Tafjord;SN60500;04.10.1995;11,8
Tafjord;SN60500;05.10.1995;15,3
Tafjord;SN60500;06.10.1995;13,8
Tafjord;SN60500;07.10.1995;14
Tafjord;SN60500;08.10.1995;11,5
Tafjord;SN60500;09.10.1995;19,5
Tafjord;SN60500;10.10.1995;11,2
Tafjord;SN60500;11.10.1995;9,8
Tafjord;SN60500;12.10.1995;13,5
Tafjord;SN60500;13.10.1995;8,4
Tafjord;SN60500;14.10.1995;4,1
Tafjord;SN60500;15.10.1995;14,3
Tafjord;SN60500;16.10.1995;11,3
Tafjord;SN60500;17.10.1995;16,2
Tafjord;SN60500;18.10.1995;7,5
Tafjord;SN60500;19.10.1995;6,3
Tafjord;SN60500;20.10.1995;4
Tafjord;SN60500;21.10.1995;3,1
Tafjord;SN60500;22.10.1995;9,6
Tafjord;SN60500;23.10.1995;7,6
Tafjord;SN60500;24.10.1995;11,1
Tafjord;SN60500;25.10.1995;14,9
Tafjord;SN60500;26.10.1995;11,3
Tafjord;SN60500;27.10.1995;7,3
Tafjord;SN60500;28.10.1995;5,3
Tafjord;SN60500;29.10.1995;4,3
Tafjord;SN60500;30.10.1995;5
Tafjord;SN60500;31.10.1995;2,2
Tafjord;SN60500;01.11.1995;2,8
Tafjord;SN60500;02.11.1995;2
Tafjord;SN60500;03.11.1995;-1,8
Tafjord;SN60500;04.11.1995;-5,2
Tafjord;SN60500;05.11.1995;0,4
Tafjord;SN60500;06.11.1995;3,6
Tafjord;SN60500;07.11.1995;-2,5
Tafjord;SN60500;08.11.1995;6,1
Tafjord;SN60500;09.11.1995;4,5
Tafjord;SN60500;10.11.1995;3,9
Tafjord;SN60500;11.11.1995;0,8
Tafjord;SN60500;12.11.1995;-2,2
Tafjord;SN60500;13.11.1995;-3,1
Tafjord;SN60500;14.11.1995;1
Tafjord;SN60500;15.11.1995;-1,2
Tafjord;SN60500;16.11.1995;-3,7
Tafjord;SN60500;17.11.1995;-6,6
Tafjord;SN60500;18.11.1995;-1,5
Tafjord;SN60500;19.11.1995;-0,3
Tafjord;SN60500;20.11.1995;-0,4
Tafjord;SN60500;21.11.1995;4,4
Tafjord;SN60500;22.11.1995;9,1
Tafjord;SN60500;23.11.1995;7,7
Tafjord;SN60500;24.11.1995;7,3
Tafjord;SN60500;25.11.1995;5,8
Tafjord;SN60500;26.11.1995;4,7
Tafjord;SN60500;27.11.1995;1,6
Tafjord;SN60500;28.11.1995;4,9
Tafjord;SN60500;29.11.1995;3,4
Tafjord;SN60500;30.11.1995;1,9
Tafjord;SN60500;01.12.1995;-1,4
Tafjord;SN60500;02.12.1995;5,5
Tafjord;SN60500;03.12.1995;5,7
Tafjord;SN60500;04.12.1995;1,3
Tafjord;SN60500;05.12.1995;-3,9
Tafjord;SN60500;06.12.1995;-2,1
Tafjord;SN60500;07.12.1995;1,4
Tafjord;SN60500;08.12.1995;1,4
Tafjord;SN60500;09.12.1995;6,7
Tafjord;SN60500;10.12.1995;4,6
Tafjord;SN60500;11.12.1995;4,6
Tafjord;SN60500;12.12.1995;5,2
Tafjord;SN60500;13.12.1995;2,1
Tafjord;SN60500;14.12.1995;0,9
Tafjord;SN60500;15.12.1995;1
Tafjord;SN60500;16.12.1995;0,3
Tafjord;SN60500;17.12.1995;0,7
Tafjord;SN60500;18.12.1995;-0,7
Tafjord;SN60500;19.12.1995;-4,5
Tafjord;SN60500;20.12.1995;-4,4
Tafjord;SN60500;21.12.1995;-5,7
Tafjord;SN60500;22.12.1995;-6
Tafjord;SN60500;23.12.1995;-6,5
Tafjord;SN60500;24.12.1995;-7
Tafjord;SN60500;25.12.1995;-9,6
Tafjord;SN60500;26.12.1995;-9,6
Tafjord;SN60500;27.12.1995;-5,6
Tafjord;SN60500;28.12.1995;-6,2
Tafjord;SN60500;29.12.1995;-3
Tafjord;SN60500;30.12.1995;-2,4
Tafjord;SN60500;31.12.1995;-6,2
Tafjord;SN60500;01.01.1996;-10,1
Tafjord;SN60500;02.01.1996;-10,3
Tafjord;SN60500;03.01.1996;-7,3
Tafjord;SN60500;04.01.1996;0,5
Tafjord;SN60500;05.01.1996;3,4
Tafjord;SN60500;06.01.1996;3,1
Tafjord;SN60500;07.01.1996;3,8
Tafjord;SN60500;08.01.1996;6,8
Tafjord;SN60500;09.01.1996;9
Tafjord;SN60500;10.01.1996;9,4
Tafjord;SN60500;11.01.1996;7,7
Tafjord;SN60500;12.01.1996;8,6
Tafjord;SN60500;13.01.1996;7,7
Tafjord;SN60500;14.01.1996;9,7
Tafjord;SN60500;15.01.1996;9,2
Tafjord;SN60500;16.01.1996;7,2
Tafjord;SN60500;17.01.1996;5,6
Tafjord;SN60500;18.01.1996;9,1
Tafjord;SN60500;19.01.1996;6,7
Tafjord;SN60500;20.01.1996;3
Tafjord;SN60500;21.01.1996;-1,7
Tafjord;SN60500;22.01.1996;4,5
Tafjord;SN60500;23.01.1996;2,9
Tafjord;SN60500;24.01.1996;-1,7
Tafjord;SN60500;25.01.1996;-2,8
Tafjord;SN60500;26.01.1996;-2,5
Tafjord;SN60500;27.01.1996;-6,5
Tafjord;SN60500;28.01.1996;-1,4
Tafjord;SN60500;29.01.1996;-4,9
Tafjord;SN60500;30.01.1996;-2,4
Tafjord;SN60500;31.01.1996;-4,1
Tafjord;SN60500;01.02.1996;-1,1
Tafjord;SN60500;02.02.1996;-0,2
Tafjord;SN60500;03.02.1996;-0,4
Tafjord;SN60500;04.02.1996;-2,3
Tafjord;SN60500;05.02.1996;-3,5
Tafjord;SN60500;06.02.1996;-1,6
Tafjord;SN60500;07.02.1996;-3,3
Tafjord;SN60500;08.02.1996;-4
Tafjord;SN60500;09.02.1996;-5,5
Tafjord;SN60500;10.02.1996;-3,6
Tafjord;SN60500;11.02.1996;-1,2
Tafjord;SN60500;12.02.1996;-1,6
Tafjord;SN60500;13.02.1996;-2,9
Tafjord;SN60500;14.02.1996;0,2
Tafjord;SN60500;15.02.1996;2,7
Tafjord;SN60500;16.02.1996;1,4
Tafjord;SN60500;17.02.1996;-2,9
Tafjord;SN60500;18.02.1996;-5
Tafjord;SN60500;19.02.1996;-7,2
Tafjord;SN60500;20.02.1996;-4
Tafjord;SN60500;21.02.1996;0,9
Tafjord;SN60500;22.02.1996;1,2
Tafjord;SN60500;23.02.1996;3,1
Tafjord;SN60500;24.02.1996;4,4
Tafjord;SN60500;25.02.1996;3,7
Tafjord;SN60500;26.02.1996;3,7
Tafjord;SN60500;27.02.1996;2
Tafjord;SN60500;28.02.1996;2,4
Tafjord;SN60500;29.02.1996;-0,6
Tafjord;SN60500;01.03.1996;1,2
Tafjord;SN60500;02.03.1996;0,9
Tafjord;SN60500;03.03.1996;1,9
Tafjord;SN60500;04.03.1996;2,1
Tafjord;SN60500;05.03.1996;2,3
Tafjord;SN60500;06.03.1996;3,1
Tafjord;SN60500;07.03.1996;0,5
Tafjord;SN60500;08.03.1996;-0,3
Tafjord;SN60500;09.03.1996;7,5
Tafjord;SN60500;10.03.1996;6,2
Tafjord;SN60500;11.03.1996;5
Tafjord;SN60500;12.03.1996;3,8
Tafjord;SN60500;13.03.1996;2,1
Tafjord;SN60500;14.03.1996;3,5
Tafjord;SN60500;15.03.1996;3
Tafjord;SN60500;16.03.1996;3
Tafjord;SN60500;17.03.1996;2,1
Tafjord;SN60500;18.03.1996;0
Tafjord;SN60500;19.03.1996;-0,6
Tafjord;SN60500;20.03.1996;0,6
Tafjord;SN60500;21.03.1996;3,5
Tafjord;SN60500;22.03.1996;2,3
Tafjord;SN60500;23.03.1996;2,2
Tafjord;SN60500;24.03.1996;4,4
Tafjord;SN60500;25.03.1996;2,6
Tafjord;SN60500;26.03.1996;-2,5
Tafjord;SN60500;27.03.1996;0,2
Tafjord;SN60500;28.03.1996;-0,9
Tafjord;SN60500;29.03.1996;-0,8
Tafjord;SN60500;30.03.1996;-1,6
Tafjord;SN60500;31.03.1996;-2
Tafjord;SN60500;01.04.1996;-2,1
Tafjord;SN60500;02.04.1996;-0,6
Tafjord;SN60500;03.04.1996;5,6
Tafjord;SN60500;04.04.1996;7,3
Tafjord;SN60500;05.04.1996;7,8
Tafjord;SN60500;06.04.1996;7
Tafjord;SN60500;07.04.1996;5,6
Tafjord;SN60500;08.04.1996;5,9
Tafjord;SN60500;09.04.1996;5,9
Tafjord;SN60500;10.04.1996;6,9
Tafjord;SN60500;11.04.1996;6
Tafjord;SN60500;12.04.1996;3,2
Tafjord;SN60500;13.04.1996;2,7
Tafjord;SN60500;14.04.1996;2,8
Tafjord;SN60500;15.04.1996;5,9
Tafjord;SN60500;16.04.1996;12,4
Tafjord;SN60500;17.04.1996;12,9
Tafjord;SN60500;18.04.1996;11,9
Tafjord;SN60500;19.04.1996;12,5
Tafjord;SN60500;20.04.1996;7,3
Tafjord;SN60500;21.04.1996;7
Tafjord;SN60500;22.04.1996;5,9
Tafjord;SN60500;23.04.1996;8,7
Tafjord;SN60500;24.04.1996;13,1
Tafjord;SN60500;25.04.1996;11,7
Tafjord;SN60500;26.04.1996;8,7
Tafjord;SN60500;27.04.1996;8,9
Tafjord;SN60500;28.04.1996;5,7
Tafjord;SN60500;29.04.1996;3,1
Tafjord;SN60500;30.04.1996;4,3
Tafjord;SN60500;01.05.1996;3,3
Tafjord;SN60500;02.05.1996;5,3
Tafjord;SN60500;03.05.1996;5,2
Tafjord;SN60500;04.05.1996;5,4
Tafjord;SN60500;05.05.1996;5,8
Tafjord;SN60500;06.05.1996;3,9
Tafjord;SN60500;07.05.1996;4,6
Tafjord;SN60500;08.05.1996;6,9
Tafjord;SN60500;09.05.1996;4,3
Tafjord;SN60500;10.05.1996;7
Tafjord;SN60500;11.05.1996;12,7
Tafjord;SN60500;12.05.1996;16,2
Tafjord;SN60500;13.05.1996;11,3
Tafjord;SN60500;14.05.1996;8,2
Tafjord;SN60500;15.05.1996;5,8
Tafjord;SN60500;16.05.1996;4,7
Tafjord;SN60500;17.05.1996;6,7
Tafjord;SN60500;18.05.1996;8,3
Tafjord;SN60500;19.05.1996;11,4
Tafjord;SN60500;20.05.1996;13,7
Tafjord;SN60500;21.05.1996;11,7
Tafjord;SN60500;22.05.1996;10,4
Tafjord;SN60500;23.05.1996;11,2
Tafjord;SN60500;24.05.1996;13
Tafjord;SN60500;25.05.1996;8,8
Tafjord;SN60500;26.05.1996;8,8
Tafjord;SN60500;27.05.1996;7,9
Tafjord;SN60500;28.05.1996;7,5
Tafjord;SN60500;29.05.1996;11,3
Tafjord;SN60500;30.05.1996;10
Tafjord;SN60500;31.05.1996;16,2
Tafjord;SN60500;01.06.1996;14,7
Tafjord;SN60500;02.06.1996;12,5
Tafjord;SN60500;03.06.1996;12,2
Tafjord;SN60500;04.06.1996;12,7
Tafjord;SN60500;05.06.1996;13,5
Tafjord;SN60500;06.06.1996;13,3
Tafjord;SN60500;07.06.1996;11,9
Tafjord;SN60500;08.06.1996;12,5
Tafjord;SN60500;09.06.1996;13
Tafjord;SN60500;10.06.1996;14,1
Tafjord;SN60500;11.06.1996;13
Tafjord;SN60500;12.06.1996;11,1
Tafjord;SN60500;13.06.1996;9,6
Tafjord;SN60500;14.06.1996;10,5
Tafjord;SN60500;15.06.1996;10,2
Tafjord;SN60500;16.06.1996;12,6
Tafjord;SN60500;17.06.1996;11,6
Tafjord;SN60500;18.06.1996;10,7
Tafjord;SN60500;19.06.1996;9,9
Tafjord;SN60500;20.06.1996;8,9
Tafjord;SN60500;21.06.1996;10,9
Tafjord;SN60500;22.06.1996;11,6
Tafjord;SN60500;23.06.1996;11,9
Tafjord;SN60500;24.06.1996;11,9
Tafjord;SN60500;25.06.1996;12,3
Tafjord;SN60500;26.06.1996;13,7
Tafjord;SN60500;27.06.1996;12,7
Tafjord;SN60500;28.06.1996;13,4
Tafjord;SN60500;29.06.1996;13,9
Tafjord;SN60500;30.06.1996;12,5
Tafjord;SN60500;01.07.1996;11,3
Tafjord;SN60500;02.07.1996;10,9
Tafjord;SN60500;03.07.1996;11,6
Tafjord;SN60500;04.07.1996;12,4
Tafjord;SN60500;05.07.1996;10,6
Tafjord;SN60500;06.07.1996;11,9
Tafjord;SN60500;07.07.1996;12,3
Tafjord;SN60500;08.07.1996;13,9
Tafjord;SN60500;09.07.1996;13,5
Tafjord;SN60500;10.07.1996;13,7
Tafjord;SN60500;11.07.1996;13,2
Tafjord;SN60500;12.07.1996;13,1
Tafjord;SN60500;13.07.1996;10,8
Tafjord;SN60500;14.07.1996;11,6
Tafjord;SN60500;15.07.1996;9,9
Tafjord;SN60500;16.07.1996;11,2
Tafjord;SN60500;17.07.1996;11
Tafjord;SN60500;18.07.1996;10,8
Tafjord;SN60500;19.07.1996;12
Tafjord;SN60500;20.07.1996;14,1
Tafjord;SN60500;21.07.1996;15,5
Tafjord;SN60500;22.07.1996;16,1
Tafjord;SN60500;23.07.1996;20,3
Tafjord;SN60500;24.07.1996;15,1
Tafjord;SN60500;25.07.1996;14,4
Tafjord;SN60500;26.07.1996;14,2
Tafjord;SN60500;27.07.1996;13
Tafjord;SN60500;28.07.1996;11,7
Tafjord;SN60500;29.07.1996;11,2
Tafjord;SN60500;30.07.1996;11,9
Tafjord;SN60500;31.07.1996;12,5
Tafjord;SN60500;01.08.1996;13,3
Tafjord;SN60500;02.08.1996;11,7
Tafjord;SN60500;03.08.1996;12,2
Tafjord;SN60500;04.08.1996;13,2
Tafjord;SN60500;05.08.1996;12,7
Tafjord;SN60500;06.08.1996;16,3
Tafjord;SN60500;07.08.1996;20,1
Tafjord;SN60500;08.08.1996;20,1
Tafjord;SN60500;09.08.1996;20
Tafjord;SN60500;10.08.1996;21,6
Tafjord;SN60500;11.08.1996;20,5
Tafjord;SN60500;12.08.1996;20,1
Tafjord;SN60500;13.08.1996;21,3
Tafjord;SN60500;14.08.1996;15,1
Tafjord;SN60500;15.08.1996;14,8
Tafjord;SN60500;16.08.1996;14,5
Tafjord;SN60500;17.08.1996;15,8
Tafjord;SN60500;18.08.1996;16,6
Tafjord;SN60500;19.08.1996;20,9
Tafjord;SN60500;20.08.1996;22,2
Tafjord;SN60500;21.08.1996;17,4
Tafjord;SN60500;22.08.1996;17,7
Tafjord;SN60500;23.08.1996;22,5
Tafjord;SN60500;24.08.1996;20,4
Tafjord;SN60500;25.08.1996;15,7
Tafjord;SN60500;26.08.1996;15,3
Tafjord;SN60500;27.08.1996;13,9
Tafjord;SN60500;28.08.1996;14,6
Tafjord;SN60500;29.08.1996;14,2
Tafjord;SN60500;30.08.1996;14,7
Tafjord;SN60500;31.08.1996;11,9
Tafjord;SN60500;01.09.1996;12,1
Tafjord;SN60500;02.09.1996;15,3
Tafjord;SN60500;03.09.1996;13,4
Tafjord;SN60500;04.09.1996;11,6
Tafjord;SN60500;05.09.1996;9,3
Tafjord;SN60500;06.09.1996;11,3
Tafjord;SN60500;07.09.1996;10,3
Tafjord;SN60500;08.09.1996;10,4
Tafjord;SN60500;09.09.1996;9,5
Tafjord;SN60500;10.09.1996;8,3
Tafjord;SN60500;11.09.1996;6,2
Tafjord;SN60500;12.09.1996;8,5
Tafjord;SN60500;13.09.1996;8,3
Tafjord;SN60500;14.09.1996;6,1
Tafjord;SN60500;15.09.1996;6,8
Tafjord;SN60500;16.09.1996;7,2
Tafjord;SN60500;17.09.1996;8
Tafjord;SN60500;18.09.1996;8
Tafjord;SN60500;19.09.1996;7,7
Tafjord;SN60500;20.09.1996;7,7
Tafjord;SN60500;21.09.1996;6,6
Tafjord;SN60500;22.09.1996;6,4
Tafjord;SN60500;23.09.1996;9,2
Tafjord;SN60500;24.09.1996;9,6
Tafjord;SN60500;25.09.1996;10,9
Tafjord;SN60500;26.09.1996;13,2
Tafjord;SN60500;27.09.1996;14,9
Tafjord;SN60500;28.09.1996;10,8
Tafjord;SN60500;29.09.1996;13
Tafjord;SN60500;30.09.1996;11,2
Tafjord;SN60500;01.10.1996;8,1
Tafjord;SN60500;02.10.1996;7
Tafjord;SN60500;03.10.1996;11,1
Tafjord;SN60500;04.10.1996;7,7
Tafjord;SN60500;05.10.1996;7,8
Tafjord;SN60500;06.10.1996;10,2
Tafjord;SN60500;07.10.1996;16,7
Tafjord;SN60500;08.10.1996;10,4
Tafjord;SN60500;09.10.1996;10,3
Tafjord;SN60500;10.10.1996;4,2
Tafjord;SN60500;11.10.1996;9,8
Tafjord;SN60500;12.10.1996;6,8
Tafjord;SN60500;13.10.1996;5,8
Tafjord;SN60500;14.10.1996;11
Tafjord;SN60500;15.10.1996;12,7
Tafjord;SN60500;16.10.1996;13,7
Tafjord;SN60500;17.10.1996;10,5
Tafjord;SN60500;18.10.1996;6,5
Tafjord;SN60500;19.10.1996;12,4
Tafjord;SN60500;20.10.1996;7,4
Tafjord;SN60500;21.10.1996;9,8
Tafjord;SN60500;22.10.1996;7,4
Tafjord;SN60500;23.10.1996;14,2
Tafjord;SN60500;24.10.1996;17,6
Tafjord;SN60500;25.10.1996;15
Tafjord;SN60500;26.10.1996;12,8
Tafjord;SN60500;27.10.1996;9,9
Tafjord;SN60500;28.10.1996;8
Tafjord;SN60500;29.10.1996;6,4
Tafjord;SN60500;30.10.1996;3,3
Tafjord;SN60500;31.10.1996;6,7
Tafjord;SN60500;01.11.1996;5,6
Tafjord;SN60500;02.11.1996;7
Tafjord;SN60500;03.11.1996;1,3
Tafjord;SN60500;04.11.1996;-0,2
Tafjord;SN60500;05.11.1996;6,3
Tafjord;SN60500;06.11.1996;1,5
Tafjord;SN60500;07.11.1996;0,8
Tafjord;SN60500;08.11.1996;0,1
Tafjord;SN60500;09.11.1996;-2,1
Tafjord;SN60500;10.11.1996;-3,3
Tafjord;SN60500;11.11.1996;-3,1
Tafjord;SN60500;12.11.1996;-1,8
Tafjord;SN60500;13.11.1996;-2,9
Tafjord;SN60500;14.11.1996;-0,1
Tafjord;SN60500;15.11.1996;5,5
Tafjord;SN60500;16.11.1996;3,8
Tafjord;SN60500;17.11.1996;2,1
Tafjord;SN60500;18.11.1996;-3,1
Tafjord;SN60500;19.11.1996;-5,6
Tafjord;SN60500;20.11.1996;-2,6
Tafjord;SN60500;21.11.1996;-3,2
Tafjord;SN60500;22.11.1996;-1,6
Tafjord;SN60500;23.11.1996;-1,3
Tafjord;SN60500;24.11.1996;-0,6
Tafjord;SN60500;25.11.1996;-2,4
Tafjord;SN60500;26.11.1996;-5,6
Tafjord;SN60500;27.11.1996;-8,6
Tafjord;SN60500;28.11.1996;-2,6
Tafjord;SN60500;29.11.1996;-3,5
Tafjord;SN60500;30.11.1996;-6,8
Tafjord;SN60500;01.12.1996;-0,2
Tafjord;SN60500;02.12.1996;3,8
Tafjord;SN60500;03.12.1996;3,3
Tafjord;SN60500;04.12.1996;6,5
Tafjord;SN60500;05.12.1996;3,1
Tafjord;SN60500;06.12.1996;1
Tafjord;SN60500;07.12.1996;5,6
Tafjord;SN60500;08.12.1996;8,8
Tafjord;SN60500;09.12.1996;6,5
Tafjord;SN60500;10.12.1996;4,9
Tafjord;SN60500;11.12.1996;3,2
Tafjord;SN60500;12.12.1996;2,2
Tafjord;SN60500;13.12.1996;-2,3
Tafjord;SN60500;14.12.1996;-6,5
Tafjord;SN60500;15.12.1996;-7,1
Tafjord;SN60500;16.12.1996;-2,6
Tafjord;SN60500;17.12.1996;-3,3
Tafjord;SN60500;18.12.1996;-7,1
Tafjord;SN60500;19.12.1996;-7,8
Tafjord;SN60500;20.12.1996;-4,3
Tafjord;SN60500;21.12.1996;0,7
Tafjord;SN60500;22.12.1996;-1,3
Tafjord;SN60500;23.12.1996;-2,1
Tafjord;SN60500;24.12.1996;1,1
Tafjord;SN60500;25.12.1996;0,2
Tafjord;SN60500;26.12.1996;2,2
Tafjord;SN60500;27.12.1996;1,1
Tafjord;SN60500;28.12.1996;0,7
Tafjord;SN60500;29.12.1996;0
Tafjord;SN60500;30.12.1996;-3,7
Tafjord;SN60500;31.12.1996;-7,7
Tafjord;SN60500;01.01.1997;-3,2
Tafjord;SN60500;02.01.1997;-2,9
Tafjord;SN60500;03.01.1997;-6
Tafjord;SN60500;04.01.1997;-0,7
Tafjord;SN60500;05.01.1997;-1,4
Tafjord;SN60500;06.01.1997;-5,3
Tafjord;SN60500;07.01.1997;-0,8
Tafjord;SN60500;08.01.1997;-0,1
Tafjord;SN60500;09.01.1997;-5,9
Tafjord;SN60500;10.01.1997;-2,3
Tafjord;SN60500;11.01.1997;-6,4
Tafjord;SN60500;12.01.1997;3,5
Tafjord;SN60500;13.01.1997;4,4
Tafjord;SN60500;14.01.1997;3,8
Tafjord;SN60500;15.01.1997;4,6
Tafjord;SN60500;16.01.1997;3,1
Tafjord;SN60500;17.01.1997;1,5
Tafjord;SN60500;18.01.1997;6,4
Tafjord;SN60500;19.01.1997;2,7
Tafjord;SN60500;20.01.1997;1,6
Tafjord;SN60500;21.01.1997;7,6
Tafjord;SN60500;22.01.1997;5,4
Tafjord;SN60500;23.01.1997;-0,6
Tafjord;SN60500;24.01.1997;5
Tafjord;SN60500;25.01.1997;6,2
Tafjord;SN60500;26.01.1997;8,4
Tafjord;SN60500;27.01.1997;3,3
Tafjord;SN60500;28.01.1997;1,6
Tafjord;SN60500;29.01.1997;3,4
Tafjord;SN60500;30.01.1997;3,9
Tafjord;SN60500;31.01.1997;0,5
Tafjord;SN60500;01.02.1997;-2,6
Tafjord;SN60500;02.02.1997;1,9
Tafjord;SN60500;03.02.1997;4,8
Tafjord;SN60500;04.02.1997;1,6
Tafjord;SN60500;05.02.1997;-0,4
Tafjord;SN60500;06.02.1997;4,6
Tafjord;SN60500;07.02.1997;5,6
Tafjord;SN60500;08.02.1997;2
Tafjord;SN60500;09.02.1997;4,8
Tafjord;SN60500;10.02.1997;6,2
Tafjord;SN60500;11.02.1997;2,2
Tafjord;SN60500;12.02.1997;1,5
Tafjord;SN60500;13.02.1997;0,3
Tafjord;SN60500;14.02.1997;-4,8
Tafjord;SN60500;15.02.1997;-6,7
Tafjord;SN60500;16.02.1997;-3,1
Tafjord;SN60500;17.02.1997;2,8
Tafjord;SN60500;18.02.1997;6
Tafjord;SN60500;19.02.1997;4,2
Tafjord;SN60500;20.02.1997;5,6
Tafjord;SN60500;21.02.1997;4
Tafjord;SN60500;22.02.1997;4,6
Tafjord;SN60500;23.02.1997;7,7
Tafjord;SN60500;24.02.1997;6,8
Tafjord;SN60500;25.02.1997;5,6
Tafjord;SN60500;26.02.1997;2
Tafjord;SN60500;27.02.1997;0,6
Tafjord;SN60500;28.02.1997;7,6
Tafjord;SN60500;01.03.1997;2,2
Tafjord;SN60500;02.03.1997;4,1
Tafjord;SN60500;03.03.1997;1,2
Tafjord;SN60500;04.03.1997;2,3
Tafjord;SN60500;05.03.1997;8,8
Tafjord;SN60500;06.03.1997;4,4
Tafjord;SN60500;07.03.1997;8,6
Tafjord;SN60500;08.03.1997;4,4
Tafjord;SN60500;09.03.1997;10,9
Tafjord;SN60500;10.03.1997;5,8
Tafjord;SN60500;11.03.1997;6,6
Tafjord;SN60500;12.03.1997;6,1
Tafjord;SN60500;13.03.1997;0,9
Tafjord;SN60500;14.03.1997;-0,8
Tafjord;SN60500;15.03.1997;-1,7
Tafjord;SN60500;16.03.1997;-1,7
Tafjord;SN60500;17.03.1997;-2,1
Tafjord;SN60500;18.03.1997;-0,9
Tafjord;SN60500;19.03.1997;-2,4
Tafjord;SN60500;20.03.1997;-3,8
Tafjord;SN60500;21.03.1997;-2,8
Tafjord;SN60500;22.03.1997;-0,2
Tafjord;SN60500;23.03.1997;2,2
Tafjord;SN60500;24.03.1997;2,5
Tafjord;SN60500;25.03.1997;4,9
Tafjord;SN60500;26.03.1997;6,5
Tafjord;SN60500;27.03.1997;3,4
Tafjord;SN60500;28.03.1997;2,4
Tafjord;SN60500;29.03.1997;1,8
Tafjord;SN60500;30.03.1997;2,5
Tafjord;SN60500;31.03.1997;5,4
Tafjord;SN60500;01.04.1997;2,7
Tafjord;SN60500;02.04.1997;1,9
Tafjord;SN60500;03.04.1997;1,5
Tafjord;SN60500;04.04.1997;-0,6
Tafjord;SN60500;05.04.1997;-0,8
Tafjord;SN60500;06.04.1997;-0,6
Tafjord;SN60500;07.04.1997;0,2
Tafjord;SN60500;08.04.1997;3,4
Tafjord;SN60500;09.04.1997;5,6
Tafjord;SN60500;10.04.1997;3,1
Tafjord;SN60500;11.04.1997;1,9
Tafjord;SN60500;12.04.1997;2,7
Tafjord;SN60500;13.04.1997;3,9
Tafjord;SN60500;14.04.1997;1,3
Tafjord;SN60500;15.04.1997;3,6
Tafjord;SN60500;16.04.1997;6,7
Tafjord;SN60500;17.04.1997;6
Tafjord;SN60500;18.04.1997;1,4
Tafjord;SN60500;19.04.1997;1,9
Tafjord;SN60500;20.04.1997;3,4
Tafjord;SN60500;21.04.1997;2,6
Tafjord;SN60500;22.04.1997;-0,4
Tafjord;SN60500;23.04.1997;1,1
Tafjord;SN60500;24.04.1997;2
Tafjord;SN60500;25.04.1997;1,9
Tafjord;SN60500;26.04.1997;3,9
Tafjord;SN60500;27.04.1997;4,4
Tafjord;SN60500;28.04.1997;7,1
Tafjord;SN60500;29.04.1997;7,3
Tafjord;SN60500;30.04.1997;6,6
Tafjord;SN60500;01.05.1997;7,7
Tafjord;SN60500;02.05.1997;7,2
Tafjord;SN60500;03.05.1997;3,2
Tafjord;SN60500;04.05.1997;3,1
Tafjord;SN60500;05.05.1997;2,6
Tafjord;SN60500;06.05.1997;5,1
Tafjord;SN60500;07.05.1997;5,2
Tafjord;SN60500;08.05.1997;6,6
Tafjord;SN60500;09.05.1997;11,2
Tafjord;SN60500;10.05.1997;9,2
Tafjord;SN60500;11.05.1997;10,2
Tafjord;SN60500;12.05.1997;11,6
Tafjord;SN60500;13.05.1997;12,4
Tafjord;SN60500;14.05.1997;12,2
Tafjord;SN60500;15.05.1997;10
Tafjord;SN60500;16.05.1997;8,2
Tafjord;SN60500;17.05.1997;9,4
Tafjord;SN60500;18.05.1997;7,9
Tafjord;SN60500;19.05.1997;7,1
Tafjord;SN60500;20.05.1997;6,6
Tafjord;SN60500;21.05.1997;6,1
Tafjord;SN60500;22.05.1997;7,3
Tafjord;SN60500;23.05.1997;6,5
Tafjord;SN60500;24.05.1997;8,8
Tafjord;SN60500;25.05.1997;9,4
Tafjord;SN60500;26.05.1997;9,8
Tafjord;SN60500;27.05.1997;8,6
Tafjord;SN60500;28.05.1997;8,9
Tafjord;SN60500;29.05.1997;7,9
Tafjord;SN60500;30.05.1997;10
Tafjord;SN60500;31.05.1997;13
Tafjord;SN60500;01.06.1997;11,5
Tafjord;SN60500;02.06.1997;12,9
Tafjord;SN60500;03.06.1997;10,2
Tafjord;SN60500;04.06.1997;10,5
Tafjord;SN60500;05.06.1997;11,8
Tafjord;SN60500;06.06.1997;14,3
Tafjord;SN60500;07.06.1997;19,5
Tafjord;SN60500;08.06.1997;18
Tafjord;SN60500;09.06.1997;18,8
Tafjord;SN60500;10.06.1997;13,1
Tafjord;SN60500;11.06.1997;11,5
Tafjord;SN60500;12.06.1997;14,4
Tafjord;SN60500;13.06.1997;17,8
Tafjord;SN60500;14.06.1997;15
Tafjord;SN60500;15.06.1997;8,9
Tafjord;SN60500;16.06.1997;7,7
Tafjord;SN60500;17.06.1997;9,6
Tafjord;SN60500;18.06.1997;10,6
Tafjord;SN60500;19.06.1997;12,8
Tafjord;SN60500;20.06.1997;12,2
Tafjord;SN60500;21.06.1997;17,6
Tafjord;SN60500;22.06.1997;16,6
Tafjord;SN60500;23.06.1997;11,9
Tafjord;SN60500;24.06.1997;10,9
Tafjord;SN60500;25.06.1997;11,6
Tafjord;SN60500;26.06.1997;13
Tafjord;SN60500;27.06.1997;11,8
Tafjord;SN60500;28.06.1997;16,1
Tafjord;SN60500;29.06.1997;15,3
Tafjord;SN60500;30.06.1997;15,1
Tafjord;SN60500;01.07.1997;14,9
Tafjord;SN60500;02.07.1997;14,2
Tafjord;SN60500;03.07.1997;14,2
Tafjord;SN60500;04.07.1997;14,9
Tafjord;SN60500;05.07.1997;14,4
Tafjord;SN60500;06.07.1997;14,3
Tafjord;SN60500;07.07.1997;12,9
Tafjord;SN60500;08.07.1997;11,7
Tafjord;SN60500;09.07.1997;13,2
Tafjord;SN60500;10.07.1997;13,5
Tafjord;SN60500;11.07.1997;15
Tafjord;SN60500;12.07.1997;16,5
Tafjord;SN60500;13.07.1997;16,8
Tafjord;SN60500;14.07.1997;19,1
Tafjord;SN60500;15.07.1997;18,8
Tafjord;SN60500;16.07.1997;19,5
Tafjord;SN60500;17.07.1997;20
Tafjord;SN60500;18.07.1997;18,8
Tafjord;SN60500;19.07.1997;16,5
Tafjord;SN60500;20.07.1997;17
Tafjord;SN60500;21.07.1997;17,4
Tafjord;SN60500;22.07.1997;16,1
Tafjord;SN60500;23.07.1997;17,7
Tafjord;SN60500;24.07.1997;18,9
Tafjord;SN60500;25.07.1997;21,3
Tafjord;SN60500;26.07.1997;17,8
Tafjord;SN60500;27.07.1997;15,4
Tafjord;SN60500;28.07.1997;14,9
Tafjord;SN60500;29.07.1997;13,7
Tafjord;SN60500;30.07.1997;13,7
Tafjord;SN60500;31.07.1997;16,2
Tafjord;SN60500;01.08.1997;19,9
Tafjord;SN60500;02.08.1997;15,8
Tafjord;SN60500;03.08.1997;15,2
Tafjord;SN60500;04.08.1997;14,6
Tafjord;SN60500;05.08.1997;15,4
Tafjord;SN60500;06.08.1997;16,3
Tafjord;SN60500;07.08.1997;16,4
Tafjord;SN60500;08.08.1997;20,9
Tafjord;SN60500;09.08.1997;19,8
Tafjord;SN60500;10.08.1997;15,1
Tafjord;SN60500;11.08.1997;15
Tafjord;SN60500;12.08.1997;17,1
Tafjord;SN60500;13.08.1997;17,6
Tafjord;SN60500;14.08.1997;15,2
Tafjord;SN60500;15.08.1997;14,9
Tafjord;SN60500;16.08.1997;16,1
Tafjord;SN60500;17.08.1997;16,7
Tafjord;SN60500;18.08.1997;16,5
Tafjord;SN60500;19.08.1997;19,1
Tafjord;SN60500;20.08.1997;17
Tafjord;SN60500;21.08.1997;22,4
Tafjord;SN60500;22.08.1997;18,6
Tafjord;SN60500;23.08.1997;15,6
Tafjord;SN60500;24.08.1997;13,4
Tafjord;SN60500;25.08.1997;12,7
Tafjord;SN60500;26.08.1997;15,3
Tafjord;SN60500;27.08.1997;15,8
Tafjord;SN60500;28.08.1997;20,2
Tafjord;SN60500;29.08.1997;23,3
Tafjord;SN60500;30.08.1997;16,6
Tafjord;SN60500;31.08.1997;15,3
Tafjord;SN60500;01.09.1997;18,8
Tafjord;SN60500;02.09.1997;17,1
Tafjord;SN60500;03.09.1997;13,9
Tafjord;SN60500;04.09.1997;19,8
Tafjord;SN60500;05.09.1997;17,7
Tafjord;SN60500;06.09.1997;14,6
Tafjord;SN60500;07.09.1997;12,1
Tafjord;SN60500;08.09.1997;12
Tafjord;SN60500;09.09.1997;7,4
Tafjord;SN60500;10.09.1997;9,4
Tafjord;SN60500;11.09.1997;10,6
Tafjord;SN60500;12.09.1997;11,7
Tafjord;SN60500;13.09.1997;7,5
Tafjord;SN60500;14.09.1997;7,4
Tafjord;SN60500;15.09.1997;10,1
Tafjord;SN60500;16.09.1997;10,5
Tafjord;SN60500;17.09.1997;7,8
Tafjord;SN60500;18.09.1997;6,3
Tafjord;SN60500;19.09.1997;5,7
Tafjord;SN60500;20.09.1997;7,1
Tafjord;SN60500;21.09.1997;9,1
Tafjord;SN60500;22.09.1997;9,4
Tafjord;SN60500;23.09.1997;9,3
Tafjord;SN60500;24.09.1997;11
Tafjord;SN60500;25.09.1997;10,3
Tafjord;SN60500;26.09.1997;8,7
Tafjord;SN60500;27.09.1997;5,8
Tafjord;SN60500;28.09.1997;6,4
Tafjord;SN60500;29.09.1997;10,4
Tafjord;SN60500;30.09.1997;9,1
Tafjord;SN60500;01.10.1997;10,6
Tafjord;SN60500;02.10.1997;7,6
Tafjord;SN60500;03.10.1997;6,5
Tafjord;SN60500;04.10.1997;5,9
Tafjord;SN60500;05.10.1997;5
Tafjord;SN60500;06.10.1997;7,1
Tafjord;SN60500;07.10.1997;13,6
Tafjord;SN60500;08.10.1997;11,5
Tafjord;SN60500;09.10.1997;9,3
Tafjord;SN60500;10.10.1997;10,1
Tafjord;SN60500;11.10.1997;7,5
Tafjord;SN60500;12.10.1997;4,8
Tafjord;SN60500;13.10.1997;2,3
Tafjord;SN60500;14.10.1997;3,1
Tafjord;SN60500;15.10.1997;0,2
Tafjord;SN60500;16.10.1997;5,2
Tafjord;SN60500;17.10.1997;9,9
Tafjord;SN60500;18.10.1997;10,1
Tafjord;SN60500;19.10.1997;4,1
Tafjord;SN60500;20.10.1997;1
Tafjord;SN60500;21.10.1997;1,1
Tafjord;SN60500;22.10.1997;1,5
Tafjord;SN60500;23.10.1997;0
Tafjord;SN60500;24.10.1997;-0,3
Tafjord;SN60500;25.10.1997;-1
Tafjord;SN60500;26.10.1997;-2
Tafjord;SN60500;27.10.1997;-6
Tafjord;SN60500;28.10.1997;-0,4
Tafjord;SN60500;29.10.1997;2,2
Tafjord;SN60500;30.10.1997;1,8
Tafjord;SN60500;31.10.1997;3,7
Tafjord;SN60500;01.11.1997;3,7
Tafjord;SN60500;02.11.1997;1,4
Tafjord;SN60500;03.11.1997;-2,3
Tafjord;SN60500;04.11.1997;0,4
Tafjord;SN60500;05.11.1997;3,5
Tafjord;SN60500;06.11.1997;5,6
Tafjord;SN60500;07.11.1997;8,4
Tafjord;SN60500;08.11.1997;6,6
Tafjord;SN60500;09.11.1997;8,1
Tafjord;SN60500;10.11.1997;9,5
Tafjord;SN60500;11.11.1997;9,9
Tafjord;SN60500;12.11.1997;9,9
Tafjord;SN60500;13.11.1997;8,1
Tafjord;SN60500;14.11.1997;7,9
Tafjord;SN60500;15.11.1997;8
Tafjord;SN60500;16.11.1997;11,8
Tafjord;SN60500;17.11.1997;12
Tafjord;SN60500;18.11.1997;11,3
Tafjord;SN60500;19.11.1997;8,4
Tafjord;SN60500;20.11.1997;5,1
Tafjord;SN60500;21.11.1997;8,7
Tafjord;SN60500;22.11.1997;7,2
Tafjord;SN60500;23.11.1997;3
Tafjord;SN60500;24.11.1997;1,6
Tafjord;SN60500;25.11.1997;1
Tafjord;SN60500;26.11.1997;-0,1
Tafjord;SN60500;27.11.1997;-0,9
Tafjord;SN60500;28.11.1997;-1,2
Tafjord;SN60500;29.11.1997;-2
Tafjord;SN60500;30.11.1997;-5,5
Tafjord;SN60500;01.12.1997;0,3
Tafjord;SN60500;02.12.1997;0,8
Tafjord;SN60500;03.12.1997;-5,5
Tafjord;SN60500;04.12.1997;-2,1
Tafjord;SN60500;05.12.1997;3,4
Tafjord;SN60500;06.12.1997;1,1
Tafjord;SN60500;07.12.1997;10,4
Tafjord;SN60500;08.12.1997;11,2
Tafjord;SN60500;09.12.1997;10,6
Tafjord;SN60500;10.12.1997;7,1
Tafjord;SN60500;11.12.1997;7,8
Tafjord;SN60500;12.12.1997;2,3
Tafjord;SN60500;13.12.1997;2,6
Tafjord;SN60500;14.12.1997;1,4
Tafjord;SN60500;15.12.1997;2,2
Tafjord;SN60500;16.12.1997;-0,4
Tafjord;SN60500;17.12.1997;-1,9
Tafjord;SN60500;18.12.1997;-1,2
Tafjord;SN60500;19.12.1997;-1,9
Tafjord;SN60500;20.12.1997;5
Tafjord;SN60500;21.12.1997;1,9
Tafjord;SN60500;22.12.1997;2,9
Tafjord;SN60500;23.12.1997;4,3
Tafjord;SN60500;24.12.1997;7,6
Tafjord;SN60500;25.12.1997;4
Tafjord;SN60500;26.12.1997;5
Tafjord;SN60500;27.12.1997;3,1
Tafjord;SN60500;28.12.1997;1,2
Tafjord;SN60500;29.12.1997;0,1
Tafjord;SN60500;30.12.1997;1
Tafjord;SN60500;31.12.1997;8,3
Tafjord;SN60500;01.01.1998;5,8
Tafjord;SN60500;02.01.1998;8,7
Tafjord;SN60500;03.01.1998;7,7
Tafjord;SN60500;04.01.1998;8,2
Tafjord;SN60500;05.01.1998;2,4
Tafjord;SN60500;06.01.1998;0,1
Tafjord;SN60500;07.01.1998;2
Tafjord;SN60500;08.01.1998;2,7
Tafjord;SN60500;09.01.1998;4,6
Tafjord;SN60500;10.01.1998;5,7
Tafjord;SN60500;11.01.1998;4,6
Tafjord;SN60500;12.01.1998;6,9
Tafjord;SN60500;13.01.1998;10,4
Tafjord;SN60500;14.01.1998;9,5
Tafjord;SN60500;15.01.1998;8,6
Tafjord;SN60500;16.01.1998;3
Tafjord;SN60500;17.01.1998;1,6
Tafjord;SN60500;18.01.1998;-2,5
Tafjord;SN60500;19.01.1998;-3,6
Tafjord;SN60500;20.01.1998;-6,5
Tafjord;SN60500;21.01.1998;4,8
Tafjord;SN60500;22.01.1998;10,3
Tafjord;SN60500;23.01.1998;1,8
Tafjord;SN60500;24.01.1998;0,3
Tafjord;SN60500;25.01.1998;0,9
Tafjord;SN60500;26.01.1998;2,2
Tafjord;SN60500;27.01.1998;1
Tafjord;SN60500;28.01.1998;-0,6
Tafjord;SN60500;29.01.1998;-0,7
Tafjord;SN60500;30.01.1998;-4,1
Tafjord;SN60500;31.01.1998;-6,2
Tafjord;SN60500;01.02.1998;-1
Tafjord;SN60500;02.02.1998;-2,7
Tafjord;SN60500;03.02.1998;-4,2
Tafjord;SN60500;04.02.1998;-0,3
Tafjord;SN60500;05.02.1998;-1
Tafjord;SN60500;06.02.1998;5,7
Tafjord;SN60500;07.02.1998;5,4
Tafjord;SN60500;08.02.1998;4,3
Tafjord;SN60500;09.02.1998;5,3
Tafjord;SN60500;10.02.1998;3,8
Tafjord;SN60500;11.02.1998;1,3
Tafjord;SN60500;12.02.1998;1,4
Tafjord;SN60500;13.02.1998;1,4
Tafjord;SN60500;14.02.1998;4,1
Tafjord;SN60500;15.02.1998;2,9
Tafjord;SN60500;16.02.1998;2,3
Tafjord;SN60500;17.02.1998;2,4
Tafjord;SN60500;18.02.1998;6,4
Tafjord;SN60500;19.02.1998;5,9
Tafjord;SN60500;20.02.1998;6,1
Tafjord;SN60500;21.02.1998;8,5
Tafjord;SN60500;22.02.1998;3,1
Tafjord;SN60500;23.02.1998;4,9
Tafjord;SN60500;24.02.1998;3,5
Tafjord;SN60500;25.02.1998;7,3
Tafjord;SN60500;26.02.1998;7
Tafjord;SN60500;27.02.1998;0,2
Tafjord;SN60500;28.02.1998;-0,7
Tafjord;SN60500;01.03.1998;-4,9
Tafjord;SN60500;02.03.1998;-8
Tafjord;SN60500;03.03.1998;-4,6
Tafjord;SN60500;04.03.1998;-1,3
Tafjord;SN60500;05.03.1998;-4
Tafjord;SN60500;06.03.1998;-5,6
Tafjord;SN60500;07.03.1998;-3,4
Tafjord;SN60500;08.03.1998;-3,1
Tafjord;SN60500;09.03.1998;-1,4
Tafjord;SN60500;10.03.1998;0,4
Tafjord;SN60500;11.03.1998;2,4
Tafjord;SN60500;12.03.1998;-0,8
Tafjord;SN60500;13.03.1998;1,7
Tafjord;SN60500;14.03.1998;0,7
Tafjord;SN60500;15.03.1998;2,1
Tafjord;SN60500;16.03.1998;3,3
Tafjord;SN60500;17.03.1998;5,5
Tafjord;SN60500;18.03.1998;-0,8
Tafjord;SN60500;19.03.1998;-0,8
Tafjord;SN60500;20.03.1998;1,7
Tafjord;SN60500;21.03.1998;1,9
Tafjord;SN60500;22.03.1998;3,2
Tafjord;SN60500;23.03.1998;6,5
Tafjord;SN60500;24.03.1998;5,7
Tafjord;SN60500;25.03.1998;4,7
Tafjord;SN60500;26.03.1998;8,7
Tafjord;SN60500;27.03.1998;7,4
Tafjord;SN60500;28.03.1998;10,2
Tafjord;SN60500;29.03.1998;9,2
Tafjord;SN60500;30.03.1998;6,5
Tafjord;SN60500;31.03.1998;6,5
Tafjord;SN60500;01.04.1998;4,6
Tafjord;SN60500;02.04.1998;2,9
Tafjord;SN60500;03.04.1998;2,1
Tafjord;SN60500;04.04.1998;3,5
Tafjord;SN60500;05.04.1998;5,8
Tafjord;SN60500;06.04.1998;4,2
Tafjord;SN60500;07.04.1998;2,7
Tafjord;SN60500;08.04.1998;2,2
Tafjord;SN60500;09.04.1998;1,6
Tafjord;SN60500;10.04.1998;2,4
Tafjord;SN60500;11.04.1998;1,8
Tafjord;SN60500;12.04.1998;4,6
Tafjord;SN60500;13.04.1998;3,6
Tafjord;SN60500;14.04.1998;5,2
Tafjord;SN60500;15.04.1998;5,9
Tafjord;SN60500;16.04.1998;6,3
Tafjord;SN60500;17.04.1998;8,3
Tafjord;SN60500;18.04.1998;6,6
Tafjord;SN60500;19.04.1998;6,2
Tafjord;SN60500;20.04.1998;7
Tafjord;SN60500;21.04.1998;7,9
Tafjord;SN60500;22.04.1998;12,4
Tafjord;SN60500;23.04.1998;13,3
Tafjord;SN60500;24.04.1998;14
Tafjord;SN60500;25.04.1998;14,4
Tafjord;SN60500;26.04.1998;8,2
Tafjord;SN60500;27.04.1998;9,7
Tafjord;SN60500;28.04.1998;8,3
Tafjord;SN60500;29.04.1998;8,1
Tafjord;SN60500;30.04.1998;9,5
Tafjord;SN60500;01.05.1998;9,6
Tafjord;SN60500;02.05.1998;7,7
Tafjord;SN60500;03.05.1998;6
Tafjord;SN60500;04.05.1998;9
Tafjord;SN60500;05.05.1998;7,3
Tafjord;SN60500;06.05.1998;7,3
Tafjord;SN60500;07.05.1998;8,2
Tafjord;SN60500;08.05.1998;8,8
Tafjord;SN60500;09.05.1998;10,9
Tafjord;SN60500;10.05.1998;9,9
Tafjord;SN60500;11.05.1998;7,2
Tafjord;SN60500;12.05.1998;8,7
Tafjord;SN60500;13.05.1998;12,1
Tafjord;SN60500;14.05.1998;11,9
Tafjord;SN60500;15.05.1998;12,8
Tafjord;SN60500;16.05.1998;11,7
Tafjord;SN60500;17.05.1998;10,8
Tafjord;SN60500;18.05.1998;11,6
Tafjord;SN60500;19.05.1998;8
Tafjord;SN60500;20.05.1998;5,3
Tafjord;SN60500;21.05.1998;4,9
Tafjord;SN60500;22.05.1998;5,3
Tafjord;SN60500;23.05.1998;5,8
Tafjord;SN60500;24.05.1998;7,6
Tafjord;SN60500;25.05.1998;9
Tafjord;SN60500;26.05.1998;8,8
Tafjord;SN60500;27.05.1998;8,3
Tafjord;SN60500;28.05.1998;11,6
Tafjord;SN60500;29.05.1998;11,8
Tafjord;SN60500;30.05.1998;10,6
Tafjord;SN60500;31.05.1998;9,2
Tafjord;SN60500;01.06.1998;9,4
Tafjord;SN60500;02.06.1998;8,8
Tafjord;SN60500;03.06.1998;10,1
Tafjord;SN60500;04.06.1998;8,4
Tafjord;SN60500;05.06.1998;7,7
Tafjord;SN60500;06.06.1998;10,3
Tafjord;SN60500;07.06.1998;12,3
Tafjord;SN60500;08.06.1998;12,5
Tafjord;SN60500;09.06.1998;11,8
Tafjord;SN60500;10.06.1998;13,4
Tafjord;SN60500;11.06.1998;11
Tafjord;SN60500;12.06.1998;8,7
Tafjord;SN60500;13.06.1998;7,7
Tafjord;SN60500;14.06.1998;8,7
Tafjord;SN60500;15.06.1998;12,5
Tafjord;SN60500;16.06.1998;11,6
Tafjord;SN60500;17.06.1998;10,1
Tafjord;SN60500;18.06.1998;9,8
Tafjord;SN60500;19.06.1998;11,1
Tafjord;SN60500;20.06.1998;12,3
Tafjord;SN60500;21.06.1998;16
Tafjord;SN60500;22.06.1998;17,1
Tafjord;SN60500;23.06.1998;12,1
Tafjord;SN60500;24.06.1998;14,3
Tafjord;SN60500;25.06.1998;13,3
Tafjord;SN60500;26.06.1998;13,7
Tafjord;SN60500;27.06.1998;13,7
Tafjord;SN60500;28.06.1998;18
Tafjord;SN60500;29.06.1998;16,6
Tafjord;SN60500;30.06.1998;15,1
Tafjord;SN60500;01.07.1998;15,4
Tafjord;SN60500;02.07.1998;14,2
Tafjord;SN60500;03.07.1998;11,2
Tafjord;SN60500;04.07.1998;12
Tafjord;SN60500;05.07.1998;12,1
Tafjord;SN60500;06.07.1998;10,4
Tafjord;SN60500;07.07.1998;11,1
Tafjord;SN60500;08.07.1998;12,2
Tafjord;SN60500;09.07.1998;13,3
Tafjord;SN60500;10.07.1998;12,2
Tafjord;SN60500;11.07.1998;13,4
Tafjord;SN60500;12.07.1998;14,3
Tafjord;SN60500;13.07.1998;16,1
Tafjord;SN60500;14.07.1998;15
Tafjord;SN60500;15.07.1998;13,3
Tafjord;SN60500;16.07.1998;11,9
Tafjord;SN60500;17.07.1998;12,5
Tafjord;SN60500;18.07.1998;14,3
Tafjord;SN60500;19.07.1998;13
Tafjord;SN60500;20.07.1998;14,5
Tafjord;SN60500;21.07.1998;18,2
Tafjord;SN60500;22.07.1998;18,2
Tafjord;SN60500;23.07.1998;16,7
Tafjord;SN60500;24.07.1998;13,3
Tafjord;SN60500;25.07.1998;12,7
Tafjord;SN60500;26.07.1998;13,4
Tafjord;SN60500;27.07.1998;13,8
Tafjord;SN60500;28.07.1998;13,8
Tafjord;SN60500;29.07.1998;15,2
Tafjord;SN60500;30.07.1998;17
Tafjord;SN60500;31.07.1998;14,4
Tafjord;SN60500;01.08.1998;14,2
Tafjord;SN60500;02.08.1998;13,2
Tafjord;SN60500;03.08.1998;16,6
Tafjord;SN60500;04.08.1998;16,2
Tafjord;SN60500;05.08.1998;12,9
Tafjord;SN60500;06.08.1998;13,7
Tafjord;SN60500;07.08.1998;12,6
Tafjord;SN60500;08.08.1998;12
Tafjord;SN60500;09.08.1998;12,6
Tafjord;SN60500;10.08.1998;12,1
Tafjord;SN60500;11.08.1998;12,4
Tafjord;SN60500;12.08.1998;16,5
Tafjord;SN60500;13.08.1998;19
Tafjord;SN60500;14.08.1998;18,7
Tafjord;SN60500;15.08.1998;17,8
Tafjord;SN60500;16.08.1998;13,3
Tafjord;SN60500;17.08.1998;15,7
Tafjord;SN60500;18.08.1998;10,8
Tafjord;SN60500;19.08.1998;11,7
Tafjord;SN60500;20.08.1998;12,5
Tafjord;SN60500;21.08.1998;12,4
Tafjord;SN60500;22.08.1998;11,3
Tafjord;SN60500;23.08.1998;11,2
Tafjord;SN60500;24.08.1998;10,1
Tafjord;SN60500;25.08.1998;8,5
Tafjord;SN60500;26.08.1998;9,4
Tafjord;SN60500;27.08.1998;9,8
Tafjord;SN60500;28.08.1998;11,7
Tafjord;SN60500;29.08.1998;11
Tafjord;SN60500;30.08.1998;11,1
Tafjord;SN60500;31.08.1998;11,7
Tafjord;SN60500;01.09.1998;13,1
Tafjord;SN60500;02.09.1998;13,9
Tafjord;SN60500;03.09.1998;11,7
Tafjord;SN60500;04.09.1998;13,9
Tafjord;SN60500;05.09.1998;16,8
Tafjord;SN60500;06.09.1998;13,1
Tafjord;SN60500;07.09.1998;13,3
Tafjord;SN60500;08.09.1998;17,7
Tafjord;SN60500;09.09.1998;17,8
Tafjord;SN60500;10.09.1998;13,8
Tafjord;SN60500;11.09.1998;14,4
Tafjord;SN60500;12.09.1998;13,3
Tafjord;SN60500;13.09.1998;11,3
Tafjord;SN60500;14.09.1998;12,4
Tafjord;SN60500;15.09.1998;12,3
Tafjord;SN60500;16.09.1998;12,5
Tafjord;SN60500;17.09.1998;11,2
Tafjord;SN60500;18.09.1998;9,1
Tafjord;SN60500;19.09.1998;11,1
Tafjord;SN60500;20.09.1998;13,4
Tafjord;SN60500;21.09.1998;14,4
Tafjord;SN60500;22.09.1998;13,3
Tafjord;SN60500;23.09.1998;11,5
Tafjord;SN60500;24.09.1998;12,4
Tafjord;SN60500;25.09.1998;11,2
Tafjord;SN60500;26.09.1998;9,6
Tafjord;SN60500;27.09.1998;9,3
Tafjord;SN60500;28.09.1998;7,3
Tafjord;SN60500;29.09.1998;14,8
Tafjord;SN60500;30.09.1998;11,3
Tafjord;SN60500;01.10.1998;10,8
Tafjord;SN60500;02.10.1998;7,5
Tafjord;SN60500;03.10.1998;6,8
Tafjord;SN60500;04.10.1998;7,2
Tafjord;SN60500;05.10.1998;3
Tafjord;SN60500;06.10.1998;3,5
Tafjord;SN60500;07.10.1998;4,1
Tafjord;SN60500;08.10.1998;6,9
Tafjord;SN60500;09.10.1998;13,8
Tafjord;SN60500;10.10.1998;8,6
Tafjord;SN60500;11.10.1998;5,4
Tafjord;SN60500;12.10.1998;5,6
Tafjord;SN60500;13.10.1998;7,8
Tafjord;SN60500;14.10.1998;7,8
Tafjord;SN60500;15.10.1998;3,5
Tafjord;SN60500;16.10.1998;3,8
Tafjord;SN60500;17.10.1998;3,4
Tafjord;SN60500;18.10.1998;2,6
Tafjord;SN60500;19.10.1998;4,2
Tafjord;SN60500;20.10.1998;1,8
Tafjord;SN60500;21.10.1998;6,2
Tafjord;SN60500;22.10.1998;12,6
Tafjord;SN60500;23.10.1998;7,5
Tafjord;SN60500;24.10.1998;7,6
Tafjord;SN60500;25.10.1998;10,8
Tafjord;SN60500;26.10.1998;6,1
Tafjord;SN60500;27.10.1998;5,8
Tafjord;SN60500;28.10.1998;4,3
Tafjord;SN60500;29.10.1998;4,2
Tafjord;SN60500;30.10.1998;1,1
Tafjord;SN60500;31.10.1998;-0,1
Tafjord;SN60500;01.11.1998;1,1
Tafjord;SN60500;02.11.1998;-1,3
Tafjord;SN60500;03.11.1998;-3,2
Tafjord;SN60500;04.11.1998;0
Tafjord;SN60500;05.11.1998;0,9
Tafjord;SN60500;06.11.1998;1
Tafjord;SN60500;07.11.1998;-0,7
Tafjord;SN60500;08.11.1998;4,7
Tafjord;SN60500;09.11.1998;6,3
Tafjord;SN60500;10.11.1998;7,5
Tafjord;SN60500;11.11.1998;3,3
Tafjord;SN60500;12.11.1998;4,1
Tafjord;SN60500;13.11.1998;3,6
Tafjord;SN60500;14.11.1998;1,5
Tafjord;SN60500;15.11.1998;1,1
Tafjord;SN60500;16.11.1998;-2,8
Tafjord;SN60500;17.11.1998;0,1
Tafjord;SN60500;18.11.1998;0,9
Tafjord;SN60500;19.11.1998;-2,2
Tafjord;SN60500;20.11.1998;-0,1
Tafjord;SN60500;21.11.1998;9,3
Tafjord;SN60500;22.11.1998;8,9
Tafjord;SN60500;23.11.1998;8,3
Tafjord;SN60500;24.11.1998;7,9
Tafjord;SN60500;25.11.1998;7,2
Tafjord;SN60500;26.11.1998;8,5
Tafjord;SN60500;27.11.1998;6,9
Tafjord;SN60500;28.11.1998;6
Tafjord;SN60500;29.11.1998;6,9
Tafjord;SN60500;30.11.1998;8,1
Tafjord;SN60500;01.12.1998;8,8
Tafjord;SN60500;02.12.1998;12,9
Tafjord;SN60500;03.12.1998;5,1
Tafjord;SN60500;04.12.1998;-0,4
Tafjord;SN60500;05.12.1998;-6,5
Tafjord;SN60500;06.12.1998;-7,8
Tafjord;SN60500;07.12.1998;-7,1
Tafjord;SN60500;08.12.1998;3,3
Tafjord;SN60500;09.12.1998;7,7
Tafjord;SN60500;10.12.1998;8,7
Tafjord;SN60500;11.12.1998;4,4
Tafjord;SN60500;12.12.1998;7,9
Tafjord;SN60500;13.12.1998;5,7
Tafjord;SN60500;14.12.1998;8,1
Tafjord;SN60500;15.12.1998;5,3
Tafjord;SN60500;16.12.1998;3
Tafjord;SN60500;17.12.1998;8,6
Tafjord;SN60500;18.12.1998;4,8
Tafjord;SN60500;19.12.1998;0,9
Tafjord;SN60500;20.12.1998;-0,4
Tafjord;SN60500;21.12.1998;-3,2
Tafjord;SN60500;22.12.1998;-0,5
Tafjord;SN60500;23.12.1998;4,8
Tafjord;SN60500;24.12.1998;4,7
Tafjord;SN60500;25.12.1998;3,6
Tafjord;SN60500;26.12.1998;3,9
Tafjord;SN60500;27.12.1998;4,1
Tafjord;SN60500;28.12.1998;4
Tafjord;SN60500;29.12.1998;1
Tafjord;SN60500;30.12.1998;7,1
Tafjord;SN60500;31.12.1998;8,5
Tafjord;SN60500;01.01.1999;5,4
Tafjord;SN60500;02.01.1999;8,1
Tafjord;SN60500;03.01.1999;6,9
Tafjord;SN60500;04.01.1999;7,7
Tafjord;SN60500;05.01.1999;3,4
Tafjord;SN60500;06.01.1999;1,6
Tafjord;SN60500;07.01.1999;0,6
Tafjord;SN60500;08.01.1999;-2,7
Tafjord;SN60500;09.01.1999;-2,3
Tafjord;SN60500;10.01.1999;-3,3
Tafjord;SN60500;11.01.1999;-4
Tafjord;SN60500;12.01.1999;-3
Tafjord;SN60500;13.01.1999;-4
Tafjord;SN60500;14.01.1999;-3,2
Tafjord;SN60500;15.01.1999;0,5
Tafjord;SN60500;16.01.1999;2,7
Tafjord;SN60500;17.01.1999;5,5
Tafjord;SN60500;18.01.1999;4,3
Tafjord;SN60500;19.01.1999;7,2
Tafjord;SN60500;20.01.1999;7
Tafjord;SN60500;21.01.1999;4,2
Tafjord;SN60500;22.01.1999;3,7
Tafjord;SN60500;23.01.1999;3,5
Tafjord;SN60500;24.01.1999;3,9
Tafjord;SN60500;25.01.1999;2,6
Tafjord;SN60500;26.01.1999;-1,4
Tafjord;SN60500;27.01.1999;-3,2
Tafjord;SN60500;28.01.1999;-5,9
Tafjord;SN60500;29.01.1999;-3,5
Tafjord;SN60500;30.01.1999;3,8
Tafjord;SN60500;31.01.1999;4,3
Tafjord;SN60500;01.02.1999;4,2
Tafjord;SN60500;02.02.1999;5,6
Tafjord;SN60500;03.02.1999;2,6
Tafjord;SN60500;04.02.1999;2,9
Tafjord;SN60500;05.02.1999;2,8
Tafjord;SN60500;06.02.1999;-0,7
Tafjord;SN60500;07.02.1999;-2,9
Tafjord;SN60500;08.02.1999;-3,5
Tafjord;SN60500;09.02.1999;-3,4
Tafjord;SN60500;10.02.1999;-4,2
Tafjord;SN60500;11.02.1999;-1,1
Tafjord;SN60500;12.02.1999;0,1
Tafjord;SN60500;13.02.1999;4,1
Tafjord;SN60500;14.02.1999;6,5
Tafjord;SN60500;15.02.1999;2,1
Tafjord;SN60500;16.02.1999;-2,5
Tafjord;SN60500;17.02.1999;-3
Tafjord;SN60500;18.02.1999;-1,3
Tafjord;SN60500;19.02.1999;4,6
Tafjord;SN60500;20.02.1999;1,9
Tafjord;SN60500;21.02.1999;2,9
Tafjord;SN60500;22.02.1999;1,7
Tafjord;SN60500;23.02.1999;-0,3
Tafjord;SN60500;24.02.1999;-0,2
Tafjord;SN60500;25.02.1999;1,7
Tafjord;SN60500;26.02.1999;3,8
Tafjord;SN60500;27.02.1999;3,8
Tafjord;SN60500;28.02.1999;5,4
Tafjord;SN60500;01.03.1999;2,6
Tafjord;SN60500;02.03.1999;2,7
Tafjord;SN60500;03.03.1999;2
Tafjord;SN60500;04.03.1999;3,6
Tafjord;SN60500;05.03.1999;4,9
Tafjord;SN60500;06.03.1999;3,4
Tafjord;SN60500;07.03.1999;5,5
Tafjord;SN60500;08.03.1999;7,2
Tafjord;SN60500;09.03.1999;4,5
Tafjord;SN60500;10.03.1999;-1,4
Tafjord;SN60500;11.03.1999;0,2
Tafjord;SN60500;12.03.1999;3,5
Tafjord;SN60500;13.03.1999;6,9
Tafjord;SN60500;14.03.1999;4
Tafjord;SN60500;15.03.1999;6,4
Tafjord;SN60500;16.03.1999;8,8
Tafjord;SN60500;17.03.1999;6,2
Tafjord;SN60500;18.03.1999;10,4
Tafjord;SN60500;19.03.1999;4,3
Tafjord;SN60500;20.03.1999;2
Tafjord;SN60500;21.03.1999;1,8
Tafjord;SN60500;22.03.1999;1
Tafjord;SN60500;23.03.1999;1,5
Tafjord;SN60500;24.03.1999;3,8
Tafjord;SN60500;25.03.1999;2,8
Tafjord;SN60500;26.03.1999;5,4
Tafjord;SN60500;27.03.1999;7,6
Tafjord;SN60500;28.03.1999;7
Tafjord;SN60500;29.03.1999;9,2
Tafjord;SN60500;30.03.1999;11,8
Tafjord;SN60500;31.03.1999;10,5
Tafjord;SN60500;01.04.1999;7,3
Tafjord;SN60500;02.04.1999;7,6
Tafjord;SN60500;03.04.1999;6,7
Tafjord;SN60500;04.04.1999;3,4
Tafjord;SN60500;05.04.1999;9,4
Tafjord;SN60500;06.04.1999;8,8
Tafjord;SN60500;07.04.1999;7,9
Tafjord;SN60500;08.04.1999;6,3
Tafjord;SN60500;09.04.1999;8,5
Tafjord;SN60500;10.04.1999;5,9
Tafjord;SN60500;11.04.1999;5,3
Tafjord;SN60500;12.04.1999;4,8
Tafjord;SN60500;13.04.1999;5,2
Tafjord;SN60500;14.04.1999;5,1
Tafjord;SN60500;15.04.1999;6,8
Tafjord;SN60500;16.04.1999;6,6
Tafjord;SN60500;17.04.1999;5
Tafjord;SN60500;18.04.1999;4,2
Tafjord;SN60500;19.04.1999;4,4
Tafjord;SN60500;20.04.1999;6,4
Tafjord;SN60500;21.04.1999;7,6
Tafjord;SN60500;22.04.1999;12,1
Tafjord;SN60500;23.04.1999;10,8
Tafjord;SN60500;24.04.1999;9
Tafjord;SN60500;25.04.1999;9,5
Tafjord;SN60500;26.04.1999;11,7
Tafjord;SN60500;27.04.1999;9,1
Tafjord;SN60500;28.04.1999;7,6
Tafjord;SN60500;29.04.1999;5,5
Tafjord;SN60500;30.04.1999;5,5
Tafjord;SN60500;01.05.1999;4,4
Tafjord;SN60500;02.05.1999;6
Tafjord;SN60500;03.05.1999;6,4
Tafjord;SN60500;04.05.1999;6
Tafjord;SN60500;05.05.1999;8,1
Tafjord;SN60500;06.05.1999;8
Tafjord;SN60500;07.05.1999;7,7
Tafjord;SN60500;08.05.1999;8,9
Tafjord;SN60500;09.05.1999;11
Tafjord;SN60500;10.05.1999;8,8
Tafjord;SN60500;11.05.1999;8,7
Tafjord;SN60500;12.05.1999;9,5
Tafjord;SN60500;13.05.1999;8,4
Tafjord;SN60500;14.05.1999;8,1
Tafjord;SN60500;15.05.1999;8,2
Tafjord;SN60500;16.05.1999;8,2
Tafjord;SN60500;17.05.1999;7,4
Tafjord;SN60500;18.05.1999;9,1
Tafjord;SN60500;19.05.1999;9,3
Tafjord;SN60500;20.05.1999;12,6
Tafjord;SN60500;21.05.1999;16,1
Tafjord;SN60500;22.05.1999;11,7
Tafjord;SN60500;23.05.1999;10,1
Tafjord;SN60500;24.05.1999;10,3
Tafjord;SN60500;25.05.1999;10,3
Tafjord;SN60500;26.05.1999;11
Tafjord;SN60500;27.05.1999;10,7
Tafjord;SN60500;28.05.1999;9,9
Tafjord;SN60500;29.05.1999;9,5
Tafjord;SN60500;30.05.1999;8,8
Tafjord;SN60500;31.05.1999;9,2
Tafjord;SN60500;01.06.1999;11
Tafjord;SN60500;02.06.1999;11,9
Tafjord;SN60500;03.06.1999;10,7
Tafjord;SN60500;04.06.1999;11,2
Tafjord;SN60500;05.06.1999;9,9
Tafjord;SN60500;06.06.1999;9,8
Tafjord;SN60500;07.06.1999;13,5
Tafjord;SN60500;08.06.1999;12,7
Tafjord;SN60500;09.06.1999;11,2
Tafjord;SN60500;10.06.1999;13,1
Tafjord;SN60500;11.06.1999;13,9
Tafjord;SN60500;12.06.1999;16,9
Tafjord;SN60500;13.06.1999;13
Tafjord;SN60500;14.06.1999;13,9
Tafjord;SN60500;15.06.1999;14,8
Tafjord;SN60500;16.06.1999;14,3
Tafjord;SN60500;17.06.1999;13,1
Tafjord;SN60500;18.06.1999;12,4
Tafjord;SN60500;19.06.1999;13,7
Tafjord;SN60500;20.06.1999;11,7
Tafjord;SN60500;21.06.1999;9,2
Tafjord;SN60500;22.06.1999;10,2
Tafjord;SN60500;23.06.1999;10,9
Tafjord;SN60500;24.06.1999;13,1
Tafjord;SN60500;25.06.1999;11,9
Tafjord;SN60500;26.06.1999;15
Tafjord;SN60500;27.06.1999;17,4
Tafjord;SN60500;28.06.1999;21,4
Tafjord;SN60500;29.06.1999;14,7
Tafjord;SN60500;30.06.1999;14,6
Tafjord;SN60500;01.07.1999;16,5
Tafjord;SN60500;02.07.1999;13,4
Tafjord;SN60500;03.07.1999;12,6
Tafjord;SN60500;04.07.1999;12,7
Tafjord;SN60500;05.07.1999;14,4
Tafjord;SN60500;06.07.1999;12,7
Tafjord;SN60500;07.07.1999;12,9
Tafjord;SN60500;08.07.1999;13
Tafjord;SN60500;09.07.1999;17,8
Tafjord;SN60500;10.07.1999;17,7
Tafjord;SN60500;11.07.1999;16,4
Tafjord;SN60500;12.07.1999;16
Tafjord;SN60500;13.07.1999;16,9
Tafjord;SN60500;14.07.1999;15,4
Tafjord;SN60500;15.07.1999;14,9
Tafjord;SN60500;16.07.1999;13,9
Tafjord;SN60500;17.07.1999;13,4
Tafjord;SN60500;18.07.1999;15,1
Tafjord;SN60500;19.07.1999;15,5
Tafjord;SN60500;20.07.1999;18,9
Tafjord;SN60500;21.07.1999;16,6
Tafjord;SN60500;22.07.1999;14
Tafjord;SN60500;23.07.1999;12
Tafjord;SN60500;24.07.1999;14,9
Tafjord;SN60500;25.07.1999;11,1
Tafjord;SN60500;26.07.1999;12,4
Tafjord;SN60500;27.07.1999;13,3
Tafjord;SN60500;28.07.1999;15,4
Tafjord;SN60500;29.07.1999;15
Tafjord;SN60500;30.07.1999;12,9
Tafjord;SN60500;31.07.1999;15
Tafjord;SN60500;01.08.1999;14,6
Tafjord;SN60500;02.08.1999;15,6
Tafjord;SN60500;03.08.1999;16,6
Tafjord;SN60500;04.08.1999;16,6
Tafjord;SN60500;05.08.1999;18
Tafjord;SN60500;06.08.1999;16,6
Tafjord;SN60500;07.08.1999;14,2
Tafjord;SN60500;08.08.1999;13,6
Tafjord;SN60500;09.08.1999;12,2
Tafjord;SN60500;10.08.1999;12,6
Tafjord;SN60500;11.08.1999;12,7
Tafjord;SN60500;12.08.1999;11,2
Tafjord;SN60500;13.08.1999;11,6
Tafjord;SN60500;14.08.1999;15,6
Tafjord;SN60500;15.08.1999;16,5
Tafjord;SN60500;16.08.1999;14
Tafjord;SN60500;17.08.1999;14,2
Tafjord;SN60500;18.08.1999;13,7
Tafjord;SN60500;19.08.1999;14,2
Tafjord;SN60500;20.08.1999;12,7
Tafjord;SN60500;21.08.1999;10,8
Tafjord;SN60500;22.08.1999;10,9
Tafjord;SN60500;23.08.1999;11,8
Tafjord;SN60500;24.08.1999;12,5
Tafjord;SN60500;25.08.1999;10,4
Tafjord;SN60500;26.08.1999;14,1
Tafjord;SN60500;27.08.1999;17,7
Tafjord;SN60500;28.08.1999;14
Tafjord;SN60500;29.08.1999;14,7
Tafjord;SN60500;30.08.1999;14,6
Tafjord;SN60500;31.08.1999;11,5
Tafjord;SN60500;01.09.1999;14,1
Tafjord;SN60500;02.09.1999;22,1
Tafjord;SN60500;03.09.1999;20,5
Tafjord;SN60500;04.09.1999;15,4
Tafjord;SN60500;05.09.1999;18
Tafjord;SN60500;06.09.1999;20,2
Tafjord;SN60500;07.09.1999;19,1
Tafjord;SN60500;08.09.1999;13,7
Tafjord;SN60500;09.09.1999;17
Tafjord;SN60500;10.09.1999;15,6
Tafjord;SN60500;11.09.1999;19,7
Tafjord;SN60500;12.09.1999;23,6
Tafjord;SN60500;13.09.1999;22,1
Tafjord;SN60500;14.09.1999;18
Tafjord;SN60500;15.09.1999;13,7
Tafjord;SN60500;16.09.1999;12,7
Tafjord;SN60500;17.09.1999;15,4
Tafjord;SN60500;18.09.1999;10,3
Tafjord;SN60500;19.09.1999;15,9
Tafjord;SN60500;20.09.1999;18,7
Tafjord;SN60500;21.09.1999;19,8
Tafjord;SN60500;22.09.1999;15,9
Tafjord;SN60500;23.09.1999;15
Tafjord;SN60500;24.09.1999;15,4
Tafjord;SN60500;25.09.1999;13,3
Tafjord;SN60500;26.09.1999;12,6
Tafjord;SN60500;27.09.1999;11,1
Tafjord;SN60500;28.09.1999;11,2
Tafjord;SN60500;29.09.1999;10,4
Tafjord;SN60500;30.09.1999;7,2
Tafjord;SN60500;01.10.1999;8,6
Tafjord;SN60500;02.10.1999;7,5
Tafjord;SN60500;03.10.1999;8,9
Tafjord;SN60500;04.10.1999;8,5
Tafjord;SN60500;05.10.1999;6,1
Tafjord;SN60500;06.10.1999;5,8
Tafjord;SN60500;07.10.1999;8,9
Tafjord;SN60500;08.10.1999;7,6
Tafjord;SN60500;09.10.1999;5,6
Tafjord;SN60500;10.10.1999;8,1
Tafjord;SN60500;11.10.1999;7
Tafjord;SN60500;12.10.1999;5,5
Tafjord;SN60500;13.10.1999;6,4
Tafjord;SN60500;14.10.1999;6,9
Tafjord;SN60500;15.10.1999;3,5
Tafjord;SN60500;16.10.1999;3,2
Tafjord;SN60500;17.10.1999;6,4
Tafjord;SN60500;18.10.1999;5
Tafjord;SN60500;19.10.1999;1
Tafjord;SN60500;20.10.1999;0,2
Tafjord;SN60500;21.10.1999;2,1
Tafjord;SN60500;22.10.1999;8,2
Tafjord;SN60500;23.10.1999;11,5
Tafjord;SN60500;24.10.1999;10,5
Tafjord;SN60500;25.10.1999;11,7
Tafjord;SN60500;26.10.1999;8
Tafjord;SN60500;27.10.1999;6,6
Tafjord;SN60500;28.10.1999;8,6
Tafjord;SN60500;29.10.1999;7,3
Tafjord;SN60500;30.10.1999;14,2
Tafjord;SN60500;31.10.1999;14,6
Tafjord;SN60500;01.11.1999;16,2
Tafjord;SN60500;02.11.1999;8,1
Tafjord;SN60500;03.11.1999;6,4
Tafjord;SN60500;04.11.1999;15
Tafjord;SN60500;05.11.1999;15,3
Tafjord;SN60500;06.11.1999;10,9
Tafjord;SN60500;07.11.1999;11,9
Tafjord;SN60500;08.11.1999;11,4
Tafjord;SN60500;09.11.1999;6,6
Tafjord;SN60500;10.11.1999;5,6
Tafjord;SN60500;11.11.1999;7,2
Tafjord;SN60500;12.11.1999;8,6
Tafjord;SN60500;13.11.1999;7
Tafjord;SN60500;14.11.1999;3,4
Tafjord;SN60500;15.11.1999;5,5
Tafjord;SN60500;16.11.1999;4,4
Tafjord;SN60500;17.11.1999;1,7
Tafjord;SN60500;18.11.1999;1,2
Tafjord;SN60500;19.11.1999;-2,7
Tafjord;SN60500;20.11.1999;0,9
Tafjord;SN60500;21.11.1999;4,1
Tafjord;SN60500;22.11.1999;5,2
Tafjord;SN60500;23.11.1999;9,9
Tafjord;SN60500;24.11.1999;12,4
Tafjord;SN60500;25.11.1999;5,4
Tafjord;SN60500;26.11.1999;11,1
Tafjord;SN60500;27.11.1999;6,1
Tafjord;SN60500;28.11.1999;6,9
Tafjord;SN60500;29.11.1999;1,4
Tafjord;SN60500;30.11.1999;5,2
Tafjord;SN60500;01.12.1999;1
Tafjord;SN60500;02.12.1999;0,8
Tafjord;SN60500;03.12.1999;-2,5
Tafjord;SN60500;04.12.1999;-7,6
Tafjord;SN60500;05.12.1999;-1,7
Tafjord;SN60500;06.12.1999;1,8
Tafjord;SN60500;07.12.1999;1,6
Tafjord;SN60500;08.12.1999;-3,2
Tafjord;SN60500;09.12.1999;0
Tafjord;SN60500;10.12.1999;-7,7
Tafjord;SN60500;11.12.1999;-5,2
Tafjord;SN60500;12.12.1999;-4,7
Tafjord;SN60500;13.12.1999;-8,6
Tafjord;SN60500;14.12.1999;-7,3
Tafjord;SN60500;15.12.1999;-7,7
Tafjord;SN60500;16.12.1999;-1,8
Tafjord;SN60500;17.12.1999;-0,6
Tafjord;SN60500;18.12.1999;-2,4
Tafjord;SN60500;19.12.1999;-0,8
Tafjord;SN60500;20.12.1999;-0,1
Tafjord;SN60500;21.12.1999;-3,4
Tafjord;SN60500;22.12.1999;6,4
Tafjord;SN60500;23.12.1999;4,8
Tafjord;SN60500;24.12.1999;8,5
Tafjord;SN60500;25.12.1999;7,8
Tafjord;SN60500;26.12.1999;4,1
Tafjord;SN60500;27.12.1999;4,4
Tafjord;SN60500;28.12.1999;2,6
Tafjord;SN60500;29.12.1999;-2,6
Tafjord;SN60500;30.12.1999;-2,8
Tafjord;SN60500;31.12.1999;0,1
Tafjord;SN60500;01.01.2000;6,3
Tafjord;SN60500;02.01.2000;3,7
Tafjord;SN60500;03.01.2000;6,3
Tafjord;SN60500;04.01.2000;2,3
Tafjord;SN60500;05.01.2000;5,7
Tafjord;SN60500;06.01.2000;7,4
Tafjord;SN60500;07.01.2000;7,4
Tafjord;SN60500;08.01.2000;6,7
Tafjord;SN60500;09.01.2000;1,7
Tafjord;SN60500;10.01.2000;5,8
Tafjord;SN60500;11.01.2000;3,7
Tafjord;SN60500;12.01.2000;2,7
Tafjord;SN60500;13.01.2000;0,3
Tafjord;SN60500;14.01.2000;-0,3
Tafjord;SN60500;15.01.2000;0,9
Tafjord;SN60500;16.01.2000;4,4
Tafjord;SN60500;17.01.2000;6,5
Tafjord;SN60500;18.01.2000;0,8
Tafjord;SN60500;19.01.2000;2,2
Tafjord;SN60500;20.01.2000;2,6
Tafjord;SN60500;21.01.2000;-2,9
Tafjord;SN60500;22.01.2000;-1,7
Tafjord;SN60500;23.01.2000;-4,8
Tafjord;SN60500;24.01.2000;-0,5
Tafjord;SN60500;25.01.2000;0,4
Tafjord;SN60500;26.01.2000;1,3
Tafjord;SN60500;27.01.2000;0,8
Tafjord;SN60500;28.01.2000;-1,6
Tafjord;SN60500;29.01.2000;4,6
Tafjord;SN60500;30.01.2000;-2,7
Tafjord;SN60500;31.01.2000;-0,6
Tafjord;SN60500;01.02.2000;-1
Tafjord;SN60500;02.02.2000;0
Tafjord;SN60500;03.02.2000;-1,8
Tafjord;SN60500;04.02.2000;2,9
Tafjord;SN60500;05.02.2000;2
Tafjord;SN60500;06.02.2000;2,9
Tafjord;SN60500;07.02.2000;6,4
Tafjord;SN60500;08.02.2000;1,3
Tafjord;SN60500;09.02.2000;-0,8
Tafjord;SN60500;10.02.2000;8,1
Tafjord;SN60500;11.02.2000;1,1
Tafjord;SN60500;12.02.2000;5,3
Tafjord;SN60500;13.02.2000;0,9
Tafjord;SN60500;14.02.2000;-1,3
Tafjord;SN60500;15.02.2000;1,7
Tafjord;SN60500;16.02.2000;-0,7
Tafjord;SN60500;17.02.2000;-5,2
Tafjord;SN60500;18.02.2000;-0,9
Tafjord;SN60500;19.02.2000;-3,5
Tafjord;SN60500;20.02.2000;-2,7
Tafjord;SN60500;21.02.2000;-0,9
Tafjord;SN60500;22.02.2000;0,3
Tafjord;SN60500;23.02.2000;3,2
Tafjord;SN60500;24.02.2000;4,7
Tafjord;SN60500;25.02.2000;2,3
Tafjord;SN60500;26.02.2000;2,6
Tafjord;SN60500;27.02.2000;7,4
Tafjord;SN60500;28.02.2000;4,8
Tafjord;SN60500;29.02.2000;5,3
Tafjord;SN60500;01.03.2000;1,5
Tafjord;SN60500;02.03.2000;0
Tafjord;SN60500;03.03.2000;-0,4
Tafjord;SN60500;04.03.2000;-2
Tafjord;SN60500;05.03.2000;1,3
Tafjord;SN60500;06.03.2000;3,2
Tafjord;SN60500;07.03.2000;1,6
Tafjord;SN60500;08.03.2000;0,5
Tafjord;SN60500;09.03.2000;-1,1
Tafjord;SN60500;10.03.2000;-1,8
Tafjord;SN60500;11.03.2000;0,5
Tafjord;SN60500;12.03.2000;1,1
Tafjord;SN60500;13.03.2000;3,6
Tafjord;SN60500;14.03.2000;0
Tafjord;SN60500;15.03.2000;-0,5
Tafjord;SN60500;16.03.2000;-0,5
Tafjord;SN60500;17.03.2000;2,2
Tafjord;SN60500;18.03.2000;3,6
Tafjord;SN60500;19.03.2000;4,6
Tafjord;SN60500;20.03.2000;3,9
Tafjord;SN60500;21.03.2000;1,5
Tafjord;SN60500;22.03.2000;0,9
Tafjord;SN60500;23.03.2000;-0,9
Tafjord;SN60500;24.03.2000;0,2
Tafjord;SN60500;25.03.2000;3,3
Tafjord;SN60500;26.03.2000;3,2
Tafjord;SN60500;27.03.2000;1,9
Tafjord;SN60500;28.03.2000;3,3
Tafjord;SN60500;29.03.2000;4,5
Tafjord;SN60500;30.03.2000;5
Tafjord;SN60500;31.03.2000;4
Tafjord;SN60500;01.04.2000;2,4
Tafjord;SN60500;02.04.2000;0,5
Tafjord;SN60500;03.04.2000;-0,2
Tafjord;SN60500;04.04.2000;-0,3
Tafjord;SN60500;05.04.2000;-0,9
Tafjord;SN60500;06.04.2000;0,7
Tafjord;SN60500;07.04.2000;4,3
Tafjord;SN60500;08.04.2000;8,7
Tafjord;SN60500;09.04.2000;5,7
Tafjord;SN60500;10.04.2000;6,8
Tafjord;SN60500;11.04.2000;4,9
Tafjord;SN60500;12.04.2000;5,2
Tafjord;SN60500;13.04.2000;4,5
Tafjord;SN60500;14.04.2000;3
Tafjord;SN60500;15.04.2000;2,8
Tafjord;SN60500;16.04.2000;5,4
Tafjord;SN60500;17.04.2000;5,5
Tafjord;SN60500;18.04.2000;8,6
Tafjord;SN60500;19.04.2000;9,8
Tafjord;SN60500;20.04.2000;12,8
Tafjord;SN60500;21.04.2000;12,2
Tafjord;SN60500;22.04.2000;9,7
Tafjord;SN60500;23.04.2000;12,9
Tafjord;SN60500;24.04.2000;7,8
Tafjord;SN60500;25.04.2000;6,6
Tafjord;SN60500;26.04.2000;6,9
Tafjord;SN60500;27.04.2000;9
Tafjord;SN60500;28.04.2000;13,6
Tafjord;SN60500;29.04.2000;16,3
Tafjord;SN60500;30.04.2000;16,4
Tafjord;SN60500;01.05.2000;12,5
Tafjord;SN60500;02.05.2000;10,9
Tafjord;SN60500;03.05.2000;8,9
Tafjord;SN60500;04.05.2000;7,3
Tafjord;SN60500;05.05.2000;8,4
Tafjord;SN60500;06.05.2000;10
Tafjord;SN60500;07.05.2000;9,8
Tafjord;SN60500;08.05.2000;10,8
Tafjord;SN60500;09.05.2000;13,4
Tafjord;SN60500;10.05.2000;9,8
Tafjord;SN60500;11.05.2000;8,2
Tafjord;SN60500;12.05.2000;7,2
Tafjord;SN60500;13.05.2000;10
Tafjord;SN60500;14.05.2000;10,3
Tafjord;SN60500;15.05.2000;11,6
Tafjord;SN60500;16.05.2000;14,5
Tafjord;SN60500;17.05.2000;16,5
Tafjord;SN60500;18.05.2000;13,7
Tafjord;SN60500;19.05.2000;12
Tafjord;SN60500;20.05.2000;9,9
Tafjord;SN60500;21.05.2000;9,4
Tafjord;SN60500;22.05.2000;9,5
Tafjord;SN60500;23.05.2000;9,8
Tafjord;SN60500;24.05.2000;10,8
Tafjord;SN60500;25.05.2000;9,9
Tafjord;SN60500;26.05.2000;8,3
Tafjord;SN60500;27.05.2000;10,1
Tafjord;SN60500;28.05.2000;12,2
Tafjord;SN60500;29.05.2000;9,3
Tafjord;SN60500;30.05.2000;7,8
Tafjord;SN60500;31.05.2000;6,3
Tafjord;SN60500;01.06.2000;8,5
Tafjord;SN60500;02.06.2000;11,8
Tafjord;SN60500;03.06.2000;6,1
Tafjord;SN60500;04.06.2000;6,5
Tafjord;SN60500;05.06.2000;7,4
Tafjord;SN60500;06.06.2000;9
Tafjord;SN60500;07.06.2000;10,5
Tafjord;SN60500;08.06.2000;10,2
Tafjord;SN60500;09.06.2000;11,8
Tafjord;SN60500;10.06.2000;14,2
Tafjord;SN60500;11.06.2000;12,5
Tafjord;SN60500;12.06.2000;12,6
Tafjord;SN60500;13.06.2000;11,3
Tafjord;SN60500;14.06.2000;9
Tafjord;SN60500;15.06.2000;8,1
Tafjord;SN60500;16.06.2000;6,9
Tafjord;SN60500;17.06.2000;9,2
Tafjord;SN60500;18.06.2000;11,4
Tafjord;SN60500;19.06.2000;12,9
Tafjord;SN60500;20.06.2000;11,9
Tafjord;SN60500;21.06.2000;13,8
Tafjord;SN60500;22.06.2000;14,8
Tafjord;SN60500;23.06.2000;13,9
Tafjord;SN60500;24.06.2000;12,6
Tafjord;SN60500;25.06.2000;11
Tafjord;SN60500;26.06.2000;10,5
Tafjord;SN60500;27.06.2000;9
Tafjord;SN60500;28.06.2000;8,5
Tafjord;SN60500;29.06.2000;11,3
Tafjord;SN60500;30.06.2000;14,5
Tafjord;SN60500;01.07.2000;17,7
Tafjord;SN60500;02.07.2000;14,3
Tafjord;SN60500;03.07.2000;12,9
Tafjord;SN60500;04.07.2000;13
Tafjord;SN60500;05.07.2000;13,5
Tafjord;SN60500;06.07.2000;11
Tafjord;SN60500;07.07.2000;10,1
Tafjord;SN60500;08.07.2000;9,6
Tafjord;SN60500;09.07.2000;11,2
Tafjord;SN60500;10.07.2000;11,6
Tafjord;SN60500;11.07.2000;12,9
Tafjord;SN60500;12.07.2000;11,1
Tafjord;SN60500;13.07.2000;12,5
Tafjord;SN60500;14.07.2000;10,8
Tafjord;SN60500;15.07.2000;11
Tafjord;SN60500;16.07.2000;13,7
Tafjord;SN60500;17.07.2000;14
Tafjord;SN60500;18.07.2000;14,3
Tafjord;SN60500;19.07.2000;12,6
Tafjord;SN60500;20.07.2000;12,9
Tafjord;SN60500;21.07.2000;12,4
Tafjord;SN60500;22.07.2000;14,5
Tafjord;SN60500;23.07.2000;14,4
Tafjord;SN60500;24.07.2000;15,9
Tafjord;SN60500;25.07.2000;18,5
Tafjord;SN60500;26.07.2000;20,2
Tafjord;SN60500;27.07.2000;18,7
Tafjord;SN60500;28.07.2000;16,2
Tafjord;SN60500;29.07.2000;15
Tafjord;SN60500;30.07.2000;14,8
Tafjord;SN60500;31.07.2000;14,6
Tafjord;SN60500;01.08.2000;15,3
Tafjord;SN60500;02.08.2000;14,2
Tafjord;SN60500;03.08.2000;15,1
Tafjord;SN60500;04.08.2000;15,1
Tafjord;SN60500;05.08.2000;15,4
Tafjord;SN60500;06.08.2000;13,3
Tafjord;SN60500;07.08.2000;9,7
Tafjord;SN60500;08.08.2000;10,4
Tafjord;SN60500;09.08.2000;10,4
Tafjord;SN60500;10.08.2000;10,8
Tafjord;SN60500;11.08.2000;11,7
Tafjord;SN60500;12.08.2000;11,4
Tafjord;SN60500;13.08.2000;13
Tafjord;SN60500;14.08.2000;15,6
Tafjord;SN60500;15.08.2000;16,5
Tafjord;SN60500;16.08.2000;13,2
Tafjord;SN60500;17.08.2000;11,7
Tafjord;SN60500;18.08.2000;12,3
Tafjord;SN60500;19.08.2000;12,3
Tafjord;SN60500;20.08.2000;10,8
Tafjord;SN60500;21.08.2000;12,2
Tafjord;SN60500;22.08.2000;11,8
Tafjord;SN60500;23.08.2000;10,7
Tafjord;SN60500;24.08.2000;10,9
Tafjord;SN60500;25.08.2000;11,7
Tafjord;SN60500;26.08.2000;12,7
Tafjord;SN60500;27.08.2000;18,9
Tafjord;SN60500;28.08.2000;16
Tafjord;SN60500;29.08.2000;12,4
Tafjord;SN60500;30.08.2000;12,8
Tafjord;SN60500;31.08.2000;12
Tafjord;SN60500;01.09.2000;12,6
Tafjord;SN60500;02.09.2000;11,7
Tafjord;SN60500;03.09.2000;9,8
Tafjord;SN60500;04.09.2000;10,1
Tafjord;SN60500;05.09.2000;11,1
Tafjord;SN60500;06.09.2000;12,3
Tafjord;SN60500;07.09.2000;13,9
Tafjord;SN60500;08.09.2000;12,6
Tafjord;SN60500;09.09.2000;10,2
Tafjord;SN60500;10.09.2000;9,8
Tafjord;SN60500;11.09.2000;8,4
Tafjord;SN60500;12.09.2000;6,1
Tafjord;SN60500;13.09.2000;7,3
Tafjord;SN60500;14.09.2000;11,5
Tafjord;SN60500;15.09.2000;14,8
Tafjord;SN60500;16.09.2000;17
Tafjord;SN60500;17.09.2000;14,6
Tafjord;SN60500;18.09.2000;16,3
Tafjord;SN60500;19.09.2000;17,5
Tafjord;SN60500;20.09.2000;16,2
Tafjord;SN60500;21.09.2000;16,1
Tafjord;SN60500;22.09.2000;18
Tafjord;SN60500;23.09.2000;17,1
Tafjord;SN60500;24.09.2000;14,4
Tafjord;SN60500;25.09.2000;9,8
Tafjord;SN60500;26.09.2000;10,3
Tafjord;SN60500;27.09.2000;13,6
Tafjord;SN60500;28.09.2000;17,7
Tafjord;SN60500;29.09.2000;10,9
Tafjord;SN60500;30.09.2000;15,6
Tafjord;SN60500;01.10.2000;18,7
Tafjord;SN60500;02.10.2000;14
Tafjord;SN60500;03.10.2000;12,1
Tafjord;SN60500;04.10.2000;18,7
Tafjord;SN60500;05.10.2000;11,6
Tafjord;SN60500;06.10.2000;10,7
Tafjord;SN60500;07.10.2000;10,8
Tafjord;SN60500;08.10.2000;14,7
Tafjord;SN60500;09.10.2000;12,1
Tafjord;SN60500;10.10.2000;13,8
Tafjord;SN60500;11.10.2000;13,8
Tafjord;SN60500;12.10.2000;13,5
Tafjord;SN60500;13.10.2000;9,6
Tafjord;SN60500;14.10.2000;14,3
Tafjord;SN60500;15.10.2000;13,5
Tafjord;SN60500;16.10.2000;17
Tafjord;SN60500;17.10.2000;16,1
Tafjord;SN60500;18.10.2000;14,4
Tafjord;SN60500;19.10.2000;14,8
Tafjord;SN60500;20.10.2000;12,1
Tafjord;SN60500;21.10.2000;13,5
Tafjord;SN60500;22.10.2000;7,8
Tafjord;SN60500;23.10.2000;12
Tafjord;SN60500;24.10.2000;9,3
Tafjord;SN60500;25.10.2000;5,4
Tafjord;SN60500;26.10.2000;2,9
Tafjord;SN60500;27.10.2000;5,5
Tafjord;SN60500;28.10.2000;7,9
Tafjord;SN60500;29.10.2000;10,3
Tafjord;SN60500;30.10.2000;10,1
Tafjord;SN60500;31.10.2000;11,6
Tafjord;SN60500;01.11.2000;11,2
Tafjord;SN60500;02.11.2000;9
Tafjord;SN60500;03.11.2000;10,6
Tafjord;SN60500;04.11.2000;11,1
Tafjord;SN60500;05.11.2000;8
Tafjord;SN60500;06.11.2000;4,2
Tafjord;SN60500;07.11.2000;7,8
Tafjord;SN60500;08.11.2000;10,6
Tafjord;SN60500;09.11.2000;8,4
Tafjord;SN60500;10.11.2000;8
Tafjord;SN60500;11.11.2000;6,3
Tafjord;SN60500;12.11.2000;11,7
Tafjord;SN60500;13.11.2000;9
Tafjord;SN60500;14.11.2000;6,7
Tafjord;SN60500;15.11.2000;4,3
Tafjord;SN60500;16.11.2000;6,9
Tafjord;SN60500;17.11.2000;10,5
Tafjord;SN60500;18.11.2000;7,9
Tafjord;SN60500;19.11.2000;5,7
Tafjord;SN60500;20.11.2000;10,9
Tafjord;SN60500;21.11.2000;10,1
Tafjord;SN60500;22.11.2000;7,8
Tafjord;SN60500;23.11.2000;10,6
Tafjord;SN60500;24.11.2000;10,5
Tafjord;SN60500;25.11.2000;9,6
Tafjord;SN60500;26.11.2000;9,5
Tafjord;SN60500;27.11.2000;10,6
Tafjord;SN60500;28.11.2000;6,5
Tafjord;SN60500;29.11.2000;8,2
Tafjord;SN60500;30.11.2000;11,9
Tafjord;SN60500;01.12.2000;11,1
Tafjord;SN60500;02.12.2000;12,9
Tafjord;SN60500;03.12.2000;12,8
Tafjord;SN60500;04.12.2000;11,1
Tafjord;SN60500;05.12.2000;14,5
Tafjord;SN60500;06.12.2000;15
Tafjord;SN60500;07.12.2000;9,1
Tafjord;SN60500;08.12.2000;6,4
Tafjord;SN60500;09.12.2000;9,1
Tafjord;SN60500;10.12.2000;9,8
Tafjord;SN60500;11.12.2000;9,9
Tafjord;SN60500;12.12.2000;8,6
Tafjord;SN60500;13.12.2000;11,1
Tafjord;SN60500;14.12.2000;7,8
Tafjord;SN60500;15.12.2000;2,1
Tafjord;SN60500;16.12.2000;0,9
Tafjord;SN60500;17.12.2000;-2,9
Tafjord;SN60500;18.12.2000;-2
Tafjord;SN60500;19.12.2000;-6
Tafjord;SN60500;20.12.2000;-4,7
Tafjord;SN60500;21.12.2000;3,6
Tafjord;SN60500;22.12.2000;1,5
Tafjord;SN60500;23.12.2000;-0,2
Tafjord;SN60500;24.12.2000;-0,8
Tafjord;SN60500;25.12.2000;-0,3
Tafjord;SN60500;26.12.2000;-2,3
Tafjord;SN60500;27.12.2000;-2,8
Tafjord;SN60500;28.12.2000;-6
Tafjord;SN60500;29.12.2000;-9,4
Tafjord;SN60500;30.12.2000;-11,9
Tafjord;SN60500;31.12.2000;-0,7
Tafjord;SN60500;01.01.2001;4,4
Tafjord;SN60500;02.01.2001;1,2
Tafjord;SN60500;03.01.2001;6,1
Tafjord;SN60500;04.01.2001;6,6
Tafjord;SN60500;05.01.2001;7,7
Tafjord;SN60500;06.01.2001;6,6
Tafjord;SN60500;07.01.2001;6
Tafjord;SN60500;08.01.2001;2,2
Tafjord;SN60500;09.01.2001;-0,2
Tafjord;SN60500;10.01.2001;0,6
Tafjord;SN60500;11.01.2001;1,7
Tafjord;SN60500;12.01.2001;1,8
Tafjord;SN60500;13.01.2001;-2,9
Tafjord;SN60500;14.01.2001;-4,1
Tafjord;SN60500;15.01.2001;-2,8
Tafjord;SN60500;16.01.2001;-3
Tafjord;SN60500;17.01.2001;-4,6
Tafjord;SN60500;18.01.2001;-6,8
Tafjord;SN60500;19.01.2001;-4,5
Tafjord;SN60500;20.01.2001;-3,9
Tafjord;SN60500;21.01.2001;1
Tafjord;SN60500;22.01.2001;1,9
Tafjord;SN60500;23.01.2001;2,4
Tafjord;SN60500;24.01.2001;6,4
Tafjord;SN60500;25.01.2001;6,5
Tafjord;SN60500;26.01.2001;7,4
Tafjord;SN60500;27.01.2001;5,3
Tafjord;SN60500;28.01.2001;2,9
Tafjord;SN60500;29.01.2001;1,1
Tafjord;SN60500;30.01.2001;0,8
Tafjord;SN60500;31.01.2001;0,1
Tafjord;SN60500;01.02.2001;-4
Tafjord;SN60500;02.02.2001;-8
Tafjord;SN60500;03.02.2001;-12,3
Tafjord;SN60500;04.02.2001;-13,5
Tafjord;SN60500;05.02.2001;-11,9
Tafjord;SN60500;06.02.2001;-9,6
Tafjord;SN60500;07.02.2001;-0,5
Tafjord;SN60500;08.02.2001;-3,1
Tafjord;SN60500;09.02.2001;-2,5
Tafjord;SN60500;10.02.2001;1,6
Tafjord;SN60500;11.02.2001;3,4
Tafjord;SN60500;12.02.2001;5,1
Tafjord;SN60500;13.02.2001;3,3
Tafjord;SN60500;14.02.2001;4,8
Tafjord;SN60500;15.02.2001;5,2
Tafjord;SN60500;16.02.2001;1,3
Tafjord;SN60500;17.02.2001;4,6
Tafjord;SN60500;18.02.2001;4,6
Tafjord;SN60500;19.02.2001;4,2
Tafjord;SN60500;20.02.2001;3,3
Tafjord;SN60500;21.02.2001;0,9
Tafjord;SN60500;22.02.2001;-1,9
Tafjord;SN60500;23.02.2001;-4,6
Tafjord;SN60500;24.02.2001;-1
Tafjord;SN60500;25.02.2001;-3,8
Tafjord;SN60500;26.02.2001;-8
Tafjord;SN60500;27.02.2001;-10,4
Tafjord;SN60500;28.02.2001;-9,4
Tafjord;SN60500;01.03.2001;-10,1
Tafjord;SN60500;02.03.2001;-7,6
Tafjord;SN60500;03.03.2001;-4,3
Tafjord;SN60500;04.03.2001;2,6
Tafjord;SN60500;05.03.2001;3,6
Tafjord;SN60500;06.03.2001;4,8
Tafjord;SN60500;07.03.2001;6,1
Tafjord;SN60500;08.03.2001;7,6
Tafjord;SN60500;09.03.2001;7,1
Tafjord;SN60500;10.03.2001;5,8
Tafjord;SN60500;11.03.2001;6,2
Tafjord;SN60500;12.03.2001;4,1
Tafjord;SN60500;13.03.2001;1,7
Tafjord;SN60500;14.03.2001;2,2
Tafjord;SN60500;15.03.2001;0,4
Tafjord;SN60500;16.03.2001;-0,1
Tafjord;SN60500;17.03.2001;0,3
Tafjord;SN60500;18.03.2001;-1,7
Tafjord;SN60500;19.03.2001;-2,8
Tafjord;SN60500;20.03.2001;-0,6
Tafjord;SN60500;21.03.2001;0,5
Tafjord;SN60500;22.03.2001;-0,8
Tafjord;SN60500;23.03.2001;-1,1
Tafjord;SN60500;24.03.2001;-1,2
Tafjord;SN60500;25.03.2001;1
Tafjord;SN60500;26.03.2001;-0,8
Tafjord;SN60500;27.03.2001;0,8
Tafjord;SN60500;28.03.2001;1,5
Tafjord;SN60500;29.03.2001;4,2
Tafjord;SN60500;30.03.2001;3,7
Tafjord;SN60500;31.03.2001;6,3
Tafjord;SN60500;01.04.2001;5,9
Tafjord;SN60500;02.04.2001;6,4
Tafjord;SN60500;03.04.2001;10,1
Tafjord;SN60500;04.04.2001;8,5
Tafjord;SN60500;05.04.2001;5
Tafjord;SN60500;06.04.2001;6,6
Tafjord;SN60500;07.04.2001;5,4
Tafjord;SN60500;08.04.2001;6,8
Tafjord;SN60500;09.04.2001;3,8
Tafjord;SN60500;10.04.2001;5,4
Tafjord;SN60500;11.04.2001;2,8
Tafjord;SN60500;12.04.2001;0,5
Tafjord;SN60500;13.04.2001;1
Tafjord;SN60500;14.04.2001;4
Tafjord;SN60500;15.04.2001;6,3
Tafjord;SN60500;16.04.2001;4,8
Tafjord;SN60500;17.04.2001;1,7
Tafjord;SN60500;18.04.2001;2,3
Tafjord;SN60500;19.04.2001;0,6
Tafjord;SN60500;20.04.2001;3,6
Tafjord;SN60500;21.04.2001;6,8
Tafjord;SN60500;22.04.2001;7,4
Tafjord;SN60500;23.04.2001;7,7
Tafjord;SN60500;24.04.2001;7,6
Tafjord;SN60500;25.04.2001;9,9
Tafjord;SN60500;26.04.2001;9,2
Tafjord;SN60500;27.04.2001;10,2
Tafjord;SN60500;28.04.2001;8,8
Tafjord;SN60500;29.04.2001;8,9
Tafjord;SN60500;30.04.2001;9,3
Tafjord;SN60500;01.05.2001;7,7
Tafjord;SN60500;02.05.2001;11,2
Tafjord;SN60500;03.05.2001;7,1
Tafjord;SN60500;04.05.2001;5,7
Tafjord;SN60500;05.05.2001;6,5
Tafjord;SN60500;06.05.2001;6,7
Tafjord;SN60500;07.05.2001;8,4
Tafjord;SN60500;08.05.2001;9,5
Tafjord;SN60500;09.05.2001;11,5
Tafjord;SN60500;10.05.2001;10,8
Tafjord;SN60500;11.05.2001;11
Tafjord;SN60500;12.05.2001;11,5
Tafjord;SN60500;13.05.2001;9,2
Tafjord;SN60500;14.05.2001;9,8
Tafjord;SN60500;15.05.2001;8,2
Tafjord;SN60500;16.05.2001;14
Tafjord;SN60500;17.05.2001;12,1
Tafjord;SN60500;18.05.2001;10,7
Tafjord;SN60500;19.05.2001;8,1
Tafjord;SN60500;20.05.2001;6,5
Tafjord;SN60500;21.05.2001;8,6
Tafjord;SN60500;22.05.2001;10,3
Tafjord;SN60500;23.05.2001;9,5
Tafjord;SN60500;24.05.2001;7,1
Tafjord;SN60500;25.05.2001;8,2
Tafjord;SN60500;26.05.2001;10,2
Tafjord;SN60500;27.05.2001;10,1
Tafjord;SN60500;28.05.2001;10,3
Tafjord;SN60500;29.05.2001;10,8
Tafjord;SN60500;30.05.2001;10,6
Tafjord;SN60500;31.05.2001;11
Tafjord;SN60500;01.06.2001;10,7
Tafjord;SN60500;02.06.2001;7,5
Tafjord;SN60500;03.06.2001;8,5
Tafjord;SN60500;04.06.2001;9,1
Tafjord;SN60500;05.06.2001;13,4
Tafjord;SN60500;06.06.2001;11,8
Tafjord;SN60500;07.06.2001;10,3
Tafjord;SN60500;08.06.2001;8,9
Tafjord;SN60500;09.06.2001;9,1
Tafjord;SN60500;10.06.2001;9,3
Tafjord;SN60500;11.06.2001;9,4
Tafjord;SN60500;12.06.2001;8,7
Tafjord;SN60500;13.06.2001;9,9
Tafjord;SN60500;14.06.2001;9,7
Tafjord;SN60500;15.06.2001;10,6
Tafjord;SN60500;16.06.2001;10,7
Tafjord;SN60500;17.06.2001;13
Tafjord;SN60500;18.06.2001;11,5
Tafjord;SN60500;19.06.2001;12,9
Tafjord;SN60500;20.06.2001;18,6
Tafjord;SN60500;21.06.2001;14,3
Tafjord;SN60500;22.06.2001;14,8
Tafjord;SN60500;23.06.2001;16,5
Tafjord;SN60500;24.06.2001;18,2
Tafjord;SN60500;25.06.2001;14
Tafjord;SN60500;26.06.2001;14
Tafjord;SN60500;27.06.2001;14,6
Tafjord;SN60500;28.06.2001;19,4
Tafjord;SN60500;29.06.2001;14,8
Tafjord;SN60500;30.06.2001;18
Tafjord;SN60500;01.07.2001;14,3
Tafjord;SN60500;02.07.2001;11,9
Tafjord;SN60500;03.07.2001;15
Tafjord;SN60500;04.07.2001;17,9
Tafjord;SN60500;05.07.2001;16,4
Tafjord;SN60500;06.07.2001;17,2
Tafjord;SN60500;07.07.2001;17,1
Tafjord;SN60500;08.07.2001;17,5
Tafjord;SN60500;09.07.2001;18,5
Tafjord;SN60500;10.07.2001;15,1
Tafjord;SN60500;11.07.2001;15,1
Tafjord;SN60500;12.07.2001;14,4
Tafjord;SN60500;13.07.2001;13,2
Tafjord;SN60500;14.07.2001;12,6
Tafjord;SN60500;15.07.2001;12,5
Tafjord;SN60500;16.07.2001;12,7
Tafjord;SN60500;17.07.2001;13,4
Tafjord;SN60500;18.07.2001;14,2
Tafjord;SN60500;19.07.2001;14,5
Tafjord;SN60500;20.07.2001;14,3
Tafjord;SN60500;21.07.2001;13,2
Tafjord;SN60500;22.07.2001;15
Tafjord;SN60500;23.07.2001;16,1
Tafjord;SN60500;24.07.2001;16,6
Tafjord;SN60500;25.07.2001;15
Tafjord;SN60500;26.07.2001;14,4
Tafjord;SN60500;27.07.2001;15
Tafjord;SN60500;28.07.2001;16,3
Tafjord;SN60500;29.07.2001;17,8
Tafjord;SN60500;30.07.2001;12
Tafjord;SN60500;31.07.2001;11,4
Tafjord;SN60500;01.08.2001;10,9
Tafjord;SN60500;02.08.2001;11,7
Tafjord;SN60500;03.08.2001;14,7
Tafjord;SN60500;04.08.2001;15,1
Tafjord;SN60500;05.08.2001;12,7
Tafjord;SN60500;06.08.2001;12,3
Tafjord;SN60500;07.08.2001;11,8
Tafjord;SN60500;08.08.2001;12,7
Tafjord;SN60500;09.08.2001;14,2
Tafjord;SN60500;10.08.2001;12,6
Tafjord;SN60500;11.08.2001;12,2
Tafjord;SN60500;12.08.2001;13,8
Tafjord;SN60500;13.08.2001;13,3
Tafjord;SN60500;14.08.2001;14,9
Tafjord;SN60500;15.08.2001;14,7
Tafjord;SN60500;16.08.2001;16,3
Tafjord;SN60500;17.08.2001;14,8
Tafjord;SN60500;18.08.2001;12,9
Tafjord;SN60500;19.08.2001;12,6
Tafjord;SN60500;20.08.2001;19,4
Tafjord;SN60500;21.08.2001;14
Tafjord;SN60500;22.08.2001;15,1
Tafjord;SN60500;23.08.2001;15
Tafjord;SN60500;24.08.2001;15,4
Tafjord;SN60500;25.08.2001;15,4
Tafjord;SN60500;26.08.2001;14
Tafjord;SN60500;27.08.2001;11,5
Tafjord;SN60500;28.08.2001;11,2
Tafjord;SN60500;29.08.2001;10,1
Tafjord;SN60500;30.08.2001;12,2
Tafjord;SN60500;31.08.2001;13,1
Tafjord;SN60500;01.09.2001;11,8
Tafjord;SN60500;02.09.2001;9,5
Tafjord;SN60500;03.09.2001;12,3
Tafjord;SN60500;04.09.2001;13,1
Tafjord;SN60500;05.09.2001;11,3
Tafjord;SN60500;06.09.2001;11,1
Tafjord;SN60500;07.09.2001;9,8
Tafjord;SN60500;08.09.2001;10,5
Tafjord;SN60500;09.09.2001;10,6
Tafjord;SN60500;10.09.2001;11,9
Tafjord;SN60500;11.09.2001;11
Tafjord;SN60500;12.09.2001;11,9
Tafjord;SN60500;13.09.2001;12,4
Tafjord;SN60500;14.09.2001;11,7
Tafjord;SN60500;15.09.2001;9,9
Tafjord;SN60500;16.09.2001;10,3
Tafjord;SN60500;17.09.2001;9,3
Tafjord;SN60500;18.09.2001;12,5
Tafjord;SN60500;19.09.2001;17,7
Tafjord;SN60500;20.09.2001;17,3
Tafjord;SN60500;21.09.2001;13,2
Tafjord;SN60500;22.09.2001;11,2
Tafjord;SN60500;23.09.2001;9,6
Tafjord;SN60500;24.09.2001;10,8
Tafjord;SN60500;25.09.2001;11
Tafjord;SN60500;26.09.2001;10,3
Tafjord;SN60500;27.09.2001;8,9
Tafjord;SN60500;28.09.2001;6,1
Tafjord;SN60500;29.09.2001;4,5
Tafjord;SN60500;30.09.2001;11,2
Tafjord;SN60500;01.10.2001;14,9
Tafjord;SN60500;02.10.2001;12,7
Tafjord;SN60500;03.10.2001;13,3
Tafjord;SN60500;04.10.2001;10,2
Tafjord;SN60500;05.10.2001;10,1
Tafjord;SN60500;06.10.2001;15,1
Tafjord;SN60500;07.10.2001;15
Tafjord;SN60500;08.10.2001;12,5
Tafjord;SN60500;09.10.2001;8,5
Tafjord;SN60500;10.10.2001;11,6
Tafjord;SN60500;11.10.2001;8
Tafjord;SN60500;12.10.2001;12,2
Tafjord;SN60500;13.10.2001;9,9
Tafjord;SN60500;14.10.2001;8,9
Tafjord;SN60500;15.10.2001;15,2
Tafjord;SN60500;16.10.2001;15,6
Tafjord;SN60500;17.10.2001;6,8
Tafjord;SN60500;18.10.2001;4
Tafjord;SN60500;19.10.2001;2
Tafjord;SN60500;20.10.2001;2,7
Tafjord;SN60500;21.10.2001;3,2
Tafjord;SN60500;22.10.2001;0,8
Tafjord;SN60500;23.10.2001;7,3
Tafjord;SN60500;24.10.2001;10
Tafjord;SN60500;25.10.2001;12,8
Tafjord;SN60500;26.10.2001;13,1
Tafjord;SN60500;27.10.2001;8
Tafjord;SN60500;28.10.2001;7,5
Tafjord;SN60500;29.10.2001;7
Tafjord;SN60500;30.10.2001;6,1
Tafjord;SN60500;31.10.2001;5,4
Tafjord;SN60500;01.11.2001;3,9
Tafjord;SN60500;02.11.2001;8,4
Tafjord;SN60500;03.11.2001;6,2
Tafjord;SN60500;04.11.2001;3,3
Tafjord;SN60500;05.11.2001;0,9
Tafjord;SN60500;06.11.2001;0,6
Tafjord;SN60500;07.11.2001;2,6
Tafjord;SN60500;08.11.2001;-2,7
Tafjord;SN60500;09.11.2001;-0,5
Tafjord;SN60500;10.11.2001;3,9
Tafjord;SN60500;11.11.2001;2,3
Tafjord;SN60500;12.11.2001;0,8
Tafjord;SN60500;13.11.2001;0,8
Tafjord;SN60500;14.11.2001;0
Tafjord;SN60500;15.11.2001;4,4
Tafjord;SN60500;16.11.2001;2,8
Tafjord;SN60500;17.11.2001;4
Tafjord;SN60500;18.11.2001;4,3
Tafjord;SN60500;19.11.2001;2,5
Tafjord;SN60500;20.11.2001;6,4
Tafjord;SN60500;21.11.2001;5,8
Tafjord;SN60500;22.11.2001;0,2
Tafjord;SN60500;23.11.2001;-2,5
Tafjord;SN60500;24.11.2001;1,2
Tafjord;SN60500;25.11.2001;11,8
Tafjord;SN60500;26.11.2001;2,8
Tafjord;SN60500;27.11.2001;5
Tafjord;SN60500;28.11.2001;6,2
Tafjord;SN60500;29.11.2001;7,5
Tafjord;SN60500;30.11.2001;9,3
Tafjord;SN60500;01.12.2001;10,8
Tafjord;SN60500;02.12.2001;4,9
Tafjord;SN60500;03.12.2001;5,4
Tafjord;SN60500;04.12.2001;9,1
Tafjord;SN60500;05.12.2001;4,3
Tafjord;SN60500;06.12.2001;1,5
Tafjord;SN60500;07.12.2001;5,4
Tafjord;SN60500;08.12.2001;7,2
Tafjord;SN60500;09.12.2001;2,9
Tafjord;SN60500;10.12.2001;4
Tafjord;SN60500;11.12.2001;-0,1
Tafjord;SN60500;12.12.2001;-1,1
Tafjord;SN60500;13.12.2001;1,2
Tafjord;SN60500;14.12.2001;2,8
Tafjord;SN60500;15.12.2001;2,7
Tafjord;SN60500;16.12.2001;2,2
Tafjord;SN60500;17.12.2001;3
Tafjord;SN60500;18.12.2001;4
Tafjord;SN60500;19.12.2001;0,7
Tafjord;SN60500;20.12.2001;-1,7
Tafjord;SN60500;21.12.2001;-3,9
Tafjord;SN60500;22.12.2001;-6,1
Tafjord;SN60500;23.12.2001;-2,7
Tafjord;SN60500;24.12.2001;-0,9
Tafjord;SN60500;25.12.2001;-2,9
Tafjord;SN60500;26.12.2001;-2,4
Tafjord;SN60500;27.12.2001;-6,5
Tafjord;SN60500;28.12.2001;-6
Tafjord;SN60500;29.12.2001;-5,2
Tafjord;SN60500;30.12.2001;-9,5
Tafjord;SN60500;31.12.2001;-5,1
Tafjord;SN60500;01.01.2002;1,7
Tafjord;SN60500;02.01.2002;-2,4
Tafjord;SN60500;03.01.2002;0,7
Tafjord;SN60500;04.01.2002;-0,7
Tafjord;SN60500;05.01.2002;-0,2
Tafjord;SN60500;06.01.2002;2,4
Tafjord;SN60500;07.01.2002;2,6
Tafjord;SN60500;08.01.2002;3,2
Tafjord;SN60500;09.01.2002;0,6
Tafjord;SN60500;10.01.2002;3,9
Tafjord;SN60500;11.01.2002;7
Tafjord;SN60500;12.01.2002;3,3
Tafjord;SN60500;13.01.2002;10,4
Tafjord;SN60500;14.01.2002;7,2
Tafjord;SN60500;15.01.2002;7,8
Tafjord;SN60500;16.01.2002;5,6
Tafjord;SN60500;17.01.2002;6,4
Tafjord;SN60500;18.01.2002;4,5
Tafjord;SN60500;19.01.2002;4,9
Tafjord;SN60500;20.01.2002;4,6
Tafjord;SN60500;21.01.2002;1,6
Tafjord;SN60500;22.01.2002;1,6
Tafjord;SN60500;23.01.2002;-3,7
Tafjord;SN60500;24.01.2002;-3,5
Tafjord;SN60500;25.01.2002;-2,7
Tafjord;SN60500;26.01.2002;-2,1
Tafjord;SN60500;27.01.2002;-7
Tafjord;SN60500;28.01.2002;1,7
Tafjord;SN60500;29.01.2002;-0,1
Tafjord;SN60500;30.01.2002;-0,2
Tafjord;SN60500;31.01.2002;2,8
Tafjord;SN60500;01.02.2002;5,3
Tafjord;SN60500;02.02.2002;5,9
Tafjord;SN60500;03.02.2002;9,1
Tafjord;SN60500;04.02.2002;5,9
Tafjord;SN60500;05.02.2002;7,5
Tafjord;SN60500;06.02.2002;4,6
Tafjord;SN60500;07.02.2002;3,9
Tafjord;SN60500;08.02.2002;5
Tafjord;SN60500;09.02.2002;5,3
Tafjord;SN60500;10.02.2002;3,1
Tafjord;SN60500;11.02.2002;2,7
Tafjord;SN60500;12.02.2002;0,9
Tafjord;SN60500;13.02.2002;1,1
Tafjord;SN60500;14.02.2002;1,4
Tafjord;SN60500;15.02.2002;1,7
Tafjord;SN60500;16.02.2002;9,1
Tafjord;SN60500;17.02.2002;3,2
Tafjord;SN60500;18.02.2002;2,5
Tafjord;SN60500;19.02.2002;-2,1
Tafjord;SN60500;20.02.2002;-5,3
Tafjord;SN60500;21.02.2002;-0,5
Tafjord;SN60500;22.02.2002;5,9
Tafjord;SN60500;23.02.2002;-0,5
Tafjord;SN60500;24.02.2002;-2,3
Tafjord;SN60500;25.02.2002;-0,7
Tafjord;SN60500;26.02.2002;0,5
Tafjord;SN60500;27.02.2002;-1,5
Tafjord;SN60500;28.02.2002;-3,3
Tafjord;SN60500;01.03.2002;-0,5
Tafjord;SN60500;02.03.2002;-2,7
Tafjord;SN60500;03.03.2002;-0,9
Tafjord;SN60500;04.03.2002;3
Tafjord;SN60500;05.03.2002;1,4
Tafjord;SN60500;06.03.2002;-1,4
Tafjord;SN60500;07.03.2002;-0,7
Tafjord;SN60500;08.03.2002;2,7
Tafjord;SN60500;09.03.2002;3,4
Tafjord;SN60500;10.03.2002;1,1
Tafjord;SN60500;11.03.2002;4,5
Tafjord;SN60500;12.03.2002;2,6
Tafjord;SN60500;13.03.2002;0,2
Tafjord;SN60500;14.03.2002;-2,4
Tafjord;SN60500;15.03.2002;-0,1
Tafjord;SN60500;16.03.2002;5,4
Tafjord;SN60500;17.03.2002;7,1
Tafjord;SN60500;18.03.2002;4,3
Tafjord;SN60500;19.03.2002;2,2
Tafjord;SN60500;20.03.2002;1,2
Tafjord;SN60500;21.03.2002;2,3
Tafjord;SN60500;22.03.2002;3,1
Tafjord;SN60500;23.03.2002;1,9
Tafjord;SN60500;24.03.2002;6,3
Tafjord;SN60500;25.03.2002;7,9
Tafjord;SN60500;26.03.2002;6,5
Tafjord;SN60500;27.03.2002;7
Tafjord;SN60500;28.03.2002;7,2
Tafjord;SN60500;29.03.2002;8
Tafjord;SN60500;30.03.2002;3,8
Tafjord;SN60500;31.03.2002;4,5
Tafjord;SN60500;01.04.2002;10,2
Tafjord;SN60500;02.04.2002;13,4
Tafjord;SN60500;03.04.2002;12,8
Tafjord;SN60500;04.04.2002;10,2
Tafjord;SN60500;05.04.2002;8
Tafjord;SN60500;06.04.2002;4,9
Tafjord;SN60500;07.04.2002;6,3
Tafjord;SN60500;08.04.2002;8,7
Tafjord;SN60500;09.04.2002;6,7
Tafjord;SN60500;10.04.2002;10,5
Tafjord;SN60500;11.04.2002;7,5
Tafjord;SN60500;12.04.2002;7,7
Tafjord;SN60500;13.04.2002;6,4
Tafjord;SN60500;14.04.2002;10,5
Tafjord;SN60500;15.04.2002;8,4
Tafjord;SN60500;16.04.2002;8,7
Tafjord;SN60500;17.04.2002;9,5
Tafjord;SN60500;18.04.2002;8,4
Tafjord;SN60500;19.04.2002;7,5
Tafjord;SN60500;20.04.2002;8,3
Tafjord;SN60500;21.04.2002;11,7
Tafjord;SN60500;22.04.2002;14,5
Tafjord;SN60500;23.04.2002;11,1
Tafjord;SN60500;24.04.2002;10
Tafjord;SN60500;25.04.2002;9,8
Tafjord;SN60500;26.04.2002;9,3
Tafjord;SN60500;27.04.2002;10,4
Tafjord;SN60500;28.04.2002;7,2
Tafjord;SN60500;29.04.2002;11,5
Tafjord;SN60500;30.04.2002;9,5
Tafjord;SN60500;01.05.2002;11,5
Tafjord;SN60500;02.05.2002;10,2
Tafjord;SN60500;03.05.2002;9,8
Tafjord;SN60500;04.05.2002;7
Tafjord;SN60500;05.05.2002;7,8
Tafjord;SN60500;06.05.2002;8,1
Tafjord;SN60500;07.05.2002;10,8
Tafjord;SN60500;08.05.2002;10,7
Tafjord;SN60500;09.05.2002;10,8
Tafjord;SN60500;10.05.2002;14,9
Tafjord;SN60500;11.05.2002;18,8
Tafjord;SN60500;12.05.2002;9,8
Tafjord;SN60500;13.05.2002;9,4
Tafjord;SN60500;14.05.2002;15,2
Tafjord;SN60500;15.05.2002;14,2
Tafjord;SN60500;16.05.2002;9,8
Tafjord;SN60500;17.05.2002;9,4
Tafjord;SN60500;18.05.2002;9,1
Tafjord;SN60500;19.05.2002;12,7
Tafjord;SN60500;20.05.2002;13,1
Tafjord;SN60500;21.05.2002;17,3
Tafjord;SN60500;22.05.2002;18,1
Tafjord;SN60500;23.05.2002;19,4
Tafjord;SN60500;24.05.2002;12,2
Tafjord;SN60500;25.05.2002;15,9
Tafjord;SN60500;26.05.2002;14,8
Tafjord;SN60500;27.05.2002;15,3
Tafjord;SN60500;28.05.2002;15,6
Tafjord;SN60500;29.05.2002;16,3
Tafjord;SN60500;30.05.2002;12,4
Tafjord;SN60500;31.05.2002;11,6
Tafjord;SN60500;01.06.2002;11,8
Tafjord;SN60500;02.06.2002;16,4
Tafjord;SN60500;03.06.2002;14,2
Tafjord;SN60500;04.06.2002;19,7
Tafjord;SN60500;05.06.2002;21,3
Tafjord;SN60500;06.06.2002;19,6
Tafjord;SN60500;07.06.2002;17,6
Tafjord;SN60500;08.06.2002;20,5
Tafjord;SN60500;09.06.2002;22,4
Tafjord;SN60500;10.06.2002;21,7
Tafjord;SN60500;11.06.2002;20,3
Tafjord;SN60500;12.06.2002;13,5
Tafjord;SN60500;13.06.2002;12,8
Tafjord;SN60500;14.06.2002;14,5
Tafjord;SN60500;15.06.2002;13,6
Tafjord;SN60500;16.06.2002;14,2
Tafjord;SN60500;17.06.2002;16,3
Tafjord;SN60500;18.06.2002;18,6
Tafjord;SN60500;19.06.2002;14
Tafjord;SN60500;20.06.2002;14,5
Tafjord;SN60500;21.06.2002;12,6
Tafjord;SN60500;22.06.2002;11
Tafjord;SN60500;23.06.2002;12,5
Tafjord;SN60500;24.06.2002;12,7
Tafjord;SN60500;25.06.2002;12,3
Tafjord;SN60500;26.06.2002;12,5
Tafjord;SN60500;27.06.2002;13,8
Tafjord;SN60500;28.06.2002;12,8
Tafjord;SN60500;29.06.2002;13
Tafjord;SN60500;30.06.2002;14,2
Tafjord;SN60500;01.07.2002;14,1
Tafjord;SN60500;02.07.2002;15
Tafjord;SN60500;03.07.2002;13,1
Tafjord;SN60500;04.07.2002;14,7
Tafjord;SN60500;05.07.2002;12,1
Tafjord;SN60500;06.07.2002;12,1
Tafjord;SN60500;07.07.2002;14,3
Tafjord;SN60500;08.07.2002;13,9
Tafjord;SN60500;09.07.2002;16,7
Tafjord;SN60500;10.07.2002;18,2
Tafjord;SN60500;11.07.2002;19,7
Tafjord;SN60500;12.07.2002;17,6
Tafjord;SN60500;13.07.2002;14,5
Tafjord;SN60500;14.07.2002;15,8
Tafjord;SN60500;15.07.2002;16,1
Tafjord;SN60500;16.07.2002;15,4
Tafjord;SN60500;17.07.2002;14,5
Tafjord;SN60500;18.07.2002;15,9
Tafjord;SN60500;19.07.2002;17,3
Tafjord;SN60500;20.07.2002;17
Tafjord;SN60500;21.07.2002;17
Tafjord;SN60500;22.07.2002;15,7
Tafjord;SN60500;23.07.2002;12,5
Tafjord;SN60500;24.07.2002;14
Tafjord;SN60500;25.07.2002;14,1
Tafjord;SN60500;26.07.2002;14,3
Tafjord;SN60500;27.07.2002;14
Tafjord;SN60500;28.07.2002;22,6
Tafjord;SN60500;29.07.2002;16,2
Tafjord;SN60500;30.07.2002;18
Tafjord;SN60500;31.07.2002;20
Tafjord;SN60500;01.08.2002;18,7
Tafjord;SN60500;02.08.2002;18,1
Tafjord;SN60500;03.08.2002;19,7
Tafjord;SN60500;04.08.2002;19,3
Tafjord;SN60500;05.08.2002;17,6
Tafjord;SN60500;06.08.2002;17,7
Tafjord;SN60500;07.08.2002;18,1
Tafjord;SN60500;08.08.2002;17,8
Tafjord;SN60500;09.08.2002;17
Tafjord;SN60500;10.08.2002;19
Tafjord;SN60500;11.08.2002;17,9
Tafjord;SN60500;12.08.2002;17,6
Tafjord;SN60500;13.08.2002;16,8
Tafjord;SN60500;14.08.2002;17,6
Tafjord;SN60500;15.08.2002;17,2
Tafjord;SN60500;16.08.2002;18,7
Tafjord;SN60500;17.08.2002;18,1
Tafjord;SN60500;18.08.2002;22,8
Tafjord;SN60500;19.08.2002;22,3
Tafjord;SN60500;20.08.2002;22,5
Tafjord;SN60500;21.08.2002;18,6
Tafjord;SN60500;22.08.2002;17
Tafjord;SN60500;23.08.2002;17
Tafjord;SN60500;24.08.2002;18,5
Tafjord;SN60500;25.08.2002;16,7
Tafjord;SN60500;26.08.2002;17,5
Tafjord;SN60500;27.08.2002;15,6
Tafjord;SN60500;28.08.2002;14,2
Tafjord;SN60500;29.08.2002;16,6
Tafjord;SN60500;30.08.2002;14,6
Tafjord;SN60500;31.08.2002;12,3
Tafjord;SN60500;01.09.2002;12,9
Tafjord;SN60500;02.09.2002;17,1
Tafjord;SN60500;03.09.2002;14,7
Tafjord;SN60500;04.09.2002;16,4
Tafjord;SN60500;05.09.2002;17,8
Tafjord;SN60500;06.09.2002;14,1
Tafjord;SN60500;07.09.2002;11,7
Tafjord;SN60500;08.09.2002;12,6
Tafjord;SN60500;09.09.2002;14,4
Tafjord;SN60500;10.09.2002;14
Tafjord;SN60500;11.09.2002;14,2
Tafjord;SN60500;12.09.2002;15,2
Tafjord;SN60500;13.09.2002;15,7
Tafjord;SN60500;14.09.2002;13,1
Tafjord;SN60500;15.09.2002;12
Tafjord;SN60500;16.09.2002;12,1
Tafjord;SN60500;17.09.2002;12,2
Tafjord;SN60500;18.09.2002;10
Tafjord;SN60500;19.09.2002;7,7
Tafjord;SN60500;20.09.2002;9,4
Tafjord;SN60500;21.09.2002;9,1
Tafjord;SN60500;22.09.2002;8
Tafjord;SN60500;23.09.2002;7,3
Tafjord;SN60500;24.09.2002;8,8
Tafjord;SN60500;25.09.2002;6,8
Tafjord;SN60500;26.09.2002;4,9
Tafjord;SN60500;27.09.2002;7,6
Tafjord;SN60500;28.09.2002;9,8
Tafjord;SN60500;29.09.2002;10,4
Tafjord;SN60500;30.09.2002;10,6
Tafjord;SN60500;01.10.2002;8,7
Tafjord;SN60500;02.10.2002;9,7
Tafjord;SN60500;03.10.2002;10
Tafjord;SN60500;04.10.2002;10,6
Tafjord;SN60500;05.10.2002;8,9
Tafjord;SN60500;06.10.2002;5,8
Tafjord;SN60500;07.10.2002;4,7
Tafjord;SN60500;08.10.2002;5,7
Tafjord;SN60500;09.10.2002;4,5
Tafjord;SN60500;10.10.2002;3,9
Tafjord;SN60500;11.10.2002;7
Tafjord;SN60500;12.10.2002;6,9
Tafjord;SN60500;13.10.2002;6,1
Tafjord;SN60500;14.10.2002;5,4
Tafjord;SN60500;15.10.2002;5,7
Tafjord;SN60500;16.10.2002;1,4
Tafjord;SN60500;17.10.2002;2,9
Tafjord;SN60500;18.10.2002;-1,5
Tafjord;SN60500;19.10.2002;-0,4
Tafjord;SN60500;20.10.2002;0,6
Tafjord;SN60500;21.10.2002;1,3
Tafjord;SN60500;22.10.2002;2,6
Tafjord;SN60500;23.10.2002;7,9
Tafjord;SN60500;24.10.2002;8
Tafjord;SN60500;25.10.2002;6,7
Tafjord;SN60500;26.10.2002;4,7
Tafjord;SN60500;27.10.2002;4,2
Tafjord;SN60500;28.10.2002;3,4
Tafjord;SN60500;29.10.2002;2,7
Tafjord;SN60500;30.10.2002;1,7
Tafjord;SN60500;31.10.2002;4,1
Tafjord;SN60500;01.11.2002;3,4
Tafjord;SN60500;02.11.2002;-0,6
Tafjord;SN60500;03.11.2002;3
Tafjord;SN60500;04.11.2002;-1,3
Tafjord;SN60500;05.11.2002;2,4
Tafjord;SN60500;06.11.2002;9,9
Tafjord;SN60500;07.11.2002;5,9
Tafjord;SN60500;08.11.2002;2,2
Tafjord;SN60500;09.11.2002;3,6
Tafjord;SN60500;10.11.2002;0,9
Tafjord;SN60500;11.11.2002;-2,1
Tafjord;SN60500;12.11.2002;-1,2
Tafjord;SN60500;13.11.2002;-0,7
Tafjord;SN60500;14.11.2002;0,2
Tafjord;SN60500;15.11.2002;4,9
Tafjord;SN60500;16.11.2002;3
Tafjord;SN60500;17.11.2002;0,7
Tafjord;SN60500;18.11.2002;-0,5
Tafjord;SN60500;19.11.2002;-3,9
Tafjord;SN60500;20.11.2002;-3,7
Tafjord;SN60500;21.11.2002;6,6
Tafjord;SN60500;22.11.2002;4,1
Tafjord;SN60500;23.11.2002;2,9
Tafjord;SN60500;24.11.2002;4,8
Tafjord;SN60500;25.11.2002;6
Tafjord;SN60500;26.11.2002;4,2
Tafjord;SN60500;27.11.2002;1,5
Tafjord;SN60500;28.11.2002;7,4
Tafjord;SN60500;29.11.2002;6,6
Tafjord;SN60500;30.11.2002;3,1
Tafjord;SN60500;01.12.2002;1,9
Tafjord;SN60500;02.12.2002;3
Tafjord;SN60500;03.12.2002;4,3
Tafjord;SN60500;04.12.2002;6,6
Tafjord;SN60500;05.12.2002;4,2
Tafjord;SN60500;06.12.2002;1,9
Tafjord;SN60500;07.12.2002;-0,5
Tafjord;SN60500;08.12.2002;-5,5
Tafjord;SN60500;09.12.2002;-6,5
Tafjord;SN60500;10.12.2002;-6,6
Tafjord;SN60500;11.12.2002;-2,5
Tafjord;SN60500;12.12.2002;-2,6
Tafjord;SN60500;13.12.2002;-7,1
Tafjord;SN60500;14.12.2002;-8,4
Tafjord;SN60500;15.12.2002;-2,7
Tafjord;SN60500;16.12.2002;-2,8
Tafjord;SN60500;17.12.2002;-1
Tafjord;SN60500;18.12.2002;1,4
Tafjord;SN60500;19.12.2002;2,1
Tafjord;SN60500;20.12.2002;2,2
Tafjord;SN60500;21.12.2002;-1,3
Tafjord;SN60500;22.12.2002;-3,8
Tafjord;SN60500;23.12.2002;-1
Tafjord;SN60500;24.12.2002;1,6
Tafjord;SN60500;25.12.2002;2,5
Tafjord;SN60500;26.12.2002;4
Tafjord;SN60500;27.12.2002;7,3
Tafjord;SN60500;28.12.2002;4,2
Tafjord;SN60500;29.12.2002;1,6
Tafjord;SN60500;30.12.2002;-3,7
Tafjord;SN60500;31.12.2002;-3
Tafjord;SN60500;01.01.2003;-0,6
Tafjord;SN60500;02.01.2003;-8,9
Tafjord;SN60500;03.01.2003;-11,1
Tafjord;SN60500;04.01.2003;-8,4
Tafjord;SN60500;05.01.2003;-3,5
Tafjord;SN60500;06.01.2003;-5,5
Tafjord;SN60500;07.01.2003;-1
Tafjord;SN60500;08.01.2003;0,4
Tafjord;SN60500;09.01.2003;2,4
Tafjord;SN60500;10.01.2003;-1,8
Tafjord;SN60500;11.01.2003;1,3
Tafjord;SN60500;12.01.2003;2,2
Tafjord;SN60500;13.01.2003;1,6
Tafjord;SN60500;14.01.2003;4,3
Tafjord;SN60500;15.01.2003;4
Tafjord;SN60500;16.01.2003;1,3
Tafjord;SN60500;17.01.2003;4,6
Tafjord;SN60500;18.01.2003;2,9
Tafjord;SN60500;19.01.2003;0,7
Tafjord;SN60500;20.01.2003;3,4
Tafjord;SN60500;21.01.2003;2,2
Tafjord;SN60500;22.01.2003;0,6
Tafjord;SN60500;23.01.2003;-2
Tafjord;SN60500;24.01.2003;7,6
Tafjord;SN60500;25.01.2003;5,8
Tafjord;SN60500;26.01.2003;3,6
Tafjord;SN60500;27.01.2003;2,7
Tafjord;SN60500;28.01.2003;2
Tafjord;SN60500;29.01.2003;-0,2
Tafjord;SN60500;30.01.2003;-3,6
Tafjord;SN60500;31.01.2003;-3,9
Tafjord;SN60500;01.02.2003;4,1
Tafjord;SN60500;02.02.2003;4,4
Tafjord;SN60500;03.02.2003;2,6
Tafjord;SN60500;04.02.2003;-1
Tafjord;SN60500;05.02.2003;-2,4
Tafjord;SN60500;06.02.2003;0,4
Tafjord;SN60500;07.02.2003;5,9
Tafjord;SN60500;08.02.2003;11,6
Tafjord;SN60500;09.02.2003;7,2
Tafjord;SN60500;10.02.2003;6,1
Tafjord;SN60500;11.02.2003;8,5
Tafjord;SN60500;12.02.2003;3,5
Tafjord;SN60500;13.02.2003;4,8
Tafjord;SN60500;14.02.2003;0,4
Tafjord;SN60500;15.02.2003;0,6
Tafjord;SN60500;16.02.2003;-2,4
Tafjord;SN60500;17.02.2003;-2,5
Tafjord;SN60500;18.02.2003;-1,5
Tafjord;SN60500;19.02.2003;-1,7
Tafjord;SN60500;20.02.2003;3,8
Tafjord;SN60500;21.02.2003;5,6
Tafjord;SN60500;22.02.2003;1,6
Tafjord;SN60500;23.02.2003;4,9
Tafjord;SN60500;24.02.2003;5,4
Tafjord;SN60500;25.02.2003;0,1
Tafjord;SN60500;26.02.2003;6,6
Tafjord;SN60500;27.02.2003;1,9
Tafjord;SN60500;28.02.2003;-2,1
Tafjord;SN60500;01.03.2003;3,4
Tafjord;SN60500;02.03.2003;1,4
Tafjord;SN60500;03.03.2003;1,2
Tafjord;SN60500;04.03.2003;1
Tafjord;SN60500;05.03.2003;5,9
Tafjord;SN60500;06.03.2003;5,4
Tafjord;SN60500;07.03.2003;7,1
Tafjord;SN60500;08.03.2003;8,6
Tafjord;SN60500;09.03.2003;8,4
Tafjord;SN60500;10.03.2003;8,9
Tafjord;SN60500;11.03.2003;8,3
Tafjord;SN60500;12.03.2003;2,3
Tafjord;SN60500;13.03.2003;2,3
Tafjord;SN60500;14.03.2003;1,7
Tafjord;SN60500;15.03.2003;1,9
Tafjord;SN60500;16.03.2003;5,2
Tafjord;SN60500;17.03.2003;4,7
Tafjord;SN60500;18.03.2003;4,8
Tafjord;SN60500;19.03.2003;4
Tafjord;SN60500;20.03.2003;3,7
Tafjord;SN60500;21.03.2003;6,7
Tafjord;SN60500;22.03.2003;9
Tafjord;SN60500;23.03.2003;6,8
Tafjord;SN60500;24.03.2003;6,9
Tafjord;SN60500;25.03.2003;6,3
Tafjord;SN60500;26.03.2003;10,4
Tafjord;SN60500;27.03.2003;7,6
Tafjord;SN60500;28.03.2003;7,2
Tafjord;SN60500;29.03.2003;8,7
Tafjord;SN60500;30.03.2003;2,9
Tafjord;SN60500;31.03.2003;4,9
Tafjord;SN60500;01.04.2003;9,8
Tafjord;SN60500;02.04.2003;3,4
Tafjord;SN60500;03.04.2003;2,5
Tafjord;SN60500;04.04.2003;4
Tafjord;SN60500;05.04.2003;0,7
Tafjord;SN60500;06.04.2003;2,7
Tafjord;SN60500;07.04.2003;2,6
Tafjord;SN60500;08.04.2003;2,4
Tafjord;SN60500;09.04.2003;4,3
Tafjord;SN60500;10.04.2003;8,1
Tafjord;SN60500;11.04.2003;4,4
Tafjord;SN60500;12.04.2003;6,6
Tafjord;SN60500;13.04.2003;7,2
Tafjord;SN60500;14.04.2003;9,2
Tafjord;SN60500;15.04.2003;13,9
Tafjord;SN60500;16.04.2003;11,1
Tafjord;SN60500;17.04.2003;11,5
Tafjord;SN60500;18.04.2003;9,1
Tafjord;SN60500;19.04.2003;9,1
Tafjord;SN60500;20.04.2003;10,7
Tafjord;SN60500;21.04.2003;12
Tafjord;SN60500;22.04.2003;7,7
Tafjord;SN60500;23.04.2003;7,4
Tafjord;SN60500;24.04.2003;7
Tafjord;SN60500;25.04.2003;6,9
Tafjord;SN60500;26.04.2003;11,3
Tafjord;SN60500;27.04.2003;9,9
Tafjord;SN60500;28.04.2003;8
Tafjord;SN60500;29.04.2003;7,9
Tafjord;SN60500;30.04.2003;7,1
Tafjord;SN60500;01.05.2003;5,2
Tafjord;SN60500;02.05.2003;4,2
Tafjord;SN60500;03.05.2003;5,7
Tafjord;SN60500;04.05.2003;6,3
Tafjord;SN60500;05.05.2003;12,7
Tafjord;SN60500;06.05.2003;8,4
Tafjord;SN60500;07.05.2003;8,1
Tafjord;SN60500;08.05.2003;10,3
Tafjord;SN60500;09.05.2003;9,6
Tafjord;SN60500;10.05.2003;8,3
Tafjord;SN60500;11.05.2003;10,6
Tafjord;SN60500;12.05.2003;10,8
Tafjord;SN60500;13.05.2003;9,5
Tafjord;SN60500;14.05.2003;6
Tafjord;SN60500;15.05.2003;7,5
Tafjord;SN60500;16.05.2003;7,6
Tafjord;SN60500;17.05.2003;9,7
Tafjord;SN60500;18.05.2003;14,1
Tafjord;SN60500;19.05.2003;14
Tafjord;SN60500;20.05.2003;10,1
Tafjord;SN60500;21.05.2003;9,3
Tafjord;SN60500;22.05.2003;10,1
Tafjord;SN60500;23.05.2003;11,4
Tafjord;SN60500;24.05.2003;13,6
Tafjord;SN60500;25.05.2003;12,2
Tafjord;SN60500;26.05.2003;12
Tafjord;SN60500;27.05.2003;12,3
Tafjord;SN60500;28.05.2003;12,6
Tafjord;SN60500;29.05.2003;14,9
Tafjord;SN60500;30.05.2003;11,5
Tafjord;SN60500;31.05.2003;9,3
Tafjord;SN60500;01.06.2003;11,2
Tafjord;SN60500;02.06.2003;19
Tafjord;SN60500;03.06.2003;15,5
Tafjord;SN60500;04.06.2003;15,8
Tafjord;SN60500;05.06.2003;15,9
Tafjord;SN60500;06.06.2003;13,1
Tafjord;SN60500;07.06.2003;13,9
Tafjord;SN60500;08.06.2003;14,7
Tafjord;SN60500;09.06.2003;13,2
Tafjord;SN60500;10.06.2003;14,1
Tafjord;SN60500;11.06.2003;14
Tafjord;SN60500;12.06.2003;13,2
Tafjord;SN60500;13.06.2003;10,7
Tafjord;SN60500;14.06.2003;10,9
Tafjord;SN60500;15.06.2003;11,4
Tafjord;SN60500;16.06.2003;11,1
Tafjord;SN60500;17.06.2003;11,8
Tafjord;SN60500;18.06.2003;15,2
Tafjord;SN60500;19.06.2003;14,5
Tafjord;SN60500;20.06.2003;13,3
Tafjord;SN60500;21.06.2003;13,6
Tafjord;SN60500;22.06.2003;14,9
Tafjord;SN60500;23.06.2003;16,2
Tafjord;SN60500;24.06.2003;15,3
Tafjord;SN60500;25.06.2003;14,2
Tafjord;SN60500;26.06.2003;14,2
Tafjord;SN60500;27.06.2003;16,5
Tafjord;SN60500;28.06.2003;16,8
Tafjord;SN60500;29.06.2003;17
Tafjord;SN60500;30.06.2003;17,2
Tafjord;SN60500;01.07.2003;18,1
Tafjord;SN60500;02.07.2003;19,8
Tafjord;SN60500;03.07.2003;20,4
Tafjord;SN60500;04.07.2003;19
Tafjord;SN60500;05.07.2003;15,7
Tafjord;SN60500;06.07.2003;15,7
Tafjord;SN60500;07.07.2003;15,4
Tafjord;SN60500;08.07.2003;14,9
Tafjord;SN60500;09.07.2003;14,7
Tafjord;SN60500;10.07.2003;14,7
Tafjord;SN60500;11.07.2003;16,6
Tafjord;SN60500;12.07.2003;15,1
Tafjord;SN60500;13.07.2003;15,9
Tafjord;SN60500;14.07.2003;16,9
Tafjord;SN60500;15.07.2003;18,4
Tafjord;SN60500;16.07.2003;19,5
Tafjord;SN60500;17.07.2003;21
Tafjord;SN60500;18.07.2003;21,6
Tafjord;SN60500;19.07.2003;18,9
Tafjord;SN60500;20.07.2003;20,8
Tafjord;SN60500;21.07.2003;18,7
Tafjord;SN60500;22.07.2003;19,4
Tafjord;SN60500;23.07.2003;16,7
Tafjord;SN60500;24.07.2003;17,1
Tafjord;SN60500;25.07.2003;17
Tafjord;SN60500;26.07.2003;17,9
Tafjord;SN60500;27.07.2003;18,6
Tafjord;SN60500;28.07.2003;16,2
Tafjord;SN60500;29.07.2003;15,3
Tafjord;SN60500;30.07.2003;15,6
Tafjord;SN60500;31.07.2003;19,4
Tafjord;SN60500;01.08.2003;19,8
Tafjord;SN60500;02.08.2003;16,8
Tafjord;SN60500;03.08.2003;16,6
Tafjord;SN60500;04.08.2003;14,5
Tafjord;SN60500;05.08.2003;14,2
Tafjord;SN60500;06.08.2003;15,3
Tafjord;SN60500;07.08.2003;17,4
Tafjord;SN60500;08.08.2003;18,4
Tafjord;SN60500;09.08.2003;17,1
Tafjord;SN60500;10.08.2003;18,5
Tafjord;SN60500;11.08.2003;18,6
Tafjord;SN60500;12.08.2003;17,6
Tafjord;SN60500;13.08.2003;14,4
Tafjord;SN60500;14.08.2003;13,4
Tafjord;SN60500;15.08.2003;14,4
Tafjord;SN60500;16.08.2003;15,3
Tafjord;SN60500;17.08.2003;15,2
Tafjord;SN60500;18.08.2003;14,7
Tafjord;SN60500;19.08.2003;15,9
Tafjord;SN60500;20.08.2003;14
Tafjord;SN60500;21.08.2003;13,5
Tafjord;SN60500;22.08.2003;16,2
Tafjord;SN60500;23.08.2003;12,4
Tafjord;SN60500;24.08.2003;15
Tafjord;SN60500;25.08.2003;13,3
Tafjord;SN60500;26.08.2003;10,5
Tafjord;SN60500;27.08.2003;10,6
Tafjord;SN60500;28.08.2003;12,4
Tafjord;SN60500;29.08.2003;12
Tafjord;SN60500;30.08.2003;11,4
Tafjord;SN60500;31.08.2003;10,5
Tafjord;SN60500;01.09.2003;8,9
Tafjord;SN60500;02.09.2003;10,6
Tafjord;SN60500;03.09.2003;13,1
Tafjord;SN60500;04.09.2003;13,5
Tafjord;SN60500;05.09.2003;12,1
Tafjord;SN60500;06.09.2003;12,6
Tafjord;SN60500;07.09.2003;16,5
Tafjord;SN60500;08.09.2003;13
Tafjord;SN60500;09.09.2003;16,1
Tafjord;SN60500;10.09.2003;17,1
Tafjord;SN60500;11.09.2003;14,5
Tafjord;SN60500;12.09.2003;12
Tafjord;SN60500;13.09.2003;12,5
Tafjord;SN60500;14.09.2003;16,5
Tafjord;SN60500;15.09.2003;15,7
Tafjord;SN60500;16.09.2003;11,2
Tafjord;SN60500;17.09.2003;10,3
Tafjord;SN60500;18.09.2003;15,3
Tafjord;SN60500;19.09.2003;10,7
Tafjord;SN60500;20.09.2003;7
Tafjord;SN60500;21.09.2003;11
Tafjord;SN60500;22.09.2003;10,7
Tafjord;SN60500;23.09.2003;5,8
Tafjord;SN60500;24.09.2003;7,8
Tafjord;SN60500;25.09.2003;8,7
Tafjord;SN60500;26.09.2003;10,7
Tafjord;SN60500;27.09.2003;7
Tafjord;SN60500;28.09.2003;4,1
Tafjord;SN60500;29.09.2003;6,2
Tafjord;SN60500;30.09.2003;7,4
Tafjord;SN60500;01.10.2003;8,1
Tafjord;SN60500;02.10.2003;8,9
Tafjord;SN60500;03.10.2003;12,1
Tafjord;SN60500;04.10.2003;9,3
Tafjord;SN60500;05.10.2003;5,9
Tafjord;SN60500;06.10.2003;9,9
Tafjord;SN60500;07.10.2003;9
Tafjord;SN60500;08.10.2003;6,5
Tafjord;SN60500;09.10.2003;6,6
Tafjord;SN60500;10.10.2003;8,1
Tafjord;SN60500;11.10.2003;6,4
Tafjord;SN60500;12.10.2003;6,5
Tafjord;SN60500;13.10.2003;1,9
Tafjord;SN60500;14.10.2003;1,2
Tafjord;SN60500;15.10.2003;1
Tafjord;SN60500;16.10.2003;0,9
Tafjord;SN60500;17.10.2003;2,4
Tafjord;SN60500;18.10.2003;4,3
Tafjord;SN60500;19.10.2003;2,6
Tafjord;SN60500;20.10.2003;1,7
Tafjord;SN60500;21.10.2003;0,9
Tafjord;SN60500;22.10.2003;-0,5
Tafjord;SN60500;23.10.2003;-0,1
Tafjord;SN60500;24.10.2003;1,5
Tafjord;SN60500;25.10.2003;2,6
Tafjord;SN60500;26.10.2003;2
Tafjord;SN60500;27.10.2003;5,3
Tafjord;SN60500;28.10.2003;6,1
Tafjord;SN60500;29.10.2003;4,8
Tafjord;SN60500;30.10.2003;1,4
Tafjord;SN60500;31.10.2003;5,6
Tafjord;SN60500;01.11.2003;6,2
Tafjord;SN60500;02.11.2003;6,7
Tafjord;SN60500;03.11.2003;11,7
Tafjord;SN60500;04.11.2003;7,2
Tafjord;SN60500;05.11.2003;14,2
Tafjord;SN60500;06.11.2003;16,7
Tafjord;SN60500;07.11.2003;13,5
Tafjord;SN60500;08.11.2003;7,9
Tafjord;SN60500;09.11.2003;13,8
Tafjord;SN60500;10.11.2003;9,2
Tafjord;SN60500;11.11.2003;8,6
Tafjord;SN60500;12.11.2003;7,3
Tafjord;SN60500;13.11.2003;6,6
Tafjord;SN60500;14.11.2003;4,8
Tafjord;SN60500;15.11.2003;7,8
Tafjord;SN60500;16.11.2003;3,3
Tafjord;SN60500;17.11.2003;3,3
Tafjord;SN60500;18.11.2003;6,5
Tafjord;SN60500;19.11.2003;5,6
Tafjord;SN60500;20.11.2003;3,9
Tafjord;SN60500;21.11.2003;7,3
Tafjord;SN60500;22.11.2003;5,6
Tafjord;SN60500;23.11.2003;2
Tafjord;SN60500;24.11.2003;4,2
Tafjord;SN60500;25.11.2003;9,3
Tafjord;SN60500;26.11.2003;10,7
Tafjord;SN60500;27.11.2003;11,3
Tafjord;SN60500;28.11.2003;9,8
Tafjord;SN60500;29.11.2003;10,6
Tafjord;SN60500;30.11.2003;10,8
Tafjord;SN60500;01.12.2003;4,7
Tafjord;SN60500;02.12.2003;0,9
Tafjord;SN60500;03.12.2003;8,6
Tafjord;SN60500;04.12.2003;7,4
Tafjord;SN60500;05.12.2003;2
Tafjord;SN60500;06.12.2003;0,4
Tafjord;SN60500;07.12.2003;2
Tafjord;SN60500;08.12.2003;3,4
Tafjord;SN60500;09.12.2003;5,6
Tafjord;SN60500;10.12.2003;9,7
Tafjord;SN60500;11.12.2003;2,2
Tafjord;SN60500;12.12.2003;-0,9
Tafjord;SN60500;13.12.2003;4,9
Tafjord;SN60500;14.12.2003;1,6
Tafjord;SN60500;15.12.2003;0,6
Tafjord;SN60500;16.12.2003;-0,4
Tafjord;SN60500;17.12.2003;2,5
Tafjord;SN60500;18.12.2003;4,2
Tafjord;SN60500;19.12.2003;3,3
Tafjord;SN60500;20.12.2003;0,1
Tafjord;SN60500;21.12.2003;-3
Tafjord;SN60500;22.12.2003;-3,9
Tafjord;SN60500;23.12.2003;-0,8
Tafjord;SN60500;24.12.2003;3,8
Tafjord;SN60500;25.12.2003;2,6
Tafjord;SN60500;26.12.2003;3,4
Tafjord;SN60500;27.12.2003;2,4
Tafjord;SN60500;28.12.2003;-0,9
Tafjord;SN60500;29.12.2003;-4,1
Tafjord;SN60500;30.12.2003;-3,8
Tafjord;SN60500;31.12.2003;-0,7
Tafjord;SN60500;01.01.2004;3,4
Tafjord;SN60500;02.01.2004;2
Tafjord;SN60500;03.01.2004;3,7
Tafjord;SN60500;04.01.2004;0,5
Tafjord;SN60500;05.01.2004;0,2
Tafjord;SN60500;06.01.2004;5,6
Tafjord;SN60500;07.01.2004;3,9
Tafjord;SN60500;08.01.2004;6,6
Tafjord;SN60500;09.01.2004;5,9
Tafjord;SN60500;10.01.2004;5,4
Tafjord;SN60500;11.01.2004;7,3
Tafjord;SN60500;12.01.2004;4,8
Tafjord;SN60500;13.01.2004;3,5
Tafjord;SN60500;14.01.2004;1,1
Tafjord;SN60500;15.01.2004;-3,2
Tafjord;SN60500;16.01.2004;0,1
Tafjord;SN60500;17.01.2004;-4
Tafjord;SN60500;18.01.2004;-0,7
Tafjord;SN60500;19.01.2004;-1
Tafjord;SN60500;20.01.2004;-0,7
Tafjord;SN60500;21.01.2004;-1,4
Tafjord;SN60500;22.01.2004;1,7
Tafjord;SN60500;23.01.2004;7,3
Tafjord;SN60500;24.01.2004;6,8
Tafjord;SN60500;25.01.2004;6,4
Tafjord;SN60500;26.01.2004;1,7
Tafjord;SN60500;27.01.2004;-3,5
Tafjord;SN60500;28.01.2004;-6,1
Tafjord;SN60500;29.01.2004;-4,5
Tafjord;SN60500;30.01.2004;0,2
Tafjord;SN60500;31.01.2004;1,5
Tafjord;SN60500;01.02.2004;-0,2
Tafjord;SN60500;02.02.2004;4,9
Tafjord;SN60500;03.02.2004;8,7
Tafjord;SN60500;04.02.2004;5,4
Tafjord;SN60500;05.02.2004;4,3
Tafjord;SN60500;06.02.2004;2,8
Tafjord;SN60500;07.02.2004;3,8
Tafjord;SN60500;08.02.2004;0,2
Tafjord;SN60500;09.02.2004;-1,4
Tafjord;SN60500;10.02.2004;-0,7
Tafjord;SN60500;11.02.2004;-0,5
Tafjord;SN60500;12.02.2004;1,1
Tafjord;SN60500;13.02.2004;0,4
Tafjord;SN60500;14.02.2004;1,3
Tafjord;SN60500;15.02.2004;1,7
Tafjord;SN60500;16.02.2004;2
Tafjord;SN60500;17.02.2004;1,8
Tafjord;SN60500;18.02.2004;0,9
Tafjord;SN60500;19.02.2004;1,8
Tafjord;SN60500;20.02.2004;2,9
Tafjord;SN60500;21.02.2004;4,3
Tafjord;SN60500;22.02.2004;-1,4
Tafjord;SN60500;23.02.2004;0,2
Tafjord;SN60500;24.02.2004;0,8
Tafjord;SN60500;25.02.2004;0,8
Tafjord;SN60500;26.02.2004;-1,3
Tafjord;SN60500;27.02.2004;-4,2
Tafjord;SN60500;28.02.2004;-4,3
Tafjord;SN60500;29.02.2004;-2,9
Tafjord;SN60500;01.03.2004;2,2
Tafjord;SN60500;02.03.2004;3,4
Tafjord;SN60500;03.03.2004;1,8
Tafjord;SN60500;04.03.2004;0,2
Tafjord;SN60500;05.03.2004;2,1
Tafjord;SN60500;06.03.2004;3,3
Tafjord;SN60500;07.03.2004;1,9
Tafjord;SN60500;08.03.2004;1,4
Tafjord;SN60500;09.03.2004;3,2
Tafjord;SN60500;10.03.2004;3,9
Tafjord;SN60500;11.03.2004;4,2
Tafjord;SN60500;12.03.2004;4,3
Tafjord;SN60500;13.03.2004;4
Tafjord;SN60500;14.03.2004;6,6
Tafjord;SN60500;15.03.2004;9,3
Tafjord;SN60500;16.03.2004;6,1
Tafjord;SN60500;17.03.2004;9,8
Tafjord;SN60500;18.03.2004;7,4
Tafjord;SN60500;19.03.2004;8,3
Tafjord;SN60500;20.03.2004;5
Tafjord;SN60500;21.03.2004;2,6
Tafjord;SN60500;22.03.2004;3,6
Tafjord;SN60500;23.03.2004;2,6
Tafjord;SN60500;24.03.2004;2,3
Tafjord;SN60500;25.03.2004;2,6
Tafjord;SN60500;26.03.2004;3,4
Tafjord;SN60500;27.03.2004;4,4
Tafjord;SN60500;28.03.2004;4,3
Tafjord;SN60500;29.03.2004;6,8
Tafjord;SN60500;30.03.2004;7,9
Tafjord;SN60500;31.03.2004;7,3
Tafjord;SN60500;01.04.2004;9,5
Tafjord;SN60500;02.04.2004;9,8
Tafjord;SN60500;03.04.2004;9,1
Tafjord;SN60500;04.04.2004;11,4
Tafjord;SN60500;05.04.2004;7,9
Tafjord;SN60500;06.04.2004;7,9
Tafjord;SN60500;07.04.2004;7,8
Tafjord;SN60500;08.04.2004;6,6
Tafjord;SN60500;09.04.2004;4,8
Tafjord;SN60500;10.04.2004;2,3
Tafjord;SN60500;11.04.2004;2,6
Tafjord;SN60500;12.04.2004;4,1
Tafjord;SN60500;13.04.2004;7,4
Tafjord;SN60500;14.04.2004;8,1
Tafjord;SN60500;15.04.2004;9,2
Tafjord;SN60500;16.04.2004;12,1
Tafjord;SN60500;17.04.2004;8,3
Tafjord;SN60500;18.04.2004;14,4
Tafjord;SN60500;19.04.2004;14,7
Tafjord;SN60500;20.04.2004;11,5
Tafjord;SN60500;21.04.2004;8,4
Tafjord;SN60500;22.04.2004;12,5
Tafjord;SN60500;23.04.2004;9,3
Tafjord;SN60500;24.04.2004;6,1
Tafjord;SN60500;25.04.2004;8,8
Tafjord;SN60500;26.04.2004;11
Tafjord;SN60500;27.04.2004;11,7
Tafjord;SN60500;28.04.2004;11,3
Tafjord;SN60500;29.04.2004;10,9
Tafjord;SN60500;30.04.2004;9,7
Tafjord;SN60500;01.05.2004;9,3
Tafjord;SN60500;02.05.2004;13,2
Tafjord;SN60500;03.05.2004;12,3
Tafjord;SN60500;04.05.2004;9,4
Tafjord;SN60500;05.05.2004;14
Tafjord;SN60500;06.05.2004;18,8
Tafjord;SN60500;07.05.2004;19,3
Tafjord;SN60500;08.05.2004;16,8
Tafjord;SN60500;09.05.2004;14,9
Tafjord;SN60500;10.05.2004;11,2
Tafjord;SN60500;11.05.2004;8,4
Tafjord;SN60500;12.05.2004;8,7
Tafjord;SN60500;13.05.2004;9,7
Tafjord;SN60500;14.05.2004;8,4
Tafjord;SN60500;15.05.2004;9,3
Tafjord;SN60500;16.05.2004;8,6
Tafjord;SN60500;17.05.2004;11,4
Tafjord;SN60500;18.05.2004;7,8
Tafjord;SN60500;19.05.2004;5,3
Tafjord;SN60500;20.05.2004;4,4
Tafjord;SN60500;21.05.2004;1,8
Tafjord;SN60500;22.05.2004;4,5
Tafjord;SN60500;23.05.2004;5,9
Tafjord;SN60500;24.05.2004;7,8
Tafjord;SN60500;25.05.2004;8,8
Tafjord;SN60500;26.05.2004;8,2
Tafjord;SN60500;27.05.2004;11,1
Tafjord;SN60500;28.05.2004;10,7
Tafjord;SN60500;29.05.2004;9,8
Tafjord;SN60500;30.05.2004;13,4
Tafjord;SN60500;31.05.2004;11,1
Tafjord;SN60500;01.06.2004;11,8
Tafjord;SN60500;02.06.2004;13,2
Tafjord;SN60500;03.06.2004;13,7
Tafjord;SN60500;04.06.2004;13,6
Tafjord;SN60500;05.06.2004;12,7
Tafjord;SN60500;06.06.2004;10,9
Tafjord;SN60500;07.06.2004;11,2
Tafjord;SN60500;08.06.2004;11,3
Tafjord;SN60500;09.06.2004;11,9
Tafjord;SN60500;10.06.2004;11,5
Tafjord;SN60500;11.06.2004;12,6
Tafjord;SN60500;12.06.2004;13
Tafjord;SN60500;13.06.2004;11,1
Tafjord;SN60500;14.06.2004;11
Tafjord;SN60500;15.06.2004;8,1
Tafjord;SN60500;16.06.2004;7,5
Tafjord;SN60500;17.06.2004;11
Tafjord;SN60500;18.06.2004;10,3
Tafjord;SN60500;19.06.2004;11,9
Tafjord;SN60500;20.06.2004;13,9
Tafjord;SN60500;21.06.2004;12,1
Tafjord;SN60500;22.06.2004;12,3
Tafjord;SN60500;23.06.2004;12,9
Tafjord;SN60500;24.06.2004;15,7
Tafjord;SN60500;25.06.2004;13
Tafjord;SN60500;26.06.2004;12,2
Tafjord;SN60500;27.06.2004;12,9
Tafjord;SN60500;28.06.2004;13,6
Tafjord;SN60500;29.06.2004;13,5
Tafjord;SN60500;30.06.2004;13
Tafjord;SN60500;01.07.2004;12,7
Tafjord;SN60500;02.07.2004;12,8
Tafjord;SN60500;03.07.2004;11,8
Tafjord;SN60500;04.07.2004;14
Tafjord;SN60500;05.07.2004;12
Tafjord;SN60500;06.07.2004;11,7
Tafjord;SN60500;07.07.2004;11,7
Tafjord;SN60500;08.07.2004;12,3
Tafjord;SN60500;09.07.2004;13,3
Tafjord;SN60500;10.07.2004;15,7
Tafjord;SN60500;11.07.2004;14,4
Tafjord;SN60500;12.07.2004;13,7
Tafjord;SN60500;13.07.2004;11,6
Tafjord;SN60500;14.07.2004;11,7
Tafjord;SN60500;15.07.2004;12,2
Tafjord;SN60500;16.07.2004;13,3
Tafjord;SN60500;17.07.2004;13,6
Tafjord;SN60500;18.07.2004;17
Tafjord;SN60500;19.07.2004;14,8
Tafjord;SN60500;20.07.2004;14,6
Tafjord;SN60500;21.07.2004;14,5
Tafjord;SN60500;22.07.2004;17,2
Tafjord;SN60500;23.07.2004;19
Tafjord;SN60500;24.07.2004;15,9
Tafjord;SN60500;25.07.2004;14,3
Tafjord;SN60500;26.07.2004;13,4
Tafjord;SN60500;27.07.2004;14,7
Tafjord;SN60500;28.07.2004;14,5
Tafjord;SN60500;29.07.2004;15,6
Tafjord;SN60500;30.07.2004;15,9
Tafjord;SN60500;31.07.2004;16,8
Tafjord;SN60500;01.08.2004;17,2
Tafjord;SN60500;02.08.2004;18,3
Tafjord;SN60500;03.08.2004;19
Tafjord;SN60500;04.08.2004;21,2
Tafjord;SN60500;05.08.2004;20,8
Tafjord;SN60500;06.08.2004;19,2
Tafjord;SN60500;07.08.2004;19,2
Tafjord;SN60500;08.08.2004;18,4
Tafjord;SN60500;09.08.2004;18,9
Tafjord;SN60500;10.08.2004;19,6
Tafjord;SN60500;11.08.2004;19,1
Tafjord;SN60500;12.08.2004;17,5
Tafjord;SN60500;13.08.2004;15,1
Tafjord;SN60500;14.08.2004;14,5
Tafjord;SN60500;15.08.2004;15,8
Tafjord;SN60500;16.08.2004;12,9
Tafjord;SN60500;17.08.2004;13,6
Tafjord;SN60500;18.08.2004;14,6
Tafjord;SN60500;19.08.2004;14,7
Tafjord;SN60500;20.08.2004;16,4
Tafjord;SN60500;21.08.2004;12,6
Tafjord;SN60500;22.08.2004;10,5
Tafjord;SN60500;23.08.2004;11,1
Tafjord;SN60500;24.08.2004;10,5
Tafjord;SN60500;25.08.2004;11,6
Tafjord;SN60500;26.08.2004;12,9
Tafjord;SN60500;27.08.2004;15,1
Tafjord;SN60500;28.08.2004;15,1
Tafjord;SN60500;29.08.2004;13,6
Tafjord;SN60500;30.08.2004;13,1
Tafjord;SN60500;31.08.2004;11,5
Tafjord;SN60500;01.09.2004;14,6
Tafjord;SN60500;02.09.2004;13,8
Tafjord;SN60500;03.09.2004;16,4
Tafjord;SN60500;04.09.2004;20,2
Tafjord;SN60500;05.09.2004;17,6
Tafjord;SN60500;06.09.2004;12,3
Tafjord;SN60500;07.09.2004;10,3
Tafjord;SN60500;08.09.2004;11,3
Tafjord;SN60500;09.09.2004;10,2
Tafjord;SN60500;10.09.2004;10,6
Tafjord;SN60500;11.09.2004;10,3
Tafjord;SN60500;12.09.2004;12,7
Tafjord;SN60500;13.09.2004;11,2
Tafjord;SN60500;14.09.2004;11,5
Tafjord;SN60500;15.09.2004;8,2
Tafjord;SN60500;16.09.2004;8,7
Tafjord;SN60500;17.09.2004;14,4
Tafjord;SN60500;18.09.2004;14,2
Tafjord;SN60500;19.09.2004;14,6
Tafjord;SN60500;20.09.2004;15,8
Tafjord;SN60500;21.09.2004;11,2
Tafjord;SN60500;22.09.2004;9,8
Tafjord;SN60500;23.09.2004;9,3
Tafjord;SN60500;24.09.2004;10,6
Tafjord;SN60500;25.09.2004;9,1
Tafjord;SN60500;26.09.2004;11
Tafjord;SN60500;27.09.2004;9,8
Tafjord;SN60500;28.09.2004;9,2
Tafjord;SN60500;29.09.2004;9,3
Tafjord;SN60500;30.09.2004;7,1
Tafjord;SN60500;01.10.2004;6,5
Tafjord;SN60500;02.10.2004;13,2
Tafjord;SN60500;03.10.2004;11,6
Tafjord;SN60500;04.10.2004;15,6
Tafjord;SN60500;05.10.2004;14,2
Tafjord;SN60500;06.10.2004;11,5
Tafjord;SN60500;07.10.2004;7,7
Tafjord;SN60500;08.10.2004;6,8
Tafjord;SN60500;09.10.2004;6,5
Tafjord;SN60500;10.10.2004;5,2
Tafjord;SN60500;11.10.2004;5,8
Tafjord;SN60500;12.10.2004;8,6
Tafjord;SN60500;13.10.2004;11
Tafjord;SN60500;14.10.2004;10,5
Tafjord;SN60500;15.10.2004;10,2
Tafjord;SN60500;16.10.2004;8,5
Tafjord;SN60500;17.10.2004;10,8
Tafjord;SN60500;18.10.2004;11
Tafjord;SN60500;19.10.2004;8,5
Tafjord;SN60500;20.10.2004;9,9
Tafjord;SN60500;21.10.2004;11,7
Tafjord;SN60500;22.10.2004;8,8
Tafjord;SN60500;23.10.2004;2,5
Tafjord;SN60500;24.10.2004;5,8
Tafjord;SN60500;25.10.2004;6,8
Tafjord;SN60500;26.10.2004;6,2
Tafjord;SN60500;27.10.2004;5,7
Tafjord;SN60500;28.10.2004;8
Tafjord;SN60500;29.10.2004;8,4
Tafjord;SN60500;30.10.2004;9,1
Tafjord;SN60500;31.10.2004;8,6
Tafjord;SN60500;01.11.2004;5,3
Tafjord;SN60500;02.11.2004;3,9
Tafjord;SN60500;03.11.2004;9,2
Tafjord;SN60500;04.11.2004;10,6
Tafjord;SN60500;05.11.2004;4,9
Tafjord;SN60500;06.11.2004;2,9
Tafjord;SN60500;07.11.2004;3,3
Tafjord;SN60500;08.11.2004;4
Tafjord;SN60500;09.11.2004;12,2
Tafjord;SN60500;10.11.2004;7,5
Tafjord;SN60500;11.11.2004;10,2
Tafjord;SN60500;12.11.2004;3,7
Tafjord;SN60500;13.11.2004;2,1
Tafjord;SN60500;14.11.2004;2,3
Tafjord;SN60500;15.11.2004;2,4
Tafjord;SN60500;16.11.2004;0,6
Tafjord;SN60500;17.11.2004;-0,6
Tafjord;SN60500;18.11.2004;-0,8
Tafjord;SN60500;19.11.2004;-0,9
Tafjord;SN60500;20.11.2004;-0,1
Tafjord;SN60500;21.11.2004;-1
Tafjord;SN60500;22.11.2004;-0,5
Tafjord;SN60500;23.11.2004;-1,7
Tafjord;SN60500;24.11.2004;2,5
Tafjord;SN60500;25.11.2004;2,5
Tafjord;SN60500;26.11.2004;4,7
Tafjord;SN60500;27.11.2004;5
Tafjord;SN60500;28.11.2004;3,5
Tafjord;SN60500;29.11.2004;1,9
Tafjord;SN60500;30.11.2004;4,5
Tafjord;SN60500;01.12.2004;4,5
Tafjord;SN60500;02.12.2004;3,5
Tafjord;SN60500;03.12.2004;6,5
Tafjord;SN60500;04.12.2004;4,3
Tafjord;SN60500;05.12.2004;5,2
Tafjord;SN60500;06.12.2004;4,4
Tafjord;SN60500;07.12.2004;4,4
Tafjord;SN60500;08.12.2004;3,7
Tafjord;SN60500;09.12.2004;6,1
Tafjord;SN60500;10.12.2004;8,4
Tafjord;SN60500;11.12.2004;4
Tafjord;SN60500;12.12.2004;4,2
Tafjord;SN60500;13.12.2004;6,5
Tafjord;SN60500;14.12.2004;13,5
Tafjord;SN60500;15.12.2004;3,9
Tafjord;SN60500;16.12.2004;7,9
Tafjord;SN60500;17.12.2004;6,7
Tafjord;SN60500;18.12.2004;-0,4
Tafjord;SN60500;19.12.2004;-1,3
Tafjord;SN60500;20.12.2004;-3,3
Tafjord;SN60500;21.12.2004;0,5
Tafjord;SN60500;22.12.2004;4,1
Tafjord;SN60500;23.12.2004;-0,1
Tafjord;SN60500;24.12.2004;-3,1
Tafjord;SN60500;25.12.2004;-2,4
Tafjord;SN60500;26.12.2004;-8,6
Tafjord;SN60500;27.12.2004;7
Tafjord;SN60500;28.12.2004;6,5
Tafjord;SN60500;29.12.2004;5,6
Tafjord;SN60500;30.12.2004;4
Tafjord;SN60500;31.12.2004;3,4
Tafjord;SN60500;01.01.2005;6,1
Tafjord;SN60500;02.01.2005;1
Tafjord;SN60500;03.01.2005;1,4
Tafjord;SN60500;04.01.2005;3,3
Tafjord;SN60500;05.01.2005;4,9
Tafjord;SN60500;06.01.2005;3,7
Tafjord;SN60500;07.01.2005;4,9
Tafjord;SN60500;08.01.2005;3,6
Tafjord;SN60500;09.01.2005;1,5
Tafjord;SN60500;10.01.2005;8,5
Tafjord;SN60500;11.01.2005;4,2
Tafjord;SN60500;12.01.2005;7
Tafjord;SN60500;13.01.2005;4,3
Tafjord;SN60500;14.01.2005;0,7
Tafjord;SN60500;15.01.2005;4,3
Tafjord;SN60500;16.01.2005;7,5
Tafjord;SN60500;17.01.2005;8,3
Tafjord;SN60500;18.01.2005;2
Tafjord;SN60500;19.01.2005;1,7
Tafjord;SN60500;20.01.2005;2,3
Tafjord;SN60500;21.01.2005;-1
Tafjord;SN60500;22.01.2005;0,2
Tafjord;SN60500;23.01.2005;-0,8
Tafjord;SN60500;24.01.2005;-0,7
Tafjord;SN60500;25.01.2005;-2,3
Tafjord;SN60500;26.01.2005;0
Tafjord;SN60500;27.01.2005;0,8
Tafjord;SN60500;28.01.2005;1,3
Tafjord;SN60500;29.01.2005;1,1
Tafjord;SN60500;30.01.2005;3,9
Tafjord;SN60500;31.01.2005;2,3
Tafjord;SN60500;01.02.2005;1,7
Tafjord;SN60500;02.02.2005;1,9
Tafjord;SN60500;03.02.2005;2,6
Tafjord;SN60500;04.02.2005;4,7
Tafjord;SN60500;05.02.2005;2,5
Tafjord;SN60500;06.02.2005;1
Tafjord;SN60500;07.02.2005;4,1
Tafjord;SN60500;08.02.2005;6,5
Tafjord;SN60500;09.02.2005;8,6
Tafjord;SN60500;10.02.2005;2,6
Tafjord;SN60500;11.02.2005;0,5
Tafjord;SN60500;12.02.2005;0,8
Tafjord;SN60500;13.02.2005;0,5
Tafjord;SN60500;14.02.2005;-3,6
Tafjord;SN60500;15.02.2005;-4,4
Tafjord;SN60500;16.02.2005;2,7
Tafjord;SN60500;17.02.2005;3,4
Tafjord;SN60500;18.02.2005;4
Tafjord;SN60500;19.02.2005;1,1
Tafjord;SN60500;20.02.2005;0,2
Tafjord;SN60500;21.02.2005;-2,3
Tafjord;SN60500;22.02.2005;-2,9
Tafjord;SN60500;23.02.2005;-2,3
Tafjord;SN60500;24.02.2005;-2,5
Tafjord;SN60500;25.02.2005;-2,3
Tafjord;SN60500;26.02.2005;-1,8
Tafjord;SN60500;27.02.2005;-3
Tafjord;SN60500;28.02.2005;-1
Tafjord;SN60500;01.03.2005;-4
Tafjord;SN60500;02.03.2005;-5,7
Tafjord;SN60500;03.03.2005;0,2
Tafjord;SN60500;04.03.2005;3,5
Tafjord;SN60500;05.03.2005;0,1
Tafjord;SN60500;06.03.2005;0,7
Tafjord;SN60500;07.03.2005;2,8
Tafjord;SN60500;08.03.2005;3
Tafjord;SN60500;09.03.2005;2,3
Tafjord;SN60500;10.03.2005;4,1
Tafjord;SN60500;11.03.2005;2,5
Tafjord;SN60500;12.03.2005;0,8
Tafjord;SN60500;13.03.2005;-1,1
Tafjord;SN60500;14.03.2005;-0,4
Tafjord;SN60500;15.03.2005;0,7
Tafjord;SN60500;16.03.2005;2,1
Tafjord;SN60500;17.03.2005;1,5
Tafjord;SN60500;18.03.2005;-0,4
Tafjord;SN60500;19.03.2005;0,2
Tafjord;SN60500;20.03.2005;1,7
Tafjord;SN60500;21.03.2005;4
Tafjord;SN60500;22.03.2005;9,4
Tafjord;SN60500;23.03.2005;9,3
Tafjord;SN60500;24.03.2005;7,7
Tafjord;SN60500;25.03.2005;7,1
Tafjord;SN60500;26.03.2005;6,1
Tafjord;SN60500;27.03.2005;4,2
Tafjord;SN60500;28.03.2005;4,1
Tafjord;SN60500;29.03.2005;7,6
Tafjord;SN60500;30.03.2005;5,5
Tafjord;SN60500;31.03.2005;2,7
Tafjord;SN60500;01.04.2005;8,8
Tafjord;SN60500;02.04.2005;8,2
Tafjord;SN60500;03.04.2005;9,8
Tafjord;SN60500;04.04.2005;10,5
Tafjord;SN60500;05.04.2005;6,5
Tafjord;SN60500;06.04.2005;6,7
Tafjord;SN60500;07.04.2005;9,5
Tafjord;SN60500;08.04.2005;3,5
Tafjord;SN60500;09.04.2005;3,1
Tafjord;SN60500;10.04.2005;6,8
Tafjord;SN60500;11.04.2005;6,1
Tafjord;SN60500;12.04.2005;7,5
Tafjord;SN60500;13.04.2005;6,8
Tafjord;SN60500;14.04.2005;6,4
Tafjord;SN60500;15.04.2005;4,9
Tafjord;SN60500;16.04.2005;6,3
Tafjord;SN60500;17.04.2005;9,5
Tafjord;SN60500;18.04.2005;10,4
Tafjord;SN60500;19.04.2005;8,7
Tafjord;SN60500;20.04.2005;6
Tafjord;SN60500;21.04.2005;6
Tafjord;SN60500;22.04.2005;5,3
Tafjord;SN60500;23.04.2005;5,3
Tafjord;SN60500;24.04.2005;6,6
Tafjord;SN60500;25.04.2005;6,6
Tafjord;SN60500;26.04.2005;8,5
Tafjord;SN60500;27.04.2005;9,8
Tafjord;SN60500;28.04.2005;8,5
Tafjord;SN60500;29.04.2005;13,1
Tafjord;SN60500;30.04.2005;11,7
Tafjord;SN60500;01.05.2005;10,2
Tafjord;SN60500;02.05.2005;13,3
Tafjord;SN60500;03.05.2005;10,7
Tafjord;SN60500;04.05.2005;6,7
Tafjord;SN60500;05.05.2005;7
Tafjord;SN60500;06.05.2005;7,7
Tafjord;SN60500;07.05.2005;7,9
Tafjord;SN60500;08.05.2005;6,8
Tafjord;SN60500;09.05.2005;7,2
Tafjord;SN60500;10.05.2005;7,5
Tafjord;SN60500;11.05.2005;6,9
Tafjord;SN60500;12.05.2005;8,2
Tafjord;SN60500;13.05.2005;8,1
Tafjord;SN60500;14.05.2005;7,4
Tafjord;SN60500;15.05.2005;5,8
Tafjord;SN60500;16.05.2005;5,4
Tafjord;SN60500;17.05.2005;5,9
Tafjord;SN60500;18.05.2005;6,6
Tafjord;SN60500;19.05.2005;7,1
Tafjord;SN60500;20.05.2005;9,5
Tafjord;SN60500;21.05.2005;15,5
Tafjord;SN60500;22.05.2005;13,6
Tafjord;SN60500;23.05.2005;12,7
Tafjord;SN60500;24.05.2005;11,7
Tafjord;SN60500;25.05.2005;11,9
Tafjord;SN60500;26.05.2005;11,5
Tafjord;SN60500;27.05.2005;8,4
Tafjord;SN60500;28.05.2005;8,4
Tafjord;SN60500;29.05.2005;11,2
Tafjord;SN60500;30.05.2005;11
Tafjord;SN60500;31.05.2005;8,9
Tafjord;SN60500;01.06.2005;9,4
Tafjord;SN60500;02.06.2005;10
Tafjord;SN60500;03.06.2005;10,2
Tafjord;SN60500;04.06.2005;11,5
Tafjord;SN60500;05.06.2005;9,8
Tafjord;SN60500;06.06.2005;6,1
Tafjord;SN60500;07.06.2005;8,6
Tafjord;SN60500;08.06.2005;10,3
Tafjord;SN60500;09.06.2005;13,3
Tafjord;SN60500;10.06.2005;8,3
Tafjord;SN60500;11.06.2005;9,8
Tafjord;SN60500;12.06.2005;10,7
Tafjord;SN60500;13.06.2005;14,6
Tafjord;SN60500;14.06.2005;15,1
Tafjord;SN60500;15.06.2005;16,6
Tafjord;SN60500;16.06.2005;16,7
Tafjord;SN60500;17.06.2005;11,8
Tafjord;SN60500;18.06.2005;11,7
Tafjord;SN60500;19.06.2005;14,7
Tafjord;SN60500;20.06.2005;17
Tafjord;SN60500;21.06.2005;12,5
Tafjord;SN60500;22.06.2005;12,6
Tafjord;SN60500;23.06.2005;14,9
Tafjord;SN60500;24.06.2005;12,5
Tafjord;SN60500;25.06.2005;10,1
Tafjord;SN60500;26.06.2005;11,6
Tafjord;SN60500;27.06.2005;11,5
Tafjord;SN60500;28.06.2005;10,2
Tafjord;SN60500;29.06.2005;11,7
Tafjord;SN60500;30.06.2005;13
Tafjord;SN60500;01.07.2005;19,8
Tafjord;SN60500;02.07.2005;15,6
Tafjord;SN60500;03.07.2005;18
Tafjord;SN60500;04.07.2005;19,4
Tafjord;SN60500;05.07.2005;22,7
Tafjord;SN60500;06.07.2005;16
Tafjord;SN60500;07.07.2005;15,8
Tafjord;SN60500;08.07.2005;15,9
Tafjord;SN60500;09.07.2005;16,7
Tafjord;SN60500;10.07.2005;15,3
Tafjord;SN60500;11.07.2005;16,3
Tafjord;SN60500;12.07.2005;18,1
Tafjord;SN60500;13.07.2005;14,2
Tafjord;SN60500;14.07.2005;14,3
Tafjord;SN60500;15.07.2005;15,7
Tafjord;SN60500;16.07.2005;16,1
Tafjord;SN60500;17.07.2005;16,7
Tafjord;SN60500;18.07.2005;17,2
Tafjord;SN60500;19.07.2005;17,8
Tafjord;SN60500;20.07.2005;17,8
Tafjord;SN60500;21.07.2005;15,4
Tafjord;SN60500;22.07.2005;15,4
Tafjord;SN60500;23.07.2005;14,8
Tafjord;SN60500;24.07.2005;14,1
Tafjord;SN60500;25.07.2005;15,5
Tafjord;SN60500;26.07.2005;15,3
Tafjord;SN60500;27.07.2005;15,7
Tafjord;SN60500;28.07.2005;15,7
Tafjord;SN60500;29.07.2005;15
Tafjord;SN60500;30.07.2005;14,7
Tafjord;SN60500;31.07.2005;16,3
Tafjord;SN60500;01.08.2005;15,6
Tafjord;SN60500;02.08.2005;15,8
Tafjord;SN60500;03.08.2005;14,7
Tafjord;SN60500;04.08.2005;14
Tafjord;SN60500;05.08.2005;12,6
Tafjord;SN60500;06.08.2005;13,5
Tafjord;SN60500;07.08.2005;13,5
Tafjord;SN60500;08.08.2005;14,2
Tafjord;SN60500;09.08.2005;13
Tafjord;SN60500;10.08.2005;13,4
Tafjord;SN60500;11.08.2005;13,4
Tafjord;SN60500;12.08.2005;13,1
Tafjord;SN60500;13.08.2005;12,4
Tafjord;SN60500;14.08.2005;12,6
Tafjord;SN60500;15.08.2005;12,7
Tafjord;SN60500;16.08.2005;12,2
Tafjord;SN60500;17.08.2005;12,7
Tafjord;SN60500;18.08.2005;17,1
Tafjord;SN60500;19.08.2005;16,1
Tafjord;SN60500;20.08.2005;13,8
Tafjord;SN60500;21.08.2005;13,6
Tafjord;SN60500;22.08.2005;16,5
Tafjord;SN60500;23.08.2005;13,2
Tafjord;SN60500;24.08.2005;16,9
Tafjord;SN60500;25.08.2005;14,4
Tafjord;SN60500;26.08.2005;11,8
Tafjord;SN60500;27.08.2005;11,8
Tafjord;SN60500;28.08.2005;13,2
Tafjord;SN60500;29.08.2005;13,8
Tafjord;SN60500;30.08.2005;10,8
Tafjord;SN60500;31.08.2005;11,9
Tafjord;SN60500;01.09.2005;19,6
Tafjord;SN60500;02.09.2005;14,6
Tafjord;SN60500;03.09.2005;11,5
Tafjord;SN60500;04.09.2005;15,6
Tafjord;SN60500;05.09.2005;12,3
Tafjord;SN60500;06.09.2005;13,9
Tafjord;SN60500;07.09.2005;14,6
Tafjord;SN60500;08.09.2005;12,1
Tafjord;SN60500;09.09.2005;9,5
Tafjord;SN60500;10.09.2005;7,8
Tafjord;SN60500;11.09.2005;10,9
Tafjord;SN60500;12.09.2005;10
Tafjord;SN60500;13.09.2005;12
Tafjord;SN60500;14.09.2005;12,2
Tafjord;SN60500;15.09.2005;7
Tafjord;SN60500;16.09.2005;4,9
Tafjord;SN60500;17.09.2005;7,4
Tafjord;SN60500;18.09.2005;10,8
Tafjord;SN60500;19.09.2005;13,6
Tafjord;SN60500;20.09.2005;11,1
Tafjord;SN60500;21.09.2005;10
Tafjord;SN60500;22.09.2005;17,9
Tafjord;SN60500;23.09.2005;18,2
Tafjord;SN60500;24.09.2005;10,3
Tafjord;SN60500;25.09.2005;13,2
Tafjord;SN60500;26.09.2005;18,7
Tafjord;SN60500;27.09.2005;17,3
Tafjord;SN60500;28.09.2005;11,9
Tafjord;SN60500;29.09.2005;12,5
Tafjord;SN60500;30.09.2005;10,1
Tafjord;SN60500;01.10.2005;11
Tafjord;SN60500;02.10.2005;9
Tafjord;SN60500;03.10.2005;10,8
Tafjord;SN60500;04.10.2005;11,4
Tafjord;SN60500;05.10.2005;10,8
Tafjord;SN60500;06.10.2005;9,2
Tafjord;SN60500;07.10.2005;20
Tafjord;SN60500;08.10.2005;19,5
Tafjord;SN60500;09.10.2005;9
Tafjord;SN60500;10.10.2005;16,8
Tafjord;SN60500;11.10.2005;22,5
Tafjord;SN60500;12.10.2005;15,9
Tafjord;SN60500;13.10.2005;16,5
Tafjord;SN60500;14.10.2005;6,3
Tafjord;SN60500;15.10.2005;4,5
Tafjord;SN60500;16.10.2005;2,5
Tafjord;SN60500;17.10.2005;1,6
Tafjord;SN60500;18.10.2005;0,8
Tafjord;SN60500;19.10.2005;1,5
Tafjord;SN60500;20.10.2005;9,2
Tafjord;SN60500;21.10.2005;6,1
Tafjord;SN60500;22.10.2005;4,4
Tafjord;SN60500;23.10.2005;-1,4
Tafjord;SN60500;24.10.2005;-2,5
Tafjord;SN60500;25.10.2005;5,8
Tafjord;SN60500;26.10.2005;4,3
Tafjord;SN60500;27.10.2005;10,1
Tafjord;SN60500;28.10.2005;19,9
Tafjord;SN60500;29.10.2005;14,9
Tafjord;SN60500;30.10.2005;18,1
Tafjord;SN60500;31.10.2005;14,6
Tafjord;SN60500;01.11.2005;15,8
Tafjord;SN60500;02.11.2005;10,6
Tafjord;SN60500;03.11.2005;13,6
Tafjord;SN60500;04.11.2005;13,8
Tafjord;SN60500;05.11.2005;8
Tafjord;SN60500;06.11.2005;10,2
Tafjord;SN60500;07.11.2005;12,3
Tafjord;SN60500;08.11.2005;12,2
Tafjord;SN60500;09.11.2005;6,8
Tafjord;SN60500;10.11.2005;10,1
Tafjord;SN60500;11.11.2005;7,1
Tafjord;SN60500;12.11.2005;11,3
Tafjord;SN60500;13.11.2005;5,6
Tafjord;SN60500;14.11.2005;6,4
Tafjord;SN60500;15.11.2005;1,8
Tafjord;SN60500;16.11.2005;0,6
Tafjord;SN60500;17.11.2005;0,9
Tafjord;SN60500;18.11.2005;1,2
Tafjord;SN60500;19.11.2005;1,1
Tafjord;SN60500;20.11.2005;1,9
Tafjord;SN60500;21.11.2005;3,5
Tafjord;SN60500;22.11.2005;4,6
Tafjord;SN60500;23.11.2005;5,5
Tafjord;SN60500;24.11.2005;4,2
Tafjord;SN60500;25.11.2005;1,8
Tafjord;SN60500;26.11.2005;1,9
Tafjord;SN60500;27.11.2005;0,3
Tafjord;SN60500;28.11.2005;-2,8
Tafjord;SN60500;29.11.2005;-1,5
Tafjord;SN60500;30.11.2005;-2,7
Tafjord;SN60500;01.12.2005;1,4
Tafjord;SN60500;02.12.2005;5,6
Tafjord;SN60500;03.12.2005;4,2
Tafjord;SN60500;04.12.2005;4
Tafjord;SN60500;05.12.2005;4,4
Tafjord;SN60500;06.12.2005;4,6
Tafjord;SN60500;07.12.2005;4,8
Tafjord;SN60500;08.12.2005;3,8
Tafjord;SN60500;09.12.2005;2,2
Tafjord;SN60500;10.12.2005;5,2
Tafjord;SN60500;11.12.2005;8,8
Tafjord;SN60500;12.12.2005;3,7
Tafjord;SN60500;13.12.2005;3,2
Tafjord;SN60500;14.12.2005;3,9
Tafjord;SN60500;15.12.2005;2,1
Tafjord;SN60500;16.12.2005;-0,5
Tafjord;SN60500;17.12.2005;0,3
Tafjord;SN60500;18.12.2005;-0,5
Tafjord;SN60500;19.12.2005;1,6
Tafjord;SN60500;20.12.2005;-1,3
Tafjord;SN60500;21.12.2005;5,7
Tafjord;SN60500;22.12.2005;2,2
Tafjord;SN60500;23.12.2005;3,3
Tafjord;SN60500;24.12.2005;2
Tafjord;SN60500;25.12.2005;1,9
Tafjord;SN60500;26.12.2005;-1,1
Tafjord;SN60500;27.12.2005;0,1
Tafjord;SN60500;28.12.2005;-5,6
Tafjord;SN60500;29.12.2005;-3,4
Tafjord;SN60500;30.12.2005;0,3
Tafjord;SN60500;31.12.2005;2,3
Tafjord;SN60500;01.01.2006;-3
Tafjord;SN60500;02.01.2006;0,4
Tafjord;SN60500;03.01.2006;6,5
Tafjord;SN60500;04.01.2006;4,8
Tafjord;SN60500;05.01.2006;3,2
Tafjord;SN60500;06.01.2006;3
Tafjord;SN60500;07.01.2006;-4,4
Tafjord;SN60500;08.01.2006;-5
Tafjord;SN60500;09.01.2006;1,3
Tafjord;SN60500;10.01.2006;8,2
Tafjord;SN60500;11.01.2006;6,8
Tafjord;SN60500;12.01.2006;5,1
Tafjord;SN60500;13.01.2006;9,1
Tafjord;SN60500;14.01.2006;9,5
Tafjord;SN60500;15.01.2006;8,9
Tafjord;SN60500;16.01.2006;6
Tafjord;SN60500;17.01.2006;5,5
Tafjord;SN60500;18.01.2006;2,6
Tafjord;SN60500;19.01.2006;2,6
Tafjord;SN60500;20.01.2006;2,3
Tafjord;SN60500;21.01.2006;-0,9
Tafjord;SN60500;22.01.2006;4,9
Tafjord;SN60500;23.01.2006;8
Tafjord;SN60500;24.01.2006;6,8
Tafjord;SN60500;25.01.2006;1,9
Tafjord;SN60500;26.01.2006;-1,5
Tafjord;SN60500;27.01.2006;0,7
Tafjord;SN60500;28.01.2006;1,7
Tafjord;SN60500;29.01.2006;3,5
Tafjord;SN60500;30.01.2006;5,2
Tafjord;SN60500;31.01.2006;5,3
Tafjord;SN60500;01.02.2006;2,2
Tafjord;SN60500;02.02.2006;3
Tafjord;SN60500;03.02.2006;3,1
Tafjord;SN60500;04.02.2006;2,3
Tafjord;SN60500;05.02.2006;2,3
Tafjord;SN60500;06.02.2006;3,7
Tafjord;SN60500;07.02.2006;3
Tafjord;SN60500;08.02.2006;0,7
Tafjord;SN60500;09.02.2006;0,7
Tafjord;SN60500;10.02.2006;-1,7
Tafjord;SN60500;11.02.2006;-2,1
Tafjord;SN60500;12.02.2006;2,7
Tafjord;SN60500;13.02.2006;2
Tafjord;SN60500;14.02.2006;6,3
Tafjord;SN60500;15.02.2006;5,7
Tafjord;SN60500;16.02.2006;5,3
Tafjord;SN60500;17.02.2006;2,1
Tafjord;SN60500;18.02.2006;0,2
Tafjord;SN60500;19.02.2006;-0,4
Tafjord;SN60500;20.02.2006;1,1
Tafjord;SN60500;21.02.2006;0,1
Tafjord;SN60500;22.02.2006;0
Tafjord;SN60500;23.02.2006;3,1
Tafjord;SN60500;24.02.2006;2,5
Tafjord;SN60500;25.02.2006;1,2
Tafjord;SN60500;26.02.2006;-0,3
Tafjord;SN60500;27.02.2006;-1,1
Tafjord;SN60500;28.02.2006;-5,7
Tafjord;SN60500;01.03.2006;-5,7
Tafjord;SN60500;02.03.2006;-2,7
Tafjord;SN60500;03.03.2006;-5,4
Tafjord;SN60500;04.03.2006;-6,7
Tafjord;SN60500;05.03.2006;-5,3
Tafjord;SN60500;06.03.2006;-4
Tafjord;SN60500;07.03.2006;-2,2
Tafjord;SN60500;08.03.2006;0,3
Tafjord;SN60500;09.03.2006;-0,3
Tafjord;SN60500;10.03.2006;-4,5
Tafjord;SN60500;11.03.2006;-4,5
Tafjord;SN60500;12.03.2006;1,3
Tafjord;SN60500;13.03.2006;4,2
Tafjord;SN60500;14.03.2006;0,2
Tafjord;SN60500;15.03.2006;-1,8
Tafjord;SN60500;16.03.2006;-1,2
Tafjord;SN60500;17.03.2006;-0,6
Tafjord;SN60500;18.03.2006;2,5
Tafjord;SN60500;19.03.2006;2,6
Tafjord;SN60500;20.03.2006;-0,4
Tafjord;SN60500;21.03.2006;-1,4
Tafjord;SN60500;22.03.2006;-1,6
Tafjord;SN60500;23.03.2006;-1,4
Tafjord;SN60500;24.03.2006;-1,7
Tafjord;SN60500;25.03.2006;1,8
Tafjord;SN60500;26.03.2006;3,4
Tafjord;SN60500;27.03.2006;5,7
Tafjord;SN60500;28.03.2006;7,5
Tafjord;SN60500;29.03.2006;4,5
Tafjord;SN60500;30.03.2006;1,5
Tafjord;SN60500;31.03.2006;3,1
Tafjord;SN60500;01.04.2006;2,5
Tafjord;SN60500;02.04.2006;2,3
Tafjord;SN60500;03.04.2006;3,8
Tafjord;SN60500;04.04.2006;3
Tafjord;SN60500;05.04.2006;2,2
Tafjord;SN60500;06.04.2006;6,1
Tafjord;SN60500;07.04.2006;5,5
Tafjord;SN60500;08.04.2006;4,4
Tafjord;SN60500;09.04.2006;3,4
Tafjord;SN60500;10.04.2006;4
Tafjord;SN60500;11.04.2006;6
Tafjord;SN60500;12.04.2006;8,6
Tafjord;SN60500;13.04.2006;10,2
Tafjord;SN60500;14.04.2006;6,3
Tafjord;SN60500;15.04.2006;6,6
Tafjord;SN60500;16.04.2006;8,1
Tafjord;SN60500;17.04.2006;5,5
Tafjord;SN60500;18.04.2006;4,4
Tafjord;SN60500;19.04.2006;6,3
Tafjord;SN60500;20.04.2006;5,1
Tafjord;SN60500;21.04.2006;5,3
Tafjord;SN60500;22.04.2006;9,4
Tafjord;SN60500;23.04.2006;10,6
Tafjord;SN60500;24.04.2006;9,4
Tafjord;SN60500;25.04.2006;13,3
Tafjord;SN60500;26.04.2006;11,9
Tafjord;SN60500;27.04.2006;8,2
Tafjord;SN60500;28.04.2006;5,9
Tafjord;SN60500;29.04.2006;7,7
Tafjord;SN60500;30.04.2006;13
Tafjord;SN60500;01.05.2006;11,9
Tafjord;SN60500;02.05.2006;10,9
Tafjord;SN60500;03.05.2006;14
Tafjord;SN60500;04.05.2006;17,6
Tafjord;SN60500;05.05.2006;17,1
Tafjord;SN60500;06.05.2006;16,6
Tafjord;SN60500;07.05.2006;15,1
Tafjord;SN60500;08.05.2006;11,7
Tafjord;SN60500;09.05.2006;12,4
Tafjord;SN60500;10.05.2006;12
Tafjord;SN60500;11.05.2006;8,9
Tafjord;SN60500;12.05.2006;6,7
Tafjord;SN60500;13.05.2006;5,8
Tafjord;SN60500;14.05.2006;4,2
Tafjord;SN60500;15.05.2006;5,7
Tafjord;SN60500;16.05.2006;6,9
Tafjord;SN60500;17.05.2006;10,1
Tafjord;SN60500;18.05.2006;11,6
Tafjord;SN60500;19.05.2006;14,5
Tafjord;SN60500;20.05.2006;11,2
Tafjord;SN60500;21.05.2006;11
Tafjord;SN60500;22.05.2006;10,9
Tafjord;SN60500;23.05.2006;7,7
Tafjord;SN60500;24.05.2006;8,4
Tafjord;SN60500;25.05.2006;8,8
Tafjord;SN60500;26.05.2006;8,6
Tafjord;SN60500;27.05.2006;9,3
Tafjord;SN60500;28.05.2006;10,2
Tafjord;SN60500;29.05.2006;9,7
Tafjord;SN60500;30.05.2006;10
Tafjord;SN60500;31.05.2006;8,3
Tafjord;SN60500;01.06.2006;8,4
Tafjord;SN60500;02.06.2006;11,8
Tafjord;SN60500;03.06.2006;9,1
Tafjord;SN60500;04.06.2006;8,4
Tafjord;SN60500;05.06.2006;9,1
Tafjord;SN60500;06.06.2006;11,6
Tafjord;SN60500;07.06.2006;11,9
Tafjord;SN60500;08.06.2006;12,2
Tafjord;SN60500;09.06.2006;12,4
Tafjord;SN60500;10.06.2006;12,9
Tafjord;SN60500;11.06.2006;14
Tafjord;SN60500;12.06.2006;18,1
Tafjord;SN60500;13.06.2006;22,7
Tafjord;SN60500;14.06.2006;9,6
Tafjord;SN60500;15.06.2006;11,9
Tafjord;SN60500;16.06.2006;14,8
Tafjord;SN60500;17.06.2006;14,5
Tafjord;SN60500;18.06.2006;14,6
Tafjord;SN60500;19.06.2006;14,2
Tafjord;SN60500;20.06.2006;13,9
Tafjord;SN60500;21.06.2006;14
Tafjord;SN60500;22.06.2006;13,1
Tafjord;SN60500;23.06.2006;12,7
Tafjord;SN60500;24.06.2006;12,6
Tafjord;SN60500;25.06.2006;12,2
Tafjord;SN60500;26.06.2006;12,8
Tafjord;SN60500;27.06.2006;13,2
Tafjord;SN60500;28.06.2006;13,2
Tafjord;SN60500;29.06.2006;13,8
Tafjord;SN60500;30.06.2006;16,2
Tafjord;SN60500;01.07.2006;15,8
Tafjord;SN60500;02.07.2006;18,4
Tafjord;SN60500;03.07.2006;16,1
Tafjord;SN60500;04.07.2006;14,9
Tafjord;SN60500;05.07.2006;17,1
Tafjord;SN60500;06.07.2006;20,1
Tafjord;SN60500;07.07.2006;19,2
Tafjord;SN60500;08.07.2006;15,9
Tafjord;SN60500;09.07.2006;14,3
Tafjord;SN60500;10.07.2006;13,9
Tafjord;SN60500;11.07.2006;14,1
Tafjord;SN60500;12.07.2006;16,2
Tafjord;SN60500;13.07.2006;13,5
Tafjord;SN60500;14.07.2006;12,1
Tafjord;SN60500;15.07.2006;12,4
Tafjord;SN60500;16.07.2006;16,3
Tafjord;SN60500;17.07.2006;16
Tafjord;SN60500;18.07.2006;13,5
Tafjord;SN60500;19.07.2006;14,4
Tafjord;SN60500;20.07.2006;15,9
Tafjord;SN60500;21.07.2006;18,2
Tafjord;SN60500;22.07.2006;17,9
Tafjord;SN60500;23.07.2006;18,4
Tafjord;SN60500;24.07.2006;17,9
Tafjord;SN60500;25.07.2006;18,2
Tafjord;SN60500;26.07.2006;18,8
Tafjord;SN60500;27.07.2006;18,6
Tafjord;SN60500;28.07.2006;17,4
Tafjord;SN60500;29.07.2006;19,4
Tafjord;SN60500;30.07.2006;18,1
Tafjord;SN60500;31.07.2006;17,8
Tafjord;SN60500;01.08.2006;16,8
Tafjord;SN60500;02.08.2006;17,1
Tafjord;SN60500;03.08.2006;18,1
Tafjord;SN60500;04.08.2006;17,4
Tafjord;SN60500;05.08.2006;17,9
Tafjord;SN60500;06.08.2006;19,5
Tafjord;SN60500;07.08.2006;15,9
Tafjord;SN60500;08.08.2006;15,1
Tafjord;SN60500;09.08.2006;14,5
Tafjord;SN60500;10.08.2006;14,5
Tafjord;SN60500;11.08.2006;16,8
Tafjord;SN60500;12.08.2006;16,9
Tafjord;SN60500;13.08.2006;16,8
Tafjord;SN60500;14.08.2006;18,9
Tafjord;SN60500;15.08.2006;17,3
Tafjord;SN60500;16.08.2006;17,2
Tafjord;SN60500;17.08.2006;16,8
Tafjord;SN60500;18.08.2006;17,1
Tafjord;SN60500;19.08.2006;16,6
Tafjord;SN60500;20.08.2006;17,2
Tafjord;SN60500;21.08.2006;17,7
Tafjord;SN60500;22.08.2006;17,7
Tafjord;SN60500;23.08.2006;16,7
Tafjord;SN60500;24.08.2006;17,3
Tafjord;SN60500;25.08.2006;17,7
Tafjord;SN60500;26.08.2006;17,5
Tafjord;SN60500;27.08.2006;16,3
Tafjord;SN60500;28.08.2006;15,4
Tafjord;SN60500;29.08.2006;18,4
Tafjord;SN60500;30.08.2006;15,7
Tafjord;SN60500;31.08.2006;15,6
Tafjord;SN60500;01.09.2006;13,6
Tafjord;SN60500;02.09.2006;14,1
Tafjord;SN60500;03.09.2006;13,3
Tafjord;SN60500;04.09.2006;11,6
Tafjord;SN60500;05.09.2006;13,2
Tafjord;SN60500;06.09.2006;10,5
Tafjord;SN60500;07.09.2006;11,4
Tafjord;SN60500;08.09.2006;10,4
Tafjord;SN60500;09.09.2006;13,5
Tafjord;SN60500;10.09.2006;12,9
Tafjord;SN60500;11.09.2006;12,2
Tafjord;SN60500;12.09.2006;14,2
Tafjord;SN60500;13.09.2006;15,6
Tafjord;SN60500;14.09.2006;18,6
Tafjord;SN60500;15.09.2006;20,4
Tafjord;SN60500;16.09.2006;16,5
Tafjord;SN60500;17.09.2006;15,4
Tafjord;SN60500;18.09.2006;14,6
Tafjord;SN60500;19.09.2006;14,5
Tafjord;SN60500;20.09.2006;12,1
Tafjord;SN60500;21.09.2006;19,3
Tafjord;SN60500;22.09.2006;17,2
Tafjord;SN60500;23.09.2006;20,2
Tafjord;SN60500;24.09.2006;12,2
Tafjord;SN60500;25.09.2006;13,8
Tafjord;SN60500;26.09.2006;17,7
Tafjord;SN60500;27.09.2006;14,2
Tafjord;SN60500;28.09.2006;12,7
Tafjord;SN60500;29.09.2006;13,6
Tafjord;SN60500;30.09.2006;13,6
Tafjord;SN60500;01.10.2006;12,8
Tafjord;SN60500;02.10.2006;9,2
Tafjord;SN60500;03.10.2006;10,8
Tafjord;SN60500;04.10.2006;10,2
Tafjord;SN60500;05.10.2006;9,7
Tafjord;SN60500;06.10.2006;11,9
Tafjord;SN60500;07.10.2006;12
Tafjord;SN60500;08.10.2006;10,3
Tafjord;SN60500;09.10.2006;12,1
Tafjord;SN60500;10.10.2006;8,8
Tafjord;SN60500;11.10.2006;12,1
Tafjord;SN60500;12.10.2006;10,6
Tafjord;SN60500;13.10.2006;12,4
Tafjord;SN60500;14.10.2006;9,3
Tafjord;SN60500;15.10.2006;6,8
Tafjord;SN60500;16.10.2006;9,5
Tafjord;SN60500;17.10.2006;8,7
Tafjord;SN60500;18.10.2006;4,8
Tafjord;SN60500;19.10.2006;10,6
Tafjord;SN60500;20.10.2006;9,8
Tafjord;SN60500;21.10.2006;11,1
Tafjord;SN60500;22.10.2006;9,4
Tafjord;SN60500;23.10.2006;7,8
Tafjord;SN60500;24.10.2006;7,6
Tafjord;SN60500;25.10.2006;4,8
Tafjord;SN60500;26.10.2006;4,8
Tafjord;SN60500;27.10.2006;4,4
Tafjord;SN60500;28.10.2006;3,1
Tafjord;SN60500;29.10.2006;4,7
Tafjord;SN60500;30.10.2006;5,1
Tafjord;SN60500;31.10.2006;2,9
Tafjord;SN60500;01.11.2006;-1,7
Tafjord;SN60500;02.11.2006;0,9
Tafjord;SN60500;03.11.2006;1,8
Tafjord;SN60500;04.11.2006;3,9
Tafjord;SN60500;05.11.2006;3,7
Tafjord;SN60500;06.11.2006;6
Tafjord;SN60500;07.11.2006;5,8
Tafjord;SN60500;08.11.2006;2,6
Tafjord;SN60500;09.11.2006;2,9
Tafjord;SN60500;10.11.2006;4,9
Tafjord;SN60500;11.11.2006;6,5
Tafjord;SN60500;12.11.2006;1,4
Tafjord;SN60500;13.11.2006;7
Tafjord;SN60500;14.11.2006;7,2
Tafjord;SN60500;15.11.2006;6,3
Tafjord;SN60500;16.11.2006;11,9
Tafjord;SN60500;17.11.2006;8,2
Tafjord;SN60500;18.11.2006;10
Tafjord;SN60500;19.11.2006;6,3
Tafjord;SN60500;20.11.2006;8,8
Tafjord;SN60500;21.11.2006;8,1
Tafjord;SN60500;22.11.2006;6,7
Tafjord;SN60500;23.11.2006;8,9
Tafjord;SN60500;24.11.2006;11
Tafjord;SN60500;25.11.2006;12,3
Tafjord;SN60500;26.11.2006;9,7
Tafjord;SN60500;27.11.2006;8,5
Tafjord;SN60500;28.11.2006;13,7
Tafjord;SN60500;29.11.2006;11
Tafjord;SN60500;30.11.2006;6,6
Tafjord;SN60500;01.12.2006;11,9
Tafjord;SN60500;02.12.2006;9,4
Tafjord;SN60500;03.12.2006;10,6
Tafjord;SN60500;04.12.2006;11,3
Tafjord;SN60500;05.12.2006;6,2
Tafjord;SN60500;06.12.2006;4,6
Tafjord;SN60500;07.12.2006;6,7
Tafjord;SN60500;08.12.2006;9,6
Tafjord;SN60500;09.12.2006;6,2
Tafjord;SN60500;10.12.2006;7,1
Tafjord;SN60500;11.12.2006;7,6
Tafjord;SN60500;12.12.2006;6,9
Tafjord;SN60500;13.12.2006;3,8
Tafjord;SN60500;14.12.2006;6
Tafjord;SN60500;15.12.2006;4,2
Tafjord;SN60500;16.12.2006;2,1
Tafjord;SN60500;17.12.2006;1,1
Tafjord;SN60500;18.12.2006;0,9
Tafjord;SN60500;19.12.2006;1,5
Tafjord;SN60500;20.12.2006;3,5
Tafjord;SN60500;21.12.2006;2,6
Tafjord;SN60500;22.12.2006;5
Tafjord;SN60500;23.12.2006;6,1
Tafjord;SN60500;24.12.2006;5,6
Tafjord;SN60500;25.12.2006;1,7
Tafjord;SN60500;26.12.2006;5,9
Tafjord;SN60500;27.12.2006;5,5
Tafjord;SN60500;28.12.2006;4
Tafjord;SN60500;29.12.2006;4,7
Tafjord;SN60500;30.12.2006;11,2
Tafjord;SN60500;31.12.2006;4,9
Tafjord;SN60500;01.01.2007;4,6
Tafjord;SN60500;02.01.2007;2,3
Tafjord;SN60500;03.01.2007;3,8
Tafjord;SN60500;04.01.2007;7,3
Tafjord;SN60500;05.01.2007;4,5
Tafjord;SN60500;06.01.2007;3,4
Tafjord;SN60500;07.01.2007;8
Tafjord;SN60500;08.01.2007;4,3
Tafjord;SN60500;09.01.2007;7,2
Tafjord;SN60500;10.01.2007;1,7
Tafjord;SN60500;11.01.2007;1,6
Tafjord;SN60500;12.01.2007;4,5
Tafjord;SN60500;13.01.2007;1,8
Tafjord;SN60500;14.01.2007;1,2
Tafjord;SN60500;15.01.2007;4,4
Tafjord;SN60500;16.01.2007;1,2
Tafjord;SN60500;17.01.2007;1
Tafjord;SN60500;18.01.2007;0,8
Tafjord;SN60500;19.01.2007;0,5
Tafjord;SN60500;20.01.2007;2,4
Tafjord;SN60500;21.01.2007;-1,5
Tafjord;SN60500;22.01.2007;-1,5
Tafjord;SN60500;23.01.2007;-1,7
Tafjord;SN60500;24.01.2007;-6,7
Tafjord;SN60500;25.01.2007;-1,7
Tafjord;SN60500;26.01.2007;-0,1
Tafjord;SN60500;27.01.2007;-2,1
Tafjord;SN60500;28.01.2007;-1
Tafjord;SN60500;29.01.2007;0,7
Tafjord;SN60500;30.01.2007;1,6
Tafjord;SN60500;31.01.2007;2
Tafjord;SN60500;01.02.2007;1,7
Tafjord;SN60500;02.02.2007;2,5
Tafjord;SN60500;03.02.2007;2,7
Tafjord;SN60500;04.02.2007;1,9
Tafjord;SN60500;05.02.2007;-0,2
Tafjord;SN60500;06.02.2007;-5,7
Tafjord;SN60500;07.02.2007;-7,8
Tafjord;SN60500;08.02.2007;-9,2
Tafjord;SN60500;09.02.2007;-8,9
Tafjord;SN60500;10.02.2007;-9,3
Tafjord;SN60500;11.02.2007;-2,1
Tafjord;SN60500;12.02.2007;-2,7
Tafjord;SN60500;13.02.2007;-0,7
Tafjord;SN60500;14.02.2007;1,2
Tafjord;SN60500;15.02.2007;4,9
Tafjord;SN60500;16.02.2007;8,8
Tafjord;SN60500;17.02.2007;5,3
Tafjord;SN60500;18.02.2007;2,4
Tafjord;SN60500;19.02.2007;2,2
Tafjord;SN60500;20.02.2007;-1
Tafjord;SN60500;21.02.2007;-3,9
Tafjord;SN60500;22.02.2007;-2,4
Tafjord;SN60500;23.02.2007;1
Tafjord;SN60500;24.02.2007;4,5
Tafjord;SN60500;25.02.2007;4
Tafjord;SN60500;26.02.2007;3,8
Tafjord;SN60500;27.02.2007;1,2
Tafjord;SN60500;28.02.2007;4,7
Tafjord;SN60500;01.03.2007;6,6
Tafjord;SN60500;02.03.2007;2,4
Tafjord;SN60500;03.03.2007;1,9
Tafjord;SN60500;04.03.2007;5,9
Tafjord;SN60500;05.03.2007;8,3
Tafjord;SN60500;06.03.2007;7,9
Tafjord;SN60500;07.03.2007;8,5
Tafjord;SN60500;08.03.2007;6,8
Tafjord;SN60500;09.03.2007;7,6
Tafjord;SN60500;10.03.2007;5
Tafjord;SN60500;11.03.2007;5,7
Tafjord;SN60500;12.03.2007;5
Tafjord;SN60500;13.03.2007;6,7
Tafjord;SN60500;14.03.2007;5,6
Tafjord;SN60500;15.03.2007;9,2
Tafjord;SN60500;16.03.2007;5,7
Tafjord;SN60500;17.03.2007;1,9
Tafjord;SN60500;18.03.2007;4,3
Tafjord;SN60500;19.03.2007;1,4
Tafjord;SN60500;20.03.2007;0,9
Tafjord;SN60500;21.03.2007;2,5
Tafjord;SN60500;22.03.2007;3,3
Tafjord;SN60500;23.03.2007;8,3
Tafjord;SN60500;24.03.2007;9,1
Tafjord;SN60500;25.03.2007;9,9
Tafjord;SN60500;26.03.2007;6
Tafjord;SN60500;27.03.2007;7,1
Tafjord;SN60500;28.03.2007;10,8
Tafjord;SN60500;29.03.2007;9,1
Tafjord;SN60500;30.03.2007;5,6
Tafjord;SN60500;31.03.2007;3,2
Tafjord;SN60500;01.04.2007;3,9
Tafjord;SN60500;02.04.2007;5,1
Tafjord;SN60500;03.04.2007;4,3
Tafjord;SN60500;04.04.2007;6,3
Tafjord;SN60500;05.04.2007;1,9
Tafjord;SN60500;06.04.2007;0,3
Tafjord;SN60500;07.04.2007;-0,1
Tafjord;SN60500;08.04.2007;1,1
Tafjord;SN60500;09.04.2007;2,8
Tafjord;SN60500;10.04.2007;5,4
Tafjord;SN60500;11.04.2007;3,3
Tafjord;SN60500;12.04.2007;5,9
Tafjord;SN60500;13.04.2007;10,1
Tafjord;SN60500;14.04.2007;13,4
Tafjord;SN60500;15.04.2007;12,6
Tafjord;SN60500;16.04.2007;9,9
Tafjord;SN60500;17.04.2007;5,6
Tafjord;SN60500;18.04.2007;5,4
Tafjord;SN60500;19.04.2007;2,3
Tafjord;SN60500;20.04.2007;1,4
Tafjord;SN60500;21.04.2007;9,6
Tafjord;SN60500;22.04.2007;9,3
Tafjord;SN60500;23.04.2007;9,7
Tafjord;SN60500;24.04.2007;14,1
Tafjord;SN60500;25.04.2007;13
Tafjord;SN60500;26.04.2007;10,4
Tafjord;SN60500;27.04.2007;6,7
Tafjord;SN60500;28.04.2007;9,2
Tafjord;SN60500;29.04.2007;8,7
Tafjord;SN60500;30.04.2007;8,1
Tafjord;SN60500;01.05.2007;7,5
Tafjord;SN60500;02.05.2007;7,6
Tafjord;SN60500;03.05.2007;7
Tafjord;SN60500;04.05.2007;8
Tafjord;SN60500;05.05.2007;8,6
Tafjord;SN60500;06.05.2007;10,3
Tafjord;SN60500;07.05.2007;11,7
Tafjord;SN60500;08.05.2007;8,1
Tafjord;SN60500;09.05.2007;5,6
Tafjord;SN60500;10.05.2007;6
Tafjord;SN60500;11.05.2007;5,9
Tafjord;SN60500;12.05.2007;7,1
Tafjord;SN60500;13.05.2007;7,5
Tafjord;SN60500;14.05.2007;5,4
Tafjord;SN60500;15.05.2007;6,2
Tafjord;SN60500;16.05.2007;6,8
Tafjord;SN60500;17.05.2007;7,1
Tafjord;SN60500;18.05.2007;11,8
Tafjord;SN60500;19.05.2007;12
Tafjord;SN60500;20.05.2007;11,9
Tafjord;SN60500;21.05.2007;12,1
Tafjord;SN60500;22.05.2007;11,4
Tafjord;SN60500;23.05.2007;9,1
Tafjord;SN60500;24.05.2007;9,9
Tafjord;SN60500;25.05.2007;9,5
Tafjord;SN60500;26.05.2007;8,4
Tafjord;SN60500;27.05.2007;8,8
Tafjord;SN60500;28.05.2007;12
Tafjord;SN60500;29.05.2007;17,1
Tafjord;SN60500;30.05.2007;17,6
Tafjord;SN60500;31.05.2007;14,1
Tafjord;SN60500;01.06.2007;15,4
Tafjord;SN60500;02.06.2007;15,8
Tafjord;SN60500;03.06.2007;14,7
Tafjord;SN60500;04.06.2007;13,2
Tafjord;SN60500;05.06.2007;14,2
Tafjord;SN60500;06.06.2007;16,3
Tafjord;SN60500;07.06.2007;16,5
Tafjord;SN60500;08.06.2007;15,6
Tafjord;SN60500;09.06.2007;16,6
Tafjord;SN60500;10.06.2007;15,6
Tafjord;SN60500;11.06.2007;14,5
Tafjord;SN60500;12.06.2007;10,8
Tafjord;SN60500;13.06.2007;7,4
Tafjord;SN60500;14.06.2007;8,2
Tafjord;SN60500;15.06.2007;10
Tafjord;SN60500;16.06.2007;9,1
Tafjord;SN60500;17.06.2007;14,3
Tafjord;SN60500;18.06.2007;14
Tafjord;SN60500;19.06.2007;12,4
Tafjord;SN60500;20.06.2007;14
Tafjord;SN60500;21.06.2007;15,4
Tafjord;SN60500;22.06.2007;15,4
Tafjord;SN60500;23.06.2007;14,7
Tafjord;SN60500;24.06.2007;13
Tafjord;SN60500;25.06.2007;14,2
Tafjord;SN60500;26.06.2007;14,8
Tafjord;SN60500;27.06.2007;14,5
Tafjord;SN60500;28.06.2007;12,6
Tafjord;SN60500;29.06.2007;13,1
Tafjord;SN60500;30.06.2007;14,3
Tafjord;SN60500;01.07.2007;16,3
Tafjord;SN60500;02.07.2007;19,1
Tafjord;SN60500;03.07.2007;19,9
Tafjord;SN60500;04.07.2007;20,1
Tafjord;SN60500;05.07.2007;20,5
Tafjord;SN60500;06.07.2007;20,3
Tafjord;SN60500;07.07.2007;19,9
Tafjord;SN60500;08.07.2007;17,8
Tafjord;SN60500;09.07.2007;14,5
Tafjord;SN60500;10.07.2007;14
Tafjord;SN60500;11.07.2007;13,9
Tafjord;SN60500;12.07.2007;12,9
Tafjord;SN60500;13.07.2007;13,8
Tafjord;SN60500;14.07.2007;14,5
Tafjord;SN60500;15.07.2007;14,4
Tafjord;SN60500;16.07.2007;15,9
Tafjord;SN60500;17.07.2007;15,4
Tafjord;SN60500;18.07.2007;13,8
Tafjord;SN60500;19.07.2007;12
Tafjord;SN60500;20.07.2007;12,7
Tafjord;SN60500;21.07.2007;12,7
Tafjord;SN60500;22.07.2007;15
Tafjord;SN60500;23.07.2007;14,6
Tafjord;SN60500;24.07.2007;15,8
Tafjord;SN60500;25.07.2007;15,2
Tafjord;SN60500;26.07.2007;15,6
Tafjord;SN60500;27.07.2007;14,8
Tafjord;SN60500;28.07.2007;13,4
Tafjord;SN60500;29.07.2007;14,1
Tafjord;SN60500;30.07.2007;12,2
Tafjord;SN60500;31.07.2007;12,6
Tafjord;SN60500;01.08.2007;12,4
Tafjord;SN60500;02.08.2007;14,1
Tafjord;SN60500;03.08.2007;12,6
Tafjord;SN60500;04.08.2007;17,4
Tafjord;SN60500;05.08.2007;16
Tafjord;SN60500;06.08.2007;19,9
Tafjord;SN60500;07.08.2007;22,5
Tafjord;SN60500;08.08.2007;16,4
Tafjord;SN60500;09.08.2007;14,6
Tafjord;SN60500;10.08.2007;16,3
Tafjord;SN60500;11.08.2007;15,8
Tafjord;SN60500;12.08.2007;15,2
Tafjord;SN60500;13.08.2007;15,4
Tafjord;SN60500;14.08.2007;15
Tafjord;SN60500;15.08.2007;18,7
Tafjord;SN60500;16.08.2007;17,3
Tafjord;SN60500;17.08.2007;14,7
Tafjord;SN60500;18.08.2007;12,7
Tafjord;SN60500;19.08.2007;11,1
Tafjord;SN60500;20.08.2007;13
Tafjord;SN60500;21.08.2007;15,2
Tafjord;SN60500;22.08.2007;14,2
Tafjord;SN60500;23.08.2007;12,1
Tafjord;SN60500;24.08.2007;14,4
Tafjord;SN60500;25.08.2007;13,2
Tafjord;SN60500;26.08.2007;10,9
Tafjord;SN60500;27.08.2007;7,6
Tafjord;SN60500;28.08.2007;7,7
Tafjord;SN60500;29.08.2007;8,3
Tafjord;SN60500;30.08.2007;7,7
Tafjord;SN60500;31.08.2007;8,9
Tafjord;SN60500;01.09.2007;6,7
Tafjord;SN60500;02.09.2007;11,3
Tafjord;SN60500;03.09.2007;5,6
Tafjord;SN60500;04.09.2007;9,1
Tafjord;SN60500;05.09.2007;11,6
Tafjord;SN60500;06.09.2007;11,6
Tafjord;SN60500;07.09.2007;11,7
Tafjord;SN60500;08.09.2007;11,1
Tafjord;SN60500;09.09.2007;10,4
Tafjord;SN60500;10.09.2007;10,2
Tafjord;SN60500;11.09.2007;11
Tafjord;SN60500;12.09.2007;9,6
Tafjord;SN60500;13.09.2007;8,8
Tafjord;SN60500;14.09.2007;12,6
Tafjord;SN60500;15.09.2007;6,2
Tafjord;SN60500;16.09.2007;10,2
Tafjord;SN60500;17.09.2007;6,9
Tafjord;SN60500;18.09.2007;5,5
Tafjord;SN60500;19.09.2007;8,3
Tafjord;SN60500;20.09.2007;10,6
Tafjord;SN60500;21.09.2007;9,7
Tafjord;SN60500;22.09.2007;9,8
Tafjord;SN60500;23.09.2007;13,5
Tafjord;SN60500;24.09.2007;16,1
Tafjord;SN60500;25.09.2007;15,4
Tafjord;SN60500;26.09.2007;8,7
Tafjord;SN60500;27.09.2007;5,4
Tafjord;SN60500;28.09.2007;5,4
Tafjord;SN60500;29.09.2007;10,2
Tafjord;SN60500;30.09.2007;12,1
Tafjord;SN60500;01.10.2007;9,2
Tafjord;SN60500;02.10.2007;9,3
Tafjord;SN60500;03.10.2007;8,9
Tafjord;SN60500;04.10.2007;9
Tafjord;SN60500;05.10.2007;6,3
Tafjord;SN60500;06.10.2007;13,5
Tafjord;SN60500;07.10.2007;8,5
Tafjord;SN60500;08.10.2007;6,7
Tafjord;SN60500;09.10.2007;3,6
Tafjord;SN60500;10.10.2007;5,1
Tafjord;SN60500;11.10.2007;7,7
Tafjord;SN60500;12.10.2007;5,5
Tafjord;SN60500;13.10.2007;8,6
Tafjord;SN60500;14.10.2007;11,3
Tafjord;SN60500;15.10.2007;10,6
Tafjord;SN60500;16.10.2007;10,3
Tafjord;SN60500;17.10.2007;5,9
Tafjord;SN60500;18.10.2007;4
Tafjord;SN60500;19.10.2007;4,3
Tafjord;SN60500;20.10.2007;6,3
Tafjord;SN60500;21.10.2007;8,3
Tafjord;SN60500;22.10.2007;11,7
Tafjord;SN60500;23.10.2007;6,6
Tafjord;SN60500;24.10.2007;6,1
Tafjord;SN60500;25.10.2007;5,8
Tafjord;SN60500;26.10.2007;15,2
Tafjord;SN60500;27.10.2007;10,3
Tafjord;SN60500;28.10.2007;12,5
Tafjord;SN60500;29.10.2007;8
Tafjord;SN60500;30.10.2007;4,7
Tafjord;SN60500;31.10.2007;6,1
Tafjord;SN60500;01.11.2007;5,4
Tafjord;SN60500;02.11.2007;2,9
Tafjord;SN60500;03.11.2007;7
Tafjord;SN60500;04.11.2007;3,3
Tafjord;SN60500;05.11.2007;8,2
Tafjord;SN60500;06.11.2007;2,4
Tafjord;SN60500;07.11.2007;1,5
Tafjord;SN60500;08.11.2007;4,6
Tafjord;SN60500;09.11.2007;1,9
Tafjord;SN60500;10.11.2007;0,8
Tafjord;SN60500;11.11.2007;0,4
Tafjord;SN60500;12.11.2007;1
Tafjord;SN60500;13.11.2007;1,8
Tafjord;SN60500;14.11.2007;-0,6
Tafjord;SN60500;15.11.2007;1,1
Tafjord;SN60500;16.11.2007;2,1
Tafjord;SN60500;17.11.2007;3,9
Tafjord;SN60500;18.11.2007;7,1
Tafjord;SN60500;19.11.2007;1,1
Tafjord;SN60500;20.11.2007;3,9
Tafjord;SN60500;21.11.2007;0,3
Tafjord;SN60500;22.11.2007;1,3
Tafjord;SN60500;23.11.2007;0
Tafjord;SN60500;24.11.2007;5,8
Tafjord;SN60500;25.11.2007;0,8
Tafjord;SN60500;26.11.2007;0
Tafjord;SN60500;27.11.2007;-0,9
Tafjord;SN60500;28.11.2007;2,4
Tafjord;SN60500;29.11.2007;6,2
Tafjord;SN60500;30.11.2007;6
Tafjord;SN60500;01.12.2007;6,2
Tafjord;SN60500;02.12.2007;1,9
Tafjord;SN60500;03.12.2007;-0,3
Tafjord;SN60500;04.12.2007;0,7
Tafjord;SN60500;05.12.2007;8
Tafjord;SN60500;06.12.2007;3,6
Tafjord;SN60500;07.12.2007;1,5
Tafjord;SN60500;08.12.2007;1,8
Tafjord;SN60500;09.12.2007;-0,7
Tafjord;SN60500;10.12.2007;-4,6
Tafjord;SN60500;11.12.2007;-2,3
Tafjord;SN60500;12.12.2007;4,5
Tafjord;SN60500;13.12.2007;5,7
Tafjord;SN60500;14.12.2007;2
Tafjord;SN60500;15.12.2007;2,3
Tafjord;SN60500;16.12.2007;-0,9
Tafjord;SN60500;17.12.2007;-2,8
Tafjord;SN60500;18.12.2007;-5,6
Tafjord;SN60500;19.12.2007;-3,4
Tafjord;SN60500;20.12.2007;-0,1
Tafjord;SN60500;21.12.2007;-0,4
Tafjord;SN60500;22.12.2007;-3
Tafjord;SN60500;23.12.2007;3,8
Tafjord;SN60500;24.12.2007;8,2
Tafjord;SN60500;25.12.2007;3,1
Tafjord;SN60500;26.12.2007;6,2
Tafjord;SN60500;27.12.2007;10,1
Tafjord;SN60500;28.12.2007;3,4
Tafjord;SN60500;29.12.2007;2,7
Tafjord;SN60500;30.12.2007;1,2
Tafjord;SN60500;31.12.2007;1,7
Tafjord;SN60500;01.01.2008;-0,2
Tafjord;SN60500;02.01.2008;2,6
Tafjord;SN60500;03.01.2008;0,2
Tafjord;SN60500;04.01.2008;1,5
Tafjord;SN60500;05.01.2008;2,8
Tafjord;SN60500;06.01.2008;3,7
Tafjord;SN60500;07.01.2008;4,2
Tafjord;SN60500;08.01.2008;5,5
Tafjord;SN60500;09.01.2008;6,1
Tafjord;SN60500;10.01.2008;5,3
Tafjord;SN60500;11.01.2008;3,2
Tafjord;SN60500;12.01.2008;1,6
Tafjord;SN60500;13.01.2008;2,3
Tafjord;SN60500;14.01.2008;7,8
Tafjord;SN60500;15.01.2008;8,6
Tafjord;SN60500;16.01.2008;2,3
Tafjord;SN60500;17.01.2008;1,2
Tafjord;SN60500;18.01.2008;4,1
Tafjord;SN60500;19.01.2008;4,3
Tafjord;SN60500;20.01.2008;0,5
Tafjord;SN60500;21.01.2008;-1,1
Tafjord;SN60500;22.01.2008;-4,7
Tafjord;SN60500;23.01.2008;6
Tafjord;SN60500;24.01.2008;3
Tafjord;SN60500;25.01.2008;2,9
Tafjord;SN60500;26.01.2008;0,6
Tafjord;SN60500;27.01.2008;0,4
Tafjord;SN60500;28.01.2008;2,7
Tafjord;SN60500;29.01.2008;2,6
Tafjord;SN60500;30.01.2008;1,7
Tafjord;SN60500;31.01.2008;5,9
Tafjord;SN60500;01.02.2008;3,5
Tafjord;SN60500;02.02.2008;-4,1
Tafjord;SN60500;03.02.2008;-0,8
Tafjord;SN60500;04.02.2008;5,5
Tafjord;SN60500;05.02.2008;6,4
Tafjord;SN60500;06.02.2008;5,7
Tafjord;SN60500;07.02.2008;3,4
Tafjord;SN60500;08.02.2008;8,6
Tafjord;SN60500;09.02.2008;6,3
Tafjord;SN60500;10.02.2008;3,7
Tafjord;SN60500;11.02.2008;2,5
Tafjord;SN60500;12.02.2008;2,8
Tafjord;SN60500;13.02.2008;3
Tafjord;SN60500;14.02.2008;1
Tafjord;SN60500;15.02.2008;-1,5
Tafjord;SN60500;16.02.2008;0,6
Tafjord;SN60500;17.02.2008;2,5
Tafjord;SN60500;18.02.2008;3,1
Tafjord;SN60500;19.02.2008;3,6
Tafjord;SN60500;20.02.2008;4
Tafjord;SN60500;21.02.2008;8,5
Tafjord;SN60500;22.02.2008;0,9
Tafjord;SN60500;23.02.2008;3,6
Tafjord;SN60500;24.02.2008;5
Tafjord;SN60500;25.02.2008;0,8
Tafjord;SN60500;26.02.2008;5,4
Tafjord;SN60500;27.02.2008;1,4
Tafjord;SN60500;28.02.2008;1,5
Tafjord;SN60500;29.02.2008;3
Tafjord;SN60500;01.03.2008;6,9
Tafjord;SN60500;02.03.2008;1,8
Tafjord;SN60500;03.03.2008;-0,5
Tafjord;SN60500;04.03.2008;-2,7
Tafjord;SN60500;05.03.2008;0,7
Tafjord;SN60500;06.03.2008;1,9
Tafjord;SN60500;07.03.2008;3,5
Tafjord;SN60500;08.03.2008;7,7
Tafjord;SN60500;09.03.2008;8,7
Tafjord;SN60500;10.03.2008;7,4
Tafjord;SN60500;11.03.2008;8,3
Tafjord;SN60500;12.03.2008;8,8
Tafjord;SN60500;13.03.2008;6,2
Tafjord;SN60500;14.03.2008;4,7
Tafjord;SN60500;15.03.2008;3,6
Tafjord;SN60500;16.03.2008;1,2
Tafjord;SN60500;17.03.2008;0,1
Tafjord;SN60500;18.03.2008;0,5
Tafjord;SN60500;19.03.2008;0,6
Tafjord;SN60500;20.03.2008;1,8
Tafjord;SN60500;21.03.2008;0,7
Tafjord;SN60500;22.03.2008;-5,1
Tafjord;SN60500;23.03.2008;-3,7
Tafjord;SN60500;24.03.2008;-3
Tafjord;SN60500;25.03.2008;-3
Tafjord;SN60500;26.03.2008;-1,2
Tafjord;SN60500;27.03.2008;-0,7
Tafjord;SN60500;28.03.2008;3,1
Tafjord;SN60500;29.03.2008;8,1
Tafjord;SN60500;30.03.2008;8,7
Tafjord;SN60500;31.03.2008;8,9
Tafjord;SN60500;01.04.2008;9,6
Tafjord;SN60500;02.04.2008;8
Tafjord;SN60500;03.04.2008;5,5
Tafjord;SN60500;04.04.2008;5,2
Tafjord;SN60500;05.04.2008;2,4
Tafjord;SN60500;06.04.2008;4
Tafjord;SN60500;07.04.2008;7,6
Tafjord;SN60500;08.04.2008;7,3
Tafjord;SN60500;09.04.2008;4,1
Tafjord;SN60500;10.04.2008;4
Tafjord;SN60500;11.04.2008;6,2
Tafjord;SN60500;12.04.2008;6,5
Tafjord;SN60500;13.04.2008;7,2
Tafjord;SN60500;14.04.2008;4,7
Tafjord;SN60500;15.04.2008;3,7
Tafjord;SN60500;16.04.2008;3,1
Tafjord;SN60500;17.04.2008;3,4
Tafjord;SN60500;18.04.2008;3,5
Tafjord;SN60500;19.04.2008;4,3
Tafjord;SN60500;20.04.2008;4,3
Tafjord;SN60500;21.04.2008;5,1
Tafjord;SN60500;22.04.2008;6,7
Tafjord;SN60500;23.04.2008;7,4
Tafjord;SN60500;24.04.2008;8,5
Tafjord;SN60500;25.04.2008;9,8
Tafjord;SN60500;26.04.2008;9,6
Tafjord;SN60500;27.04.2008;12,4
Tafjord;SN60500;28.04.2008;12,5
Tafjord;SN60500;29.04.2008;13,3
Tafjord;SN60500;30.04.2008;14,7
Tafjord;SN60500;01.05.2008;14,9
Tafjord;SN60500;02.05.2008;9,2
Tafjord;SN60500;03.05.2008;8,9
Tafjord;SN60500;04.05.2008;8,7
Tafjord;SN60500;05.05.2008;9,9
Tafjord;SN60500;06.05.2008;11
Tafjord;SN60500;07.05.2008;10
Tafjord;SN60500;08.05.2008;11,2
Tafjord;SN60500;09.05.2008;11,6
Tafjord;SN60500;10.05.2008;12,1
Tafjord;SN60500;11.05.2008;11,2
Tafjord;SN60500;12.05.2008;8
Tafjord;SN60500;13.05.2008;7,1
Tafjord;SN60500;14.05.2008;8,2
Tafjord;SN60500;15.05.2008;7,6
Tafjord;SN60500;16.05.2008;8,3
Tafjord;SN60500;17.05.2008;7,1
Tafjord;SN60500;18.05.2008;6
Tafjord;SN60500;19.05.2008;4,9
Tafjord;SN60500;20.05.2008;6,6
Tafjord;SN60500;21.05.2008;7,9
Tafjord;SN60500;22.05.2008;8,4
Tafjord;SN60500;23.05.2008;9,1
Tafjord;SN60500;24.05.2008;10,9
Tafjord;SN60500;25.05.2008;12,7
Tafjord;SN60500;26.05.2008;9,4
Tafjord;SN60500;27.05.2008;9,5
Tafjord;SN60500;28.05.2008;12,1
Tafjord;SN60500;29.05.2008;13
Tafjord;SN60500;30.05.2008;13,7
Tafjord;SN60500;31.05.2008;16,9
Tafjord;SN60500;01.06.2008;13,4
Tafjord;SN60500;02.06.2008;14,7
Tafjord;SN60500;03.06.2008;19,3
Tafjord;SN60500;04.06.2008;19,1
Tafjord;SN60500;05.06.2008;14,7
Tafjord;SN60500;06.06.2008;14,9
Tafjord;SN60500;07.06.2008;15,7
Tafjord;SN60500;08.06.2008;14,4
Tafjord;SN60500;09.06.2008;11,2
Tafjord;SN60500;10.06.2008;11
Tafjord;SN60500;11.06.2008;6,9
Tafjord;SN60500;12.06.2008;8,6
Tafjord;SN60500;13.06.2008;10,3
Tafjord;SN60500;14.06.2008;12,6
Tafjord;SN60500;15.06.2008;12,2
Tafjord;SN60500;16.06.2008;12
Tafjord;SN60500;17.06.2008;13
Tafjord;SN60500;18.06.2008;12,9
Tafjord;SN60500;19.06.2008;13,3
Tafjord;SN60500;20.06.2008;15,4
Tafjord;SN60500;21.06.2008;11,3
Tafjord;SN60500;22.06.2008;12,6
Tafjord;SN60500;23.06.2008;10,8
Tafjord;SN60500;24.06.2008;8,8
Tafjord;SN60500;25.06.2008;10,6
Tafjord;SN60500;26.06.2008;10,5
Tafjord;SN60500;27.06.2008;14,1
Tafjord;SN60500;28.06.2008;14,5
Tafjord;SN60500;29.06.2008;12,6
Tafjord;SN60500;30.06.2008;13,8
Tafjord;SN60500;01.07.2008;12,9
Tafjord;SN60500;02.07.2008;15,6
Tafjord;SN60500;03.07.2008;20,8
Tafjord;SN60500;04.07.2008;21,2
Tafjord;SN60500;05.07.2008;17,7
Tafjord;SN60500;06.07.2008;15,4
Tafjord;SN60500;07.07.2008;17,4
Tafjord;SN60500;08.07.2008;16,8
Tafjord;SN60500;09.07.2008;13,3
Tafjord;SN60500;10.07.2008;14,3
Tafjord;SN60500;11.07.2008;14,9
Tafjord;SN60500;12.07.2008;12,7
Tafjord;SN60500;13.07.2008;14,8
Tafjord;SN60500;14.07.2008;13,2
Tafjord;SN60500;15.07.2008;14,7
Tafjord;SN60500;16.07.2008;13,8
Tafjord;SN60500;17.07.2008;11,7
Tafjord;SN60500;18.07.2008;11,7
Tafjord;SN60500;19.07.2008;14,5
Tafjord;SN60500;20.07.2008;16,2
Tafjord;SN60500;21.07.2008;14,3
Tafjord;SN60500;22.07.2008;13,9
Tafjord;SN60500;23.07.2008;15,7
Tafjord;SN60500;24.07.2008;15,6
Tafjord;SN60500;25.07.2008;17,8
Tafjord;SN60500;26.07.2008;19,4
Tafjord;SN60500;27.07.2008;19,4
Tafjord;SN60500;28.07.2008;18,4
Tafjord;SN60500;29.07.2008;18,6
Tafjord;SN60500;30.07.2008;18,7
Tafjord;SN60500;31.07.2008;19,9
Tafjord;SN60500;01.08.2008;18,1
Tafjord;SN60500;02.08.2008;19,6
Tafjord;SN60500;03.08.2008;15,7
Tafjord;SN60500;04.08.2008;17
Tafjord;SN60500;05.08.2008;17,1
Tafjord;SN60500;06.08.2008;16,5
Tafjord;SN60500;07.08.2008;15
Tafjord;SN60500;08.08.2008;14,3
Tafjord;SN60500;09.08.2008;13,5
Tafjord;SN60500;10.08.2008;14,6
Tafjord;SN60500;11.08.2008;17,3
Tafjord;SN60500;12.08.2008;15,8
Tafjord;SN60500;13.08.2008;13,5
Tafjord;SN60500;14.08.2008;13,1
Tafjord;SN60500;15.08.2008;13
Tafjord;SN60500;16.08.2008;12,9
Tafjord;SN60500;17.08.2008;13,3
Tafjord;SN60500;18.08.2008;13,8
Tafjord;SN60500;19.08.2008;15,1
Tafjord;SN60500;20.08.2008;14,2
Tafjord;SN60500;21.08.2008;14,3
Tafjord;SN60500;22.08.2008;13,6
Tafjord;SN60500;23.08.2008;12,6
Tafjord;SN60500;24.08.2008;15,2
Tafjord;SN60500;25.08.2008;19,5
Tafjord;SN60500;26.08.2008;14
Tafjord;SN60500;27.08.2008;11,3
Tafjord;SN60500;28.08.2008;12,4
Tafjord;SN60500;29.08.2008;12,3
Tafjord;SN60500;30.08.2008;12,1
Tafjord;SN60500;31.08.2008;15,3
Tafjord;SN60500;01.09.2008;18,4
Tafjord;SN60500;02.09.2008;14,1
Tafjord;SN60500;03.09.2008;11,1
Tafjord;SN60500;04.09.2008;11,7
Tafjord;SN60500;05.09.2008;11,2
Tafjord;SN60500;06.09.2008;9,6
Tafjord;SN60500;07.09.2008;9,9
Tafjord;SN60500;08.09.2008;11,4
Tafjord;SN60500;09.09.2008;15,9
Tafjord;SN60500;10.09.2008;16,4
Tafjord;SN60500;11.09.2008;17,5
Tafjord;SN60500;12.09.2008;17
Tafjord;SN60500;13.09.2008;14
Tafjord;SN60500;14.09.2008;11,9
Tafjord;SN60500;15.09.2008;11,5
Tafjord;SN60500;16.09.2008;10,6
Tafjord;SN60500;17.09.2008;9,9
Tafjord;SN60500;18.09.2008;13
Tafjord;SN60500;19.09.2008;11,6
Tafjord;SN60500;20.09.2008;10,9
Tafjord;SN60500;21.09.2008;13
Tafjord;SN60500;22.09.2008;12,2
Tafjord;SN60500;23.09.2008;10,3
Tafjord;SN60500;24.09.2008;8,5
Tafjord;SN60500;25.09.2008;8,1
Tafjord;SN60500;26.09.2008;11,5
Tafjord;SN60500;27.09.2008;13,5
Tafjord;SN60500;28.09.2008;7,2
Tafjord;SN60500;29.09.2008;7,2
Tafjord;SN60500;30.09.2008;7,9
Tafjord;SN60500;01.10.2008;6,9
Tafjord;SN60500;02.10.2008;7,4
Tafjord;SN60500;03.10.2008;9,1
Tafjord;SN60500;04.10.2008;6,9
Tafjord;SN60500;05.10.2008;5,4
Tafjord;SN60500;06.10.2008;6,9
Tafjord;SN60500;07.10.2008;7,6
Tafjord;SN60500;08.10.2008;14,8
Tafjord;SN60500;09.10.2008;9,6
Tafjord;SN60500;10.10.2008;14,6
Tafjord;SN60500;11.10.2008;9,9
Tafjord;SN60500;12.10.2008;9,5
Tafjord;SN60500;13.10.2008;10,6
Tafjord;SN60500;14.10.2008;7,2
Tafjord;SN60500;15.10.2008;8,6
Tafjord;SN60500;16.10.2008;7,3
Tafjord;SN60500;17.10.2008;6,9
Tafjord;SN60500;18.10.2008;10,4
Tafjord;SN60500;19.10.2008;7,7
Tafjord;SN60500;20.10.2008;13
Tafjord;SN60500;21.10.2008;8,9
Tafjord;SN60500;22.10.2008;6,2
Tafjord;SN60500;23.10.2008;13,3
Tafjord;SN60500;24.10.2008;8,3
Tafjord;SN60500;25.10.2008;8,5
Tafjord;SN60500;26.10.2008;6,5
Tafjord;SN60500;27.10.2008;4,9
Tafjord;SN60500;28.10.2008;1,7
Tafjord;SN60500;29.10.2008;1,6
Tafjord;SN60500;30.10.2008;-2,2
Tafjord;SN60500;31.10.2008;-1,2
Tafjord;SN60500;01.11.2008;3
Tafjord;SN60500;02.11.2008;6,7
Tafjord;SN60500;03.11.2008;7,9
Tafjord;SN60500;04.11.2008;6,2
Tafjord;SN60500;05.11.2008;0
Tafjord;SN60500;06.11.2008;7,5
Tafjord;SN60500;07.11.2008;11,3
Tafjord;SN60500;08.11.2008;10,7
Tafjord;SN60500;09.11.2008;11,8
Tafjord;SN60500;10.11.2008;9,3
Tafjord;SN60500;11.11.2008;5,5
Tafjord;SN60500;12.11.2008;3,1
Tafjord;SN60500;13.11.2008;5,7
Tafjord;SN60500;14.11.2008;6,3
Tafjord;SN60500;15.11.2008;5,7
Tafjord;SN60500;16.11.2008;3,4
Tafjord;SN60500;17.11.2008;4,2
Tafjord;SN60500;18.11.2008;3,8
Tafjord;SN60500;19.11.2008;2,1
Tafjord;SN60500;20.11.2008;0,5
Tafjord;SN60500;21.11.2008;-0,8
Tafjord;SN60500;22.11.2008;-3,8
Tafjord;SN60500;23.11.2008;-4,9
Tafjord;SN60500;24.11.2008;-4,1
Tafjord;SN60500;25.11.2008;1
Tafjord;SN60500;26.11.2008;1,9
Tafjord;SN60500;27.11.2008;4,2
Tafjord;SN60500;28.11.2008;2,9
Tafjord;SN60500;29.11.2008;3,5
Tafjord;SN60500;30.11.2008;2,9
Tafjord;SN60500;01.12.2008;-0,3
Tafjord;SN60500;02.12.2008;-0,3
Tafjord;SN60500;03.12.2008;-3,1
Tafjord;SN60500;04.12.2008;-0,7
Tafjord;SN60500;05.12.2008;0,5
Tafjord;SN60500;06.12.2008;-3,7
Tafjord;SN60500;07.12.2008;2,1
Tafjord;SN60500;08.12.2008;1,9
Tafjord;SN60500;09.12.2008;2,1
Tafjord;SN60500;10.12.2008;-1,6
Tafjord;SN60500;11.12.2008;-0,2
Tafjord;SN60500;12.12.2008;-1,7
Tafjord;SN60500;13.12.2008;2,1
Tafjord;SN60500;14.12.2008;6,8
Tafjord;SN60500;15.12.2008;7,9
Tafjord;SN60500;16.12.2008;11
Tafjord;SN60500;17.12.2008;7
Tafjord;SN60500;18.12.2008;6,8
Tafjord;SN60500;19.12.2008;3,7
Tafjord;SN60500;20.12.2008;3,3
Tafjord;SN60500;21.12.2008;2,7
Tafjord;SN60500;22.12.2008;4,1
Tafjord;SN60500;23.12.2008;1,8
Tafjord;SN60500;24.12.2008;2,7
Tafjord;SN60500;25.12.2008;2,1
Tafjord;SN60500;26.12.2008;3,4
Tafjord;SN60500;27.12.2008;2,8
Tafjord;SN60500;28.12.2008;-0,2
Tafjord;SN60500;29.12.2008;0,5
Tafjord;SN60500;30.12.2008;3,2
Tafjord;SN60500;31.12.2008;3
Tafjord;SN60500;01.01.2009;-1,3
Tafjord;SN60500;02.01.2009;0,2
Tafjord;SN60500;03.01.2009;0,4
Tafjord;SN60500;04.01.2009;-6,8
Tafjord;SN60500;05.01.2009;-3,8
Tafjord;SN60500;06.01.2009;0,2
Tafjord;SN60500;07.01.2009;-3,4
Tafjord;SN60500;08.01.2009;0,4
Tafjord;SN60500;09.01.2009;2,2
Tafjord;SN60500;10.01.2009;7,4
Tafjord;SN60500;11.01.2009;5,7
Tafjord;SN60500;12.01.2009;5,7
Tafjord;SN60500;13.01.2009;5,9
Tafjord;SN60500;14.01.2009;0,7
Tafjord;SN60500;15.01.2009;-1,4
Tafjord;SN60500;16.01.2009;4,1
Tafjord;SN60500;17.01.2009;5,6
Tafjord;SN60500;18.01.2009;4,8
Tafjord;SN60500;19.01.2009;4,5
Tafjord;SN60500;20.01.2009;5
Tafjord;SN60500;21.01.2009;6,7
Tafjord;SN60500;22.01.2009;5,9
Tafjord;SN60500;23.01.2009;5,1
Tafjord;SN60500;24.01.2009;5,9
Tafjord;SN60500;25.01.2009;3,6
Tafjord;SN60500;26.01.2009;3,4
Tafjord;SN60500;27.01.2009;4
Tafjord;SN60500;28.01.2009;5,5
Tafjord;SN60500;29.01.2009;7,4
Tafjord;SN60500;30.01.2009;10
Tafjord;SN60500;31.01.2009;6
Tafjord;SN60500;01.02.2009;-1,1
Tafjord;SN60500;02.02.2009;-2,7
Tafjord;SN60500;03.02.2009;1,3
Tafjord;SN60500;04.02.2009;-1
Tafjord;SN60500;05.02.2009;-2,7
Tafjord;SN60500;06.02.2009;-0,5
Tafjord;SN60500;07.02.2009;-4,8
Tafjord;SN60500;08.02.2009;-5,7
Tafjord;SN60500;09.02.2009;-2,8
Tafjord;SN60500;10.02.2009;-3,5
Tafjord;SN60500;11.02.2009;-3,4
Tafjord;SN60500;12.02.2009;-1,9
Tafjord;SN60500;13.02.2009;-2,3
Tafjord;SN60500;14.02.2009;-1
Tafjord;SN60500;15.02.2009;3,2
Tafjord;SN60500;16.02.2009;2,8
Tafjord;SN60500;17.02.2009;2,8
Tafjord;SN60500;18.02.2009;2,8
Tafjord;SN60500;19.02.2009;2,5
Tafjord;SN60500;20.02.2009;2,6
Tafjord;SN60500;21.02.2009;4,7
Tafjord;SN60500;22.02.2009;3,7
Tafjord;SN60500;23.02.2009;3,5
Tafjord;SN60500;24.02.2009;2
Tafjord;SN60500;25.02.2009;2,3
Tafjord;SN60500;26.02.2009;1,7
Tafjord;SN60500;27.02.2009;-0,4
Tafjord;SN60500;28.02.2009;0,7
Tafjord;SN60500;01.03.2009;5,3
Tafjord;SN60500;02.03.2009;7,3
Tafjord;SN60500;03.03.2009;6,2
Tafjord;SN60500;04.03.2009;8,3
Tafjord;SN60500;05.03.2009;7
Tafjord;SN60500;06.03.2009;8,2
Tafjord;SN60500;07.03.2009;6,6
Tafjord;SN60500;08.03.2009;6,8
Tafjord;SN60500;09.03.2009;7,6
Tafjord;SN60500;10.03.2009;6,7
Tafjord;SN60500;11.03.2009;3,8
Tafjord;SN60500;12.03.2009;7,8
Tafjord;SN60500;13.03.2009;6,1
Tafjord;SN60500;14.03.2009;4,4
Tafjord;SN60500;15.03.2009;4,5
Tafjord;SN60500;16.03.2009;5,7
Tafjord;SN60500;17.03.2009;3,5
Tafjord;SN60500;18.03.2009;2,1
Tafjord;SN60500;19.03.2009;3,3
Tafjord;SN60500;20.03.2009;3,7
Tafjord;SN60500;21.03.2009;4,5
Tafjord;SN60500;22.03.2009;4,4
Tafjord;SN60500;23.03.2009;2,3
Tafjord;SN60500;24.03.2009;0,6
Tafjord;SN60500;25.03.2009;0,8
Tafjord;SN60500;26.03.2009;3,5
Tafjord;SN60500;27.03.2009;3,8
Tafjord;SN60500;28.03.2009;3,2
Tafjord;SN60500;29.03.2009;2,2
Tafjord;SN60500;30.03.2009;5
Tafjord;SN60500;31.03.2009;4,5
Tafjord;SN60500;01.04.2009;2,5
Tafjord;SN60500;02.04.2009;7,3
Tafjord;SN60500;03.04.2009;8,9
Tafjord;SN60500;04.04.2009;5,3
Tafjord;SN60500;05.04.2009;8,4
Tafjord;SN60500;06.04.2009;7,2
Tafjord;SN60500;07.04.2009;9,6
Tafjord;SN60500;08.04.2009;11,6
Tafjord;SN60500;09.04.2009;10,1
Tafjord;SN60500;10.04.2009;11,7
Tafjord;SN60500;11.04.2009;15,4
Tafjord;SN60500;12.04.2009;9,3
Tafjord;SN60500;13.04.2009;7,9
Tafjord;SN60500;14.04.2009;5,2
Tafjord;SN60500;15.04.2009;7,4
Tafjord;SN60500;16.04.2009;7,3
Tafjord;SN60500;17.04.2009;5,9
Tafjord;SN60500;18.04.2009;6,5
Tafjord;SN60500;19.04.2009;6,8
Tafjord;SN60500;20.04.2009;7,6
Tafjord;SN60500;21.04.2009;8,9
Tafjord;SN60500;22.04.2009;7,8
Tafjord;SN60500;23.04.2009;10,3
Tafjord;SN60500;24.04.2009;14,3
Tafjord;SN60500;25.04.2009;14,1
Tafjord;SN60500;26.04.2009;13,7
Tafjord;SN60500;27.04.2009;11,4
Tafjord;SN60500;28.04.2009;10,2
Tafjord;SN60500;29.04.2009;11,6
Tafjord;SN60500;30.04.2009;16,7
Tafjord;SN60500;01.05.2009;17,2
Tafjord;SN60500;02.05.2009;11,7
Tafjord;SN60500;03.05.2009;9,2
Tafjord;SN60500;04.05.2009;9,2
Tafjord;SN60500;05.05.2009;8,5
Tafjord;SN60500;06.05.2009;8,4
Tafjord;SN60500;07.05.2009;10,6
Tafjord;SN60500;08.05.2009;11,2
Tafjord;SN60500;09.05.2009;9,8
Tafjord;SN60500;10.05.2009;7,6
Tafjord;SN60500;11.05.2009;6,6
Tafjord;SN60500;12.05.2009;8,8
Tafjord;SN60500;13.05.2009;7,5
Tafjord;SN60500;14.05.2009;10,5
Tafjord;SN60500;15.05.2009;11,8
Tafjord;SN60500;16.05.2009;14
Tafjord;SN60500;17.05.2009;14,3
Tafjord;SN60500;18.05.2009;14
Tafjord;SN60500;19.05.2009;14,5
Tafjord;SN60500;20.05.2009;12,4
Tafjord;SN60500;21.05.2009;10,9
Tafjord;SN60500;22.05.2009;11,2
Tafjord;SN60500;23.05.2009;12,5
Tafjord;SN60500;24.05.2009;11,3
Tafjord;SN60500;25.05.2009;11,4
Tafjord;SN60500;26.05.2009;10
Tafjord;SN60500;27.05.2009;9,9
Tafjord;SN60500;28.05.2009;9,4
Tafjord;SN60500;29.05.2009;11,6
Tafjord;SN60500;30.05.2009;13,9
Tafjord;SN60500;31.05.2009;14,7
Tafjord;SN60500;01.06.2009;13,5
Tafjord;SN60500;02.06.2009;8,8
Tafjord;SN60500;03.06.2009;6,1
Tafjord;SN60500;04.06.2009;8
Tafjord;SN60500;05.06.2009;9,8
Tafjord;SN60500;06.06.2009;9,4
Tafjord;SN60500;07.06.2009;10,3
Tafjord;SN60500;08.06.2009;8,8
Tafjord;SN60500;09.06.2009;11,2
Tafjord;SN60500;10.06.2009;11,7
Tafjord;SN60500;11.06.2009;11,7
Tafjord;SN60500;12.06.2009;11,8
Tafjord;SN60500;13.06.2009;11,4
Tafjord;SN60500;14.06.2009;11,6
Tafjord;SN60500;15.06.2009;9,4
Tafjord;SN60500;16.06.2009;9
Tafjord;SN60500;17.06.2009;11,2
Tafjord;SN60500;18.06.2009;14,8
Tafjord;SN60500;19.06.2009;11,3
Tafjord;SN60500;20.06.2009;13,1
Tafjord;SN60500;21.06.2009;13,7
Tafjord;SN60500;22.06.2009;12,3
Tafjord;SN60500;23.06.2009;13,7
Tafjord;SN60500;24.06.2009;14,3
Tafjord;SN60500;25.06.2009;16,1
Tafjord;SN60500;26.06.2009;20,6
Tafjord;SN60500;27.06.2009;18,7
Tafjord;SN60500;28.06.2009;18,5
Tafjord;SN60500;29.06.2009;19,7
Tafjord;SN60500;30.06.2009;19,8
Tafjord;SN60500;01.07.2009;19
Tafjord;SN60500;02.07.2009;18,6
Tafjord;SN60500;03.07.2009;18,8
Tafjord;SN60500;04.07.2009;18,8
Tafjord;SN60500;05.07.2009;18,5
Tafjord;SN60500;06.07.2009;17,9
Tafjord;SN60500;07.07.2009;15,8
Tafjord;SN60500;08.07.2009;15,1
Tafjord;SN60500;09.07.2009;16,3
Tafjord;SN60500;10.07.2009;12,9
Tafjord;SN60500;11.07.2009;15,7
Tafjord;SN60500;12.07.2009;16,3
Tafjord;SN60500;13.07.2009;16,5
Tafjord;SN60500;14.07.2009;17,1
Tafjord;SN60500;15.07.2009;15,6
Tafjord;SN60500;16.07.2009;14,8
Tafjord;SN60500;17.07.2009;16,1
Tafjord;SN60500;18.07.2009;18,4
Tafjord;SN60500;19.07.2009;20
Tafjord;SN60500;20.07.2009;13,8
Tafjord;SN60500;21.07.2009;13,5
Tafjord;SN60500;22.07.2009;15,7
Tafjord;SN60500;23.07.2009;16,8
Tafjord;SN60500;24.07.2009;17
Tafjord;SN60500;25.07.2009;15
Tafjord;SN60500;26.07.2009;13,8
Tafjord;SN60500;27.07.2009;14,9
Tafjord;SN60500;28.07.2009;14,6
Tafjord;SN60500;29.07.2009;15,7
Tafjord;SN60500;30.07.2009;18,7
Tafjord;SN60500;31.07.2009;14,4
Tafjord;SN60500;01.08.2009;12,7
Tafjord;SN60500;02.08.2009;15,3
Tafjord;SN60500;03.08.2009;18
Tafjord;SN60500;04.08.2009;18,1
Tafjord;SN60500;05.08.2009;17,3
Tafjord;SN60500;06.08.2009;18,5
Tafjord;SN60500;07.08.2009;17,5
Tafjord;SN60500;08.08.2009;18,9
Tafjord;SN60500;09.08.2009;17,6
Tafjord;SN60500;10.08.2009;17,2
Tafjord;SN60500;11.08.2009;14,3
Tafjord;SN60500;12.08.2009;12,1
Tafjord;SN60500;13.08.2009;11,2
Tafjord;SN60500;14.08.2009;10,7
Tafjord;SN60500;15.08.2009;10,6
Tafjord;SN60500;16.08.2009;12,8
Tafjord;SN60500;17.08.2009;12,7
Tafjord;SN60500;18.08.2009;11,3
Tafjord;SN60500;19.08.2009;13
Tafjord;SN60500;20.08.2009;23,9
Tafjord;SN60500;21.08.2009;16,8
Tafjord;SN60500;22.08.2009;13,4
Tafjord;SN60500;23.08.2009;13,9
Tafjord;SN60500;24.08.2009;16,8
Tafjord;SN60500;25.08.2009;19,2
Tafjord;SN60500;26.08.2009;14,3
Tafjord;SN60500;27.08.2009;16,2
Tafjord;SN60500;28.08.2009;13,8
Tafjord;SN60500;29.08.2009;12,7
Tafjord;SN60500;30.08.2009;13,4
Tafjord;SN60500;31.08.2009;11,9
Tafjord;SN60500;01.09.2009;16,3
Tafjord;SN60500;02.09.2009;13,3
Tafjord;SN60500;03.09.2009;13,3
Tafjord;SN60500;04.09.2009;11,8
Tafjord;SN60500;05.09.2009;12,1
Tafjord;SN60500;06.09.2009;10,1
Tafjord;SN60500;07.09.2009;13,8
Tafjord;SN60500;08.09.2009;14,7
Tafjord;SN60500;09.09.2009;14,5
Tafjord;SN60500;10.09.2009;12,3
Tafjord;SN60500;11.09.2009;11,4
Tafjord;SN60500;12.09.2009;10,9
Tafjord;SN60500;13.09.2009;11,6
Tafjord;SN60500;14.09.2009;9,1
Tafjord;SN60500;15.09.2009;10,1
Tafjord;SN60500;16.09.2009;9,9
Tafjord;SN60500;17.09.2009;9,4
Tafjord;SN60500;18.09.2009;12,2
Tafjord;SN60500;19.09.2009;11,7
Tafjord;SN60500;20.09.2009;12,7
Tafjord;SN60500;21.09.2009;12,6
Tafjord;SN60500;22.09.2009;15
Tafjord;SN60500;23.09.2009;9
Tafjord;SN60500;24.09.2009;9,3
Tafjord;SN60500;25.09.2009;13,3
Tafjord;SN60500;26.09.2009;16,2
Tafjord;SN60500;27.09.2009;10,9
Tafjord;SN60500;28.09.2009;5,4
Tafjord;SN60500;29.09.2009;4,6
Tafjord;SN60500;30.09.2009;5,7
Tafjord;SN60500;01.10.2009;5,3
Tafjord;SN60500;02.10.2009;4,1
Tafjord;SN60500;03.10.2009;7,8
Tafjord;SN60500;04.10.2009;6,2
Tafjord;SN60500;05.10.2009;4,4
Tafjord;SN60500;06.10.2009;5,9
Tafjord;SN60500;07.10.2009;7
Tafjord;SN60500;08.10.2009;3,3
Tafjord;SN60500;09.10.2009;4
Tafjord;SN60500;10.10.2009;4,3
Tafjord;SN60500;11.10.2009;7,1
Tafjord;SN60500;12.10.2009;4,5
Tafjord;SN60500;13.10.2009;2,8
Tafjord;SN60500;14.10.2009;4,9
Tafjord;SN60500;15.10.2009;7,4
Tafjord;SN60500;16.10.2009;5,9
Tafjord;SN60500;17.10.2009;4,8
Tafjord;SN60500;18.10.2009;1,8
Tafjord;SN60500;19.10.2009;4,7
Tafjord;SN60500;20.10.2009;6,8
Tafjord;SN60500;21.10.2009;10,9
Tafjord;SN60500;22.10.2009;9,6
Tafjord;SN60500;23.10.2009;11
Tafjord;SN60500;24.10.2009;9,3
Tafjord;SN60500;25.10.2009;10,2
Tafjord;SN60500;26.10.2009;6,6
Tafjord;SN60500;27.10.2009;5,9
Tafjord;SN60500;28.10.2009;5
Tafjord;SN60500;29.10.2009;8
Tafjord;SN60500;30.10.2009;4,3
Tafjord;SN60500;31.10.2009;11,3
Tafjord;SN60500;01.11.2009;8,8
Tafjord;SN60500;02.11.2009;11
Tafjord;SN60500;03.11.2009;12,3
Tafjord;SN60500;04.11.2009;7
Tafjord;SN60500;05.11.2009;4
Tafjord;SN60500;06.11.2009;2,8
Tafjord;SN60500;07.11.2009;8,5
Tafjord;SN60500;08.11.2009;6,7
Tafjord;SN60500;09.11.2009;1,9
Tafjord;SN60500;10.11.2009;5,9
Tafjord;SN60500;11.11.2009;3
Tafjord;SN60500;12.11.2009;2,5
Tafjord;SN60500;13.11.2009;2,4
Tafjord;SN60500;14.11.2009;8,9
Tafjord;SN60500;15.11.2009;12,4
Tafjord;SN60500;16.11.2009;7,2
Tafjord;SN60500;17.11.2009;8,8
Tafjord;SN60500;18.11.2009;9,5
Tafjord;SN60500;19.11.2009;10,2
Tafjord;SN60500;20.11.2009;13,2
Tafjord;SN60500;21.11.2009;5,8
Tafjord;SN60500;22.11.2009;9
Tafjord;SN60500;23.11.2009;7,8
Tafjord;SN60500;24.11.2009;3,3
Tafjord;SN60500;25.11.2009;8
Tafjord;SN60500;26.11.2009;8,9
Tafjord;SN60500;27.11.2009;5,2
Tafjord;SN60500;28.11.2009;3,7
Tafjord;SN60500;29.11.2009;-0,1
Tafjord;SN60500;30.11.2009;-1
Tafjord;SN60500;01.12.2009;0
Tafjord;SN60500;02.12.2009;4,4
Tafjord;SN60500;03.12.2009;4,4
Tafjord;SN60500;04.12.2009;6,2
Tafjord;SN60500;05.12.2009;6,2
Tafjord;SN60500;06.12.2009;9
Tafjord;SN60500;07.12.2009;8,4
Tafjord;SN60500;08.12.2009;8,8
Tafjord;SN60500;09.12.2009;8,1
Tafjord;SN60500;10.12.2009;7,1
Tafjord;SN60500;11.12.2009;2,8
Tafjord;SN60500;12.12.2009;-0,8
Tafjord;SN60500;13.12.2009;0,9
Tafjord;SN60500;14.12.2009;2,2
Tafjord;SN60500;15.12.2009;1,7
Tafjord;SN60500;16.12.2009;-1,3
Tafjord;SN60500;17.12.2009;-4,2
Tafjord;SN60500;18.12.2009;-3,6
Tafjord;SN60500;19.12.2009;-0,6
Tafjord;SN60500;20.12.2009;-2,4
Tafjord;SN60500;21.12.2009;-4,6
Tafjord;SN60500;22.12.2009;-2,2
Tafjord;SN60500;23.12.2009;-2,8
Tafjord;SN60500;24.12.2009;-0,4
Tafjord;SN60500;25.12.2009;1,1
Tafjord;SN60500;26.12.2009;0,2
Tafjord;SN60500;27.12.2009;-0,7
Tafjord;SN60500;28.12.2009;-2,2
Tafjord;SN60500;29.12.2009;-4,9
Tafjord;SN60500;30.12.2009;-3,6
Tafjord;SN60500;31.12.2009;-3,8
Tafjord;SN60500;01.01.2010;-3,5
Tafjord;SN60500;02.01.2010;-6,9
Tafjord;SN60500;03.01.2010;-3,6
Tafjord;SN60500;04.01.2010;-1,6
Tafjord;SN60500;05.01.2010;-9,3
Tafjord;SN60500;06.01.2010;-9,3
Tafjord;SN60500;07.01.2010;-10,2
Tafjord;SN60500;08.01.2010;-11,2
Tafjord;SN60500;09.01.2010;-9,5
Tafjord;SN60500;10.01.2010;-9,9
Tafjord;SN60500;11.01.2010;-9,8
Tafjord;SN60500;12.01.2010;-7,3
Tafjord;SN60500;13.01.2010;1,6
Tafjord;SN60500;14.01.2010;3,3
Tafjord;SN60500;15.01.2010;1,2
Tafjord;SN60500;16.01.2010;2
Tafjord;SN60500;17.01.2010;3
Tafjord;SN60500;18.01.2010;0,8
Tafjord;SN60500;19.01.2010;0,3
Tafjord;SN60500;20.01.2010;2,7
Tafjord;SN60500;21.01.2010;0,5
Tafjord;SN60500;22.01.2010;0,4
Tafjord;SN60500;23.01.2010;-0,8
Tafjord;SN60500;24.01.2010;-0,1
Tafjord;SN60500;25.01.2010;-0,9
Tafjord;SN60500;26.01.2010;0,2
Tafjord;SN60500;27.01.2010;2,1
Tafjord;SN60500;28.01.2010;-0,2
Tafjord;SN60500;29.01.2010;-5,3
Tafjord;SN60500;30.01.2010;-4
Tafjord;SN60500;31.01.2010;-8,5
Tafjord;SN60500;01.02.2010;-5,2
Tafjord;SN60500;02.02.2010;-5,4
Tafjord;SN60500;03.02.2010;-4,7
Tafjord;SN60500;04.02.2010;-1,5
Tafjord;SN60500;05.02.2010;3,3
Tafjord;SN60500;06.02.2010;-3,2
Tafjord;SN60500;07.02.2010;-2,6
Tafjord;SN60500;08.02.2010;-0,1
Tafjord;SN60500;09.02.2010;-4,9
Tafjord;SN60500;10.02.2010;-6,8
Tafjord;SN60500;11.02.2010;-1,1
Tafjord;SN60500;12.02.2010;-1,2
Tafjord;SN60500;13.02.2010;-0,2
Tafjord;SN60500;14.02.2010;1,3
Tafjord;SN60500;15.02.2010;0,8
Tafjord;SN60500;16.02.2010;-0,4
Tafjord;SN60500;17.02.2010;-1,4
Tafjord;SN60500;18.02.2010;-1,7
Tafjord;SN60500;19.02.2010;-3,8
Tafjord;SN60500;20.02.2010;-5,9
Tafjord;SN60500;21.02.2010;-9
Tafjord;SN60500;22.02.2010;-11,3
Tafjord;SN60500;23.02.2010;-11,2
Tafjord;SN60500;24.02.2010;-5
Tafjord;SN60500;25.02.2010;-1,7
Tafjord;SN60500;26.02.2010;-1,5
Tafjord;SN60500;27.02.2010;-6,1
Tafjord;SN60500;28.02.2010;-6,9
Tafjord;SN60500;01.03.2010;-6,6
Tafjord;SN60500;02.03.2010;-5,1
Tafjord;SN60500;03.03.2010;-2,6
Tafjord;SN60500;04.03.2010;-0,9
Tafjord;SN60500;05.03.2010;-0,1
Tafjord;SN60500;06.03.2010;-0,6
Tafjord;SN60500;07.03.2010;3
Tafjord;SN60500;08.03.2010;2,1
Tafjord;SN60500;09.03.2010;0,4
Tafjord;SN60500;10.03.2010;1,9
Tafjord;SN60500;11.03.2010;2,6
Tafjord;SN60500;12.03.2010;1,6
Tafjord;SN60500;13.03.2010;0,5
Tafjord;SN60500;14.03.2010;0,3
Tafjord;SN60500;15.03.2010;-1,2
Tafjord;SN60500;16.03.2010;-0,1
Tafjord;SN60500;17.03.2010;1,1
Tafjord;SN60500;18.03.2010;2,8
Tafjord;SN60500;19.03.2010;6,9
Tafjord;SN60500;20.03.2010;3,1
Tafjord;SN60500;21.03.2010;1,9
Tafjord;SN60500;22.03.2010;0,2
Tafjord;SN60500;23.03.2010;4,3
Tafjord;SN60500;24.03.2010;5,3
Tafjord;SN60500;25.03.2010;8,6
Tafjord;SN60500;26.03.2010;5,7
Tafjord;SN60500;27.03.2010;3,8
Tafjord;SN60500;28.03.2010;2,5
Tafjord;SN60500;29.03.2010;1,2
Tafjord;SN60500;30.03.2010;0,9
Tafjord;SN60500;31.03.2010;5,9
Tafjord;SN60500;01.04.2010;4,1
Tafjord;SN60500;02.04.2010;8
Tafjord;SN60500;03.04.2010;6,5
Tafjord;SN60500;04.04.2010;8,4
Tafjord;SN60500;05.04.2010;7,2
Tafjord;SN60500;06.04.2010;10,3
Tafjord;SN60500;07.04.2010;9,7
Tafjord;SN60500;08.04.2010;7,1
Tafjord;SN60500;09.04.2010;5,3
Tafjord;SN60500;10.04.2010;5,4
Tafjord;SN60500;11.04.2010;6,4
Tafjord;SN60500;12.04.2010;8
Tafjord;SN60500;13.04.2010;5,6
Tafjord;SN60500;14.04.2010;4,9
Tafjord;SN60500;15.04.2010;5,8
Tafjord;SN60500;16.04.2010;3,6
Tafjord;SN60500;17.04.2010;2,9
Tafjord;SN60500;18.04.2010;0,9
Tafjord;SN60500;19.04.2010;2,1
Tafjord;SN60500;20.04.2010;5,3
Tafjord;SN60500;21.04.2010;4,1
Tafjord;SN60500;22.04.2010;4
Tafjord;SN60500;23.04.2010;6
Tafjord;SN60500;24.04.2010;5,6
Tafjord;SN60500;25.04.2010;6
Tafjord;SN60500;26.04.2010;12,1
Tafjord;SN60500;27.04.2010;6
Tafjord;SN60500;28.04.2010;5,1
Tafjord;SN60500;29.04.2010;8,4
Tafjord;SN60500;30.04.2010;9,9
Tafjord;SN60500;01.05.2010;3,3
Tafjord;SN60500;02.05.2010;4
Tafjord;SN60500;03.05.2010;3,7
Tafjord;SN60500;04.05.2010;4,2
Tafjord;SN60500;05.05.2010;4,5
Tafjord;SN60500;06.05.2010;7,3
Tafjord;SN60500;07.05.2010;8
Tafjord;SN60500;08.05.2010;5,8
Tafjord;SN60500;09.05.2010;6,3
Tafjord;SN60500;10.05.2010;3,6
Tafjord;SN60500;11.05.2010;6,6
Tafjord;SN60500;12.05.2010;8,6
Tafjord;SN60500;13.05.2010;8,9
Tafjord;SN60500;14.05.2010;9,8
Tafjord;SN60500;15.05.2010;10,8
Tafjord;SN60500;16.05.2010;10,2
Tafjord;SN60500;17.05.2010;9
Tafjord;SN60500;18.05.2010;9,6
Tafjord;SN60500;19.05.2010;11,2
Tafjord;SN60500;20.05.2010;11,2
Tafjord;SN60500;23.05.2010;7,4
Tafjord;SN60500;24.05.2010;7,6
Tafjord;SN60500;25.05.2010;7,5
Tafjord;SN60500;26.05.2010;7,8
Tafjord;SN60500;27.05.2010;9,2
Tafjord;SN60500;28.05.2010;9,7
Tafjord;SN60500;29.05.2010;10,7
Tafjord;SN60500;30.05.2010;10,4
Tafjord;SN60500;31.05.2010;10,2
Tafjord;SN60500;01.06.2010;12,2
Tafjord;SN60500;02.06.2010;11,2
Tafjord;SN60500;03.06.2010;10,4
Tafjord;SN60500;04.06.2010;10,5
Tafjord;SN60500;05.06.2010;10,9
Tafjord;SN60500;06.06.2010;11
Tafjord;SN60500;07.06.2010;11,8
Tafjord;SN60500;08.06.2010;12,5
Tafjord;SN60500;09.06.2010;12,6
Tafjord;SN60500;10.06.2010;12,9
Tafjord;SN60500;11.06.2010;13
Tafjord;SN60500;12.06.2010;10,4
Tafjord;SN60500;13.06.2010;10
Tafjord;SN60500;14.06.2010;10,1
Tafjord;SN60500;15.06.2010;10
Tafjord;SN60500;16.06.2010;10,4
Tafjord;SN60500;17.06.2010;11,7
Tafjord;SN60500;18.06.2010;8,7
Tafjord;SN60500;19.06.2010;8,6
Tafjord;SN60500;20.06.2010;10
Tafjord;SN60500;21.06.2010;11,5
Tafjord;SN60500;22.06.2010;12,6
Tafjord;SN60500;23.06.2010;13,4
Tafjord;SN60500;24.06.2010;13,8
Tafjord;SN60500;25.06.2010;12,1
Tafjord;SN60500;26.06.2010;11,5
Tafjord;SN60500;27.06.2010;12,3
Tafjord;SN60500;28.06.2010;13,6
Tafjord;SN60500;29.06.2010;15
Tafjord;SN60500;30.06.2010;12,6
Tafjord;SN60500;01.07.2010;13,6
Tafjord;SN60500;02.07.2010;15,4
Tafjord;SN60500;03.07.2010;19,1
Tafjord;SN60500;04.07.2010;16,5
Tafjord;SN60500;07.07.2010;15,8
Tafjord;SN60500;08.07.2010;17
Tafjord;SN60500;09.07.2010;15,7
Tafjord;SN60500;10.07.2010;14,7
Tafjord;SN60500;11.07.2010;20,5
Tafjord;SN60500;12.07.2010;18,2
Tafjord;SN60500;13.07.2010;12,2
Tafjord;SN60500;14.07.2010;13,1
Tafjord;SN60500;15.07.2010;17,6
Tafjord;SN60500;16.07.2010;21,3
Tafjord;SN60500;17.07.2010;20,6
Tafjord;SN60500;18.07.2010;16,5
Tafjord;SN60500;19.07.2010;17,1
Tafjord;SN60500;20.07.2010;13
Tafjord;SN60500;21.07.2010;13,8
Tafjord;SN60500;22.07.2010;11,4
Tafjord;SN60500;23.07.2010;10
Tafjord;SN60500;24.07.2010;12
Tafjord;SN60500;25.07.2010;13,5
Tafjord;SN60500;26.07.2010;15,6
Tafjord;SN60500;27.07.2010;15,8
Tafjord;SN60500;28.07.2010;16,8
Tafjord;SN60500;29.07.2010;17,3
Tafjord;SN60500;30.07.2010;15,1
Tafjord;SN60500;31.07.2010;14,7
Tafjord;SN60500;01.08.2010;14,5
Tafjord;SN60500;09.08.2010;16,7
Tafjord;SN60500;10.08.2010;16,6
Tafjord;SN60500;11.08.2010;16,2
Tafjord;SN60500;12.08.2010;16,6
Tafjord;SN60500;13.08.2010;15,3
Tafjord;SN60500;14.08.2010;17
Tafjord;SN60500;15.08.2010;16
Tafjord;SN60500;16.08.2010;18,3
Tafjord;SN60500;17.08.2010;20,4
Tafjord;SN60500;18.08.2010;21,1
Tafjord;SN60500;19.08.2010;22,5
Tafjord;SN60500;20.08.2010;18,2
Tafjord;SN60500;21.08.2010;18
Tafjord;SN60500;22.08.2010;14,6
Tafjord;SN60500;23.08.2010;12,7
Tafjord;SN60500;24.08.2010;12,1
Tafjord;SN60500;25.08.2010;12,7
Tafjord;SN60500;26.08.2010;12,1
Tafjord;SN60500;27.08.2010;11,4
Tafjord;SN60500;28.08.2010;11,1
Tafjord;SN60500;29.08.2010;10,8
Tafjord;SN60500;30.08.2010;10,5
Tafjord;SN60500;31.08.2010;10,8
Tafjord;SN60500;01.09.2010;10,7
Tafjord;SN60500;02.09.2010;8,1
Tafjord;SN60500;03.09.2010;9,4
Tafjord;SN60500;04.09.2010;8,6
Tafjord;SN60500;05.09.2010;9,6
Tafjord;SN60500;06.09.2010;11,1
Tafjord;SN60500;07.09.2010;15
Tafjord;SN60500;08.09.2010;18,4
Tafjord;SN60500;09.09.2010;17,6
Tafjord;SN60500;10.09.2010;15,9
Tafjord;SN60500;11.09.2010;15,3
Tafjord;SN60500;12.09.2010;12,9
Tafjord;SN60500;13.09.2010;14,7
Tafjord;SN60500;14.09.2010;14,6
Tafjord;SN60500;15.09.2010;9
Tafjord;SN60500;16.09.2010;9,3
Tafjord;SN60500;17.09.2010;9
Tafjord;SN60500;18.09.2010;9,4
Tafjord;SN60500;19.09.2010;9,3
Tafjord;SN60500;20.09.2010;9,1
Tafjord;SN60500;21.09.2010;8,7
Tafjord;SN60500;22.09.2010;10,4
Tafjord;SN60500;23.09.2010;10,5
Tafjord;SN60500;24.09.2010;8,5
Tafjord;SN60500;25.09.2010;6,2
Tafjord;SN60500;26.09.2010;5,1
Tafjord;SN60500;27.09.2010;11,9
Tafjord;SN60500;28.09.2010;9,1
Tafjord;SN60500;29.09.2010;4,2
Tafjord;SN60500;30.09.2010;6,4
Tafjord;SN60500;01.10.2010;13,3
Tafjord;SN60500;02.10.2010;13,5
Tafjord;SN60500;03.10.2010;15,5
Tafjord;SN60500;04.10.2010;19,2
Tafjord;SN60500;05.10.2010;19,8
Tafjord;SN60500;06.10.2010;17,8
Tafjord;SN60500;07.10.2010;14,8
Tafjord;SN60500;08.10.2010;10,9
Tafjord;SN60500;09.10.2010;7,7
Tafjord;SN60500;10.10.2010;8
Tafjord;SN60500;11.10.2010;5,4
Tafjord;SN60500;12.10.2010;6,7
Tafjord;SN60500;13.10.2010;6
Tafjord;SN60500;14.10.2010;5,5
Tafjord;SN60500;15.10.2010;1,5
Tafjord;SN60500;16.10.2010;2,6
Tafjord;SN60500;17.10.2010;7,9
Tafjord;SN60500;18.10.2010;12,3
Tafjord;SN60500;19.10.2010;5,3
Tafjord;SN60500;20.10.2010;-0,1
Tafjord;SN60500;21.10.2010;0,3
Tafjord;SN60500;22.10.2010;-0,5
Tafjord;SN60500;23.10.2010;1,1
Tafjord;SN60500;24.10.2010;2,5
Tafjord;SN60500;25.10.2010;2,6
Tafjord;SN60500;26.10.2010;4,7
Tafjord;SN60500;27.10.2010;10,7
Tafjord;SN60500;28.10.2010;7,5
Tafjord;SN60500;29.10.2010;10,1
Tafjord;SN60500;30.10.2010;14,3
Tafjord;SN60500;31.10.2010;12,5
Tafjord;SN60500;01.11.2010;5,7
Tafjord;SN60500;02.11.2010;9,4
Tafjord;SN60500;03.11.2010;8,9
Tafjord;SN60500;04.11.2010;4,8
Tafjord;SN60500;05.11.2010;4,3
Tafjord;SN60500;06.11.2010;1,2
Tafjord;SN60500;07.11.2010;-0,1
Tafjord;SN60500;08.11.2010;0,6
Tafjord;SN60500;09.11.2010;0,5
Tafjord;SN60500;10.11.2010;-4,3
Tafjord;SN60500;11.11.2010;-2,7
Tafjord;SN60500;12.11.2010;4,9
Tafjord;SN60500;13.11.2010;4,7
Tafjord;SN60500;14.11.2010;1,8
Tafjord;SN60500;15.11.2010;0,6
Tafjord;SN60500;16.11.2010;3,3
Tafjord;SN60500;17.11.2010;4,2
Tafjord;SN60500;18.11.2010;1,9
Tafjord;SN60500;19.11.2010;2,2
Tafjord;SN60500;20.11.2010;2
Tafjord;SN60500;21.11.2010;4,5
Tafjord;SN60500;22.11.2010;-1,3
Tafjord;SN60500;23.11.2010;-2,1
Tafjord;SN60500;24.11.2010;-3,7
Tafjord;SN60500;25.11.2010;-4,3
Tafjord;SN60500;26.11.2010;-6,8
Tafjord;SN60500;27.11.2010;-5
Tafjord;SN60500;28.11.2010;-5,4
Tafjord;SN60500;29.11.2010;-5,5
Tafjord;SN60500;30.11.2010;-7,1
Tafjord;SN60500;01.12.2010;-8,8
Tafjord;SN60500;02.12.2010;-7,5
Tafjord;SN60500;03.12.2010;-9,6
Tafjord;SN60500;05.12.2010;-3
Tafjord;SN60500;06.12.2010;-3,8
Tafjord;SN60500;07.12.2010;-3,1
Tafjord;SN60500;08.12.2010;-3
Tafjord;SN60500;09.12.2010;-3
Tafjord;SN60500;10.12.2010;-0,7
Tafjord;SN60500;11.12.2010;1,1
Tafjord;SN60500;12.12.2010;-1,7
Tafjord;SN60500;13.12.2010;-0,4
Tafjord;SN60500;14.12.2010;-1
Tafjord;SN60500;15.12.2010;-2,5
Tafjord;SN60500;16.12.2010;-3,5
Tafjord;SN60500;17.12.2010;-4,8
Tafjord;SN60500;18.12.2010;-0,7
Tafjord;SN60500;19.12.2010;-3,2
Tafjord;SN60500;20.12.2010;-5,6
Tafjord;SN60500;21.12.2010;-6,4
Tafjord;SN60500;25.12.2010;-6,2
Tafjord;SN60500;26.12.2010;-10,5
Tafjord;SN60500;27.12.2010;-3,9
Tafjord;SN60500;28.12.2010;-2
Tafjord;SN60500;29.12.2010;-3,4
Tafjord;SN60500;30.12.2010;0,9
Tafjord;SN60500;31.12.2010;1,2
Tafjord;SN60500;01.01.2011;1,1
Tafjord;SN60500;02.01.2011;-0,3
Tafjord;SN60500;03.01.2011;-1,6
Tafjord;SN60500;04.01.2011;2,1
Tafjord;SN60500;05.01.2011;2,1
Tafjord;SN60500;06.01.2011;2,6
Tafjord;SN60500;07.01.2011;0,6
Tafjord;SN60500;08.01.2011;2,5
Tafjord;SN60500;09.01.2011;4
Tafjord;SN60500;10.01.2011;-0,4
Tafjord;SN60500;11.01.2011;-2,1
Tafjord;SN60500;12.01.2011;-2,5
Tafjord;SN60500;13.01.2011;-7,4
Tafjord;SN60500;14.01.2011;-1,2
Tafjord;SN60500;15.01.2011;4,6
Tafjord;SN60500;16.01.2011;5,7
Tafjord;SN60500;17.01.2011;2,6
Tafjord;SN60500;18.01.2011;1,2
Tafjord;SN60500;19.01.2011;0,2
Tafjord;SN60500;20.01.2011;-0,9
Tafjord;SN60500;21.01.2011;2,5
Tafjord;SN60500;22.01.2011;0,8
Tafjord;SN60500;23.01.2011;1,6
Tafjord;SN60500;24.01.2011;1,3
Tafjord;SN60500;25.01.2011;-0,2
Tafjord;SN60500;26.01.2011;-2,5
Tafjord;SN60500;27.01.2011;-1,4
Tafjord;SN60500;28.01.2011;1,3
Tafjord;SN60500;29.01.2011;3,3
Tafjord;SN60500;30.01.2011;2,8
Tafjord;SN60500;31.01.2011;2,6
Tafjord;SN60500;01.02.2011;4,6
Tafjord;SN60500;02.02.2011;3,7
Tafjord;SN60500;03.02.2011;3,2
Tafjord;SN60500;04.02.2011;4,4
Tafjord;SN60500;05.02.2011;1,8
Tafjord;SN60500;06.02.2011;0,8
Tafjord;SN60500;07.02.2011;1,4
Tafjord;SN60500;08.02.2011;0,6
Tafjord;SN60500;09.02.2011;1,1
Tafjord;SN60500;10.02.2011;1,3
Tafjord;SN60500;11.02.2011;-1
Tafjord;SN60500;12.02.2011;-8,4
Tafjord;SN60500;13.02.2011;-0,9
Tafjord;SN60500;14.02.2011;0,2
Tafjord;SN60500;15.02.2011;-1,2
Tafjord;SN60500;16.02.2011;-1,6
Tafjord;SN60500;17.02.2011;-0,9
Tafjord;SN60500;18.02.2011;-0,8
Tafjord;SN60500;19.02.2011;-3,3
Tafjord;SN60500;20.02.2011;-6,4
Tafjord;SN60500;21.02.2011;-1,8
Tafjord;SN60500;22.02.2011;-5,2
Tafjord;SN60500;23.02.2011;-5,6
Tafjord;SN60500;24.02.2011;2,5
Tafjord;SN60500;25.02.2011;10,6
Tafjord;SN60500;26.02.2011;10,7
Tafjord;SN60500;27.02.2011;5,6
Tafjord;SN60500;28.02.2011;2,8
Tafjord;SN60500;01.03.2011;4,5
Tafjord;SN60500;02.03.2011;9,4
Tafjord;SN60500;03.03.2011;4,4
Tafjord;SN60500;04.03.2011;4
Tafjord;SN60500;05.03.2011;-0,3
Tafjord;SN60500;06.03.2011;-0,2
Tafjord;SN60500;07.03.2011;3,6
Tafjord;SN60500;08.03.2011;6,7
Tafjord;SN60500;09.03.2011;2,4
Tafjord;SN60500;10.03.2011;-1,3
Tafjord;SN60500;11.03.2011;-0,4
Tafjord;SN60500;12.03.2011;1,8
Tafjord;SN60500;13.03.2011;2,5
Tafjord;SN60500;14.03.2011;2,1
Tafjord;SN60500;15.03.2011;6,4
Tafjord;SN60500;16.03.2011;7
Tafjord;SN60500;17.03.2011;5,5
Tafjord;SN60500;18.03.2011;3
Tafjord;SN60500;19.03.2011;4,2
Tafjord;SN60500;20.03.2011;8,4
Tafjord;SN60500;21.03.2011;5
Tafjord;SN60500;22.03.2011;4,3
Tafjord;SN60500;23.03.2011;4,1
Tafjord;SN60500;24.03.2011;1,8
Tafjord;SN60500;25.03.2011;-1,2
Tafjord;SN60500;26.03.2011;-1,5
Tafjord;SN60500;27.03.2011;1,1
Tafjord;SN60500;28.03.2011;0,6
Tafjord;SN60500;29.03.2011;0,1
Tafjord;SN60500;30.03.2011;-0,1
Tafjord;SN60500;31.03.2011;5,9
Tafjord;SN60500;01.04.2011;9,4
Tafjord;SN60500;02.04.2011;12,4
Tafjord;SN60500;03.04.2011;7
Tafjord;SN60500;04.04.2011;5,9
Tafjord;SN60500;05.04.2011;9,9
Tafjord;SN60500;06.04.2011;7,5
Tafjord;SN60500;07.04.2011;4,7
Tafjord;SN60500;08.04.2011;5,9
Tafjord;SN60500;09.04.2011;4,8
Tafjord;SN60500;10.04.2011;7,5
Tafjord;SN60500;11.04.2011;8
Tafjord;SN60500;12.04.2011;5,5
Tafjord;SN60500;13.04.2011;5,7
Tafjord;SN60500;14.04.2011;8,5
Tafjord;SN60500;15.04.2011;9
Tafjord;SN60500;16.04.2011;8,6
Tafjord;SN60500;17.04.2011;9,1
Tafjord;SN60500;18.04.2011;7,4
Tafjord;SN60500;19.04.2011;10,4
Tafjord;SN60500;20.04.2011;7,8
Tafjord;SN60500;21.04.2011;7,1
Tafjord;SN60500;22.04.2011;8,8
Tafjord;SN60500;23.04.2011;13,4
Tafjord;SN60500;25.04.2011;8,5
Tafjord;SN60500;26.04.2011;7,7
Tafjord;SN60500;27.04.2011;7
Tafjord;SN60500;28.04.2011;7,8
Tafjord;SN60500;29.04.2011;7,9
Tafjord;SN60500;30.04.2011;7,9
Tafjord;SN60500;01.05.2011;9,4
Tafjord;SN60500;02.05.2011;10,8
Tafjord;SN60500;03.05.2011;7,9
Tafjord;SN60500;04.05.2011;7,7
Tafjord;SN60500;05.05.2011;6,6
Tafjord;SN60500;06.05.2011;7,5
Tafjord;SN60500;07.05.2011;12
Tafjord;SN60500;08.05.2011;18,6
Tafjord;SN60500;09.05.2011;19,3
Tafjord;SN60500;10.05.2011;18,6
Tafjord;SN60500;11.05.2011;14,8
Tafjord;SN60500;12.05.2011;9,7
Tafjord;SN60500;13.05.2011;8,5
Tafjord;SN60500;14.05.2011;8,4
Tafjord;SN60500;15.05.2011;7,8
Tafjord;SN60500;16.05.2011;8
Tafjord;SN60500;17.05.2011;7
Tafjord;SN60500;18.05.2011;10,5
Tafjord;SN60500;19.05.2011;10,7
Tafjord;SN60500;20.05.2011;11,3
Tafjord;SN60500;21.05.2011;10,6
Tafjord;SN60500;22.05.2011;14,9
Tafjord;SN60500;23.05.2011;13,7
Tafjord;SN60500;24.05.2011;11,4
Tafjord;SN60500;25.05.2011;8,5
Tafjord;SN60500;26.05.2011;9
Tafjord;SN60500;27.05.2011;8,4
Tafjord;SN60500;28.05.2011;9,9
Tafjord;SN60500;29.05.2011;11,4
Tafjord;SN60500;30.05.2011;11,2
Tafjord;SN60500;31.05.2011;9
Tafjord;SN60500;01.06.2011;10,6
Tafjord;SN60500;02.06.2011;13,5
Tafjord;SN60500;03.06.2011;15,6
Tafjord;SN60500;04.06.2011;12,1
Tafjord;SN60500;05.06.2011;9,4
Tafjord;SN60500;06.06.2011;9,3
Tafjord;SN60500;07.06.2011;11,4
Tafjord;SN60500;08.06.2011;13,4
Tafjord;SN60500;09.06.2011;14,2
Tafjord;SN60500;10.06.2011;10,6
Tafjord;SN60500;11.06.2011;11,7
Tafjord;SN60500;12.06.2011;11,1
Tafjord;SN60500;13.06.2011;12
Tafjord;SN60500;14.06.2011;13,7
Tafjord;SN60500;15.06.2011;11,5
Tafjord;SN60500;16.06.2011;13,3
Tafjord;SN60500;17.06.2011;15,1
Tafjord;SN60500;18.06.2011;13,5
Tafjord;SN60500;19.06.2011;14,3
Tafjord;SN60500;20.06.2011;12,5
Tafjord;SN60500;21.06.2011;12,9
Tafjord;SN60500;22.06.2011;13,7
Tafjord;SN60500;23.06.2011;11,6
Tafjord;SN60500;24.06.2011;10,8
Tafjord;SN60500;25.06.2011;11,7
Tafjord;SN60500;26.06.2011;12,6
Tafjord;SN60500;27.06.2011;13,4
Tafjord;SN60500;28.06.2011;15,2
Tafjord;SN60500;29.06.2011;12,7
Tafjord;SN60500;30.06.2011;11,9
Tafjord;SN60500;01.07.2011;12,3
Tafjord;SN60500;02.07.2011;14,3
Tafjord;SN60500;03.07.2011;14,2
Tafjord;SN60500;04.07.2011;14,1
Tafjord;SN60500;05.07.2011;15
Tafjord;SN60500;06.07.2011;17
Tafjord;SN60500;07.07.2011;17,4
Tafjord;SN60500;08.07.2011;16,5
Tafjord;SN60500;09.07.2011;16,8
Tafjord;SN60500;10.07.2011;15
Tafjord;SN60500;11.07.2011;13,6
Tafjord;SN60500;12.07.2011;12,6
Tafjord;SN60500;13.07.2011;11,6
Tafjord;SN60500;14.07.2011;13,2
Tafjord;SN60500;15.07.2011;13,9
Tafjord;SN60500;16.07.2011;15,3
Tafjord;SN60500;17.07.2011;17,7
Tafjord;SN60500;18.07.2011;15,5
Tafjord;SN60500;19.07.2011;14,8
Tafjord;SN60500;20.07.2011;15,1
Tafjord;SN60500;21.07.2011;13,2
Tafjord;SN60500;22.07.2011;12,6
Tafjord;SN60500;23.07.2011;13,6
Tafjord;SN60500;24.07.2011;15,6
Tafjord;SN60500;25.07.2011;15,3
Tafjord;SN60500;26.07.2011;13,4
Tafjord;SN60500;27.07.2011;14,3
Tafjord;SN60500;28.07.2011;14,1
Tafjord;SN60500;29.07.2011;13,5
Tafjord;SN60500;30.07.2011;14,1
Tafjord;SN60500;31.07.2011;15
Tafjord;SN60500;01.08.2011;15,5
Tafjord;SN60500;02.08.2011;17,1
Tafjord;SN60500;03.08.2011;17,4
Tafjord;SN60500;04.08.2011;17,1
Tafjord;SN60500;05.08.2011;18,6
Tafjord;SN60500;06.08.2011;16,2
Tafjord;SN60500;07.08.2011;16,7
Tafjord;SN60500;08.08.2011;14,5
Tafjord;SN60500;09.08.2011;11,8
Tafjord;SN60500;10.08.2011;10,5
Tafjord;SN60500;11.08.2011;10,5
Tafjord;SN60500;12.08.2011;11,1
Tafjord;SN60500;13.08.2011;14,3
Tafjord;SN60500;14.08.2011;19,2
Tafjord;SN60500;15.08.2011;15,4
Tafjord;SN60500;16.08.2011;12,4
Tafjord;SN60500;17.08.2011;13
Tafjord;SN60500;18.08.2011;13,5
Tafjord;SN60500;19.08.2011;12,8
Tafjord;SN60500;20.08.2011;13,3
Tafjord;SN60500;21.08.2011;12,4
Tafjord;SN60500;22.08.2011;13,4
Tafjord;SN60500;23.08.2011;13,4
Tafjord;SN60500;24.08.2011;14,9
Tafjord;SN60500;25.08.2011;14,7
Tafjord;SN60500;26.08.2011;15,9
Tafjord;SN60500;27.08.2011;17,2
Tafjord;SN60500;28.08.2011;13,1
Tafjord;SN60500;29.08.2011;11,5
Tafjord;SN60500;30.08.2011;12,3
Tafjord;SN60500;31.08.2011;13,1
Tafjord;SN60500;01.09.2011;11,9
Tafjord;SN60500;02.09.2011;11,2
Tafjord;SN60500;03.09.2011;12,8
Tafjord;SN60500;04.09.2011;14,1
Tafjord;SN60500;05.09.2011;15,2
Tafjord;SN60500;06.09.2011;16,3
Tafjord;SN60500;07.09.2011;15
Tafjord;SN60500;08.09.2011;10,2
Tafjord;SN60500;09.09.2011;10,3
Tafjord;SN60500;10.09.2011;11,3
Tafjord;SN60500;11.09.2011;16,4
Tafjord;SN60500;12.09.2011;13,6
Tafjord;SN60500;13.09.2011;12,5
Tafjord;SN60500;14.09.2011;11,7
Tafjord;SN60500;15.09.2011;8,9
Tafjord;SN60500;16.09.2011;7,7
Tafjord;SN60500;17.09.2011;7,4
Tafjord;SN60500;18.09.2011;14,9
Tafjord;SN60500;19.09.2011;14,2
Tafjord;SN60500;20.09.2011;11,7
Tafjord;SN60500;21.09.2011;12,2
Tafjord;SN60500;22.09.2011;10,9
Tafjord;SN60500;23.09.2011;9,9
Tafjord;SN60500;24.09.2011;10,6
Tafjord;SN60500;25.09.2011;13,8
Tafjord;SN60500;26.09.2011;14,2
Tafjord;SN60500;27.09.2011;11,8
Tafjord;SN60500;28.09.2011;12,9
Tafjord;SN60500;29.09.2011;17,4
Tafjord;SN60500;30.09.2011;15
Tafjord;SN60500;01.10.2011;16,7
Tafjord;SN60500;02.10.2011;9,4
Tafjord;SN60500;03.10.2011;11,5
Tafjord;SN60500;04.10.2011;9,5
Tafjord;SN60500;05.10.2011;11,4
Tafjord;SN60500;06.10.2011;9,1
Tafjord;SN60500;07.10.2011;5,2
Tafjord;SN60500;08.10.2011;5,7
Tafjord;SN60500;09.10.2011;8,4
Tafjord;SN60500;10.10.2011;6,6
Tafjord;SN60500;11.10.2011;4,6
Tafjord;SN60500;12.10.2011;4,9
Tafjord;SN60500;13.10.2011;3,3
Tafjord;SN60500;14.10.2011;10,7
Tafjord;SN60500;15.10.2011;12,5
Tafjord;SN60500;16.10.2011;13,8
Tafjord;SN60500;17.10.2011;13,9
Tafjord;SN60500;18.10.2011;10,1
Tafjord;SN60500;19.10.2011;4,5
Tafjord;SN60500;20.10.2011;2,4
Tafjord;SN60500;21.10.2011;7,9
Tafjord;SN60500;22.10.2011;11,5
Tafjord;SN60500;23.10.2011;14,3
Tafjord;SN60500;24.10.2011;13,4
Tafjord;SN60500;25.10.2011;13,2
Tafjord;SN60500;26.10.2011;11,4
Tafjord;SN60500;27.10.2011;13,2
Tafjord;SN60500;28.10.2011;10,3
Tafjord;SN60500;29.10.2011;13,5
Tafjord;SN60500;30.10.2011;11,3
Tafjord;SN60500;31.10.2011;11,4
Tafjord;SN60500;01.11.2011;16,4
Tafjord;SN60500;02.11.2011;9,7
Tafjord;SN60500;03.11.2011;14,7
Tafjord;SN60500;04.11.2011;14,4
Tafjord;SN60500;05.11.2011;15,9
Tafjord;SN60500;06.11.2011;9,3
Tafjord;SN60500;07.11.2011;8,4
Tafjord;SN60500;08.11.2011;8,5
Tafjord;SN60500;09.11.2011;14,8
Tafjord;SN60500;10.11.2011;10,5
Tafjord;SN60500;11.11.2011;7,2
Tafjord;SN60500;12.11.2011;10,9
Tafjord;SN60500;13.11.2011;6,6
Tafjord;SN60500;14.11.2011;3,7
Tafjord;SN60500;15.11.2011;-0,6
Tafjord;SN60500;16.11.2011;-2,1
Tafjord;SN60500;17.11.2011;-0,6
Tafjord;SN60500;18.11.2011;3,9
Tafjord;SN60500;19.11.2011;4,9
Tafjord;SN60500;20.11.2011;6,6
Tafjord;SN60500;21.11.2011;8,9
Tafjord;SN60500;22.11.2011;11
Tafjord;SN60500;23.11.2011;11
Tafjord;SN60500;24.11.2011;6,5
Tafjord;SN60500;25.11.2011;6,6
Tafjord;SN60500;26.11.2011;2,6
Tafjord;SN60500;27.11.2011;2
Tafjord;SN60500;28.11.2011;2,7
Tafjord;SN60500;29.11.2011;11,9
Tafjord;SN60500;30.11.2011;5
Tafjord;SN60500;01.12.2011;8,7
Tafjord;SN60500;02.12.2011;2
Tafjord;SN60500;03.12.2011;6,4
Tafjord;SN60500;04.12.2011;2,2
Tafjord;SN60500;05.12.2011;0,7
Tafjord;SN60500;06.12.2011;-0,7
Tafjord;SN60500;07.12.2011;-3,1
Tafjord;SN60500;08.12.2011;-2
Tafjord;SN60500;09.12.2011;2,7
Tafjord;SN60500;10.12.2011;0,1
Tafjord;SN60500;11.12.2011;2,4
Tafjord;SN60500;12.12.2011;5,9
Tafjord;SN60500;13.12.2011;6,8
Tafjord;SN60500;14.12.2011;8,2
Tafjord;SN60500;15.12.2011;4,2
Tafjord;SN60500;16.12.2011;2,4
Tafjord;SN60500;17.12.2011;1,3
Tafjord;SN60500;18.12.2011;-0,2
Tafjord;SN60500;19.12.2011;0,1
Tafjord;SN60500;20.12.2011;-0,1
Tafjord;SN60500;21.12.2011;-0,6
Tafjord;SN60500;22.12.2011;3,9
Tafjord;SN60500;23.12.2011;4,9
Tafjord;SN60500;24.12.2011;3,9
Tafjord;SN60500;25.12.2011;6,7
Tafjord;SN60500;26.12.2011;6
Tafjord;SN60500;27.12.2011;3,3
Tafjord;SN60500;28.12.2011;5,6
Tafjord;SN60500;29.12.2011;3,2
Tafjord;SN60500;30.12.2011;0,6
Tafjord;SN60500;31.12.2011;3,2
Tafjord;SN60500;01.01.2012;6,2
Tafjord;SN60500;02.01.2012;6,1
Tafjord;SN60500;03.01.2012;5,5
Tafjord;SN60500;04.01.2012;1,4
Tafjord;SN60500;05.01.2012;-2
Tafjord;SN60500;06.01.2012;-0,6
Tafjord;SN60500;07.01.2012;0,9
Tafjord;SN60500;08.01.2012;-1,5
Tafjord;SN60500;09.01.2012;1,6
Tafjord;SN60500;10.01.2012;1,9
Tafjord;SN60500;11.01.2012;0,8
Tafjord;SN60500;12.01.2012;1,6
Tafjord;SN60500;13.01.2012;3,1
Tafjord;SN60500;14.01.2012;0,8
Tafjord;SN60500;15.01.2012;0,7
Tafjord;SN60500;16.01.2012;1,5
Tafjord;SN60500;17.01.2012;0,4
Tafjord;SN60500;18.01.2012;5,5
Tafjord;SN60500;19.01.2012;0,6
Tafjord;SN60500;20.01.2012;-1,1
Tafjord;SN60500;21.01.2012;2,5
Tafjord;SN60500;22.01.2012;1,6
Tafjord;SN60500;23.01.2012;-0,5
Tafjord;SN60500;24.01.2012;1
Tafjord;SN60500;25.01.2012;2,8
Tafjord;SN60500;26.01.2012;3,8
Tafjord;SN60500;27.01.2012;3,6
Tafjord;SN60500;28.01.2012;1,1
Tafjord;SN60500;29.01.2012;-1,2
Tafjord;SN60500;30.01.2012;-1,5
Tafjord;SN60500;31.01.2012;-4
Tafjord;SN60500;01.02.2012;-6,1
Tafjord;SN60500;02.02.2012;-2
Tafjord;SN60500;03.02.2012;-3,3
Tafjord;SN60500;04.02.2012;-2,5
Tafjord;SN60500;05.02.2012;0,1
Tafjord;SN60500;06.02.2012;3,4
Tafjord;SN60500;07.02.2012;2,7
Tafjord;SN60500;08.02.2012;3,8
Tafjord;SN60500;09.02.2012;4,8
Tafjord;SN60500;10.02.2012;5,2
Tafjord;SN60500;11.02.2012;3,6
Tafjord;SN60500;12.02.2012;1
Tafjord;SN60500;13.02.2012;1,8
Tafjord;SN60500;14.02.2012;2,1
Tafjord;SN60500;15.02.2012;1,1
Tafjord;SN60500;16.02.2012;1,2
Tafjord;SN60500;17.02.2012;2,6
Tafjord;SN60500;18.02.2012;5,2
Tafjord;SN60500;19.02.2012;-0,4
Tafjord;SN60500;20.02.2012;2,6
Tafjord;SN60500;21.02.2012;2,5
Tafjord;SN60500;22.02.2012;4,1
Tafjord;SN60500;23.02.2012;2,5
Tafjord;SN60500;24.02.2012;3,6
Tafjord;SN60500;25.02.2012;2,1
Tafjord;SN60500;26.02.2012;2
Tafjord;SN60500;27.02.2012;7,5
Tafjord;SN60500;28.02.2012;5,1
Tafjord;SN60500;29.02.2012;5,1
Tafjord;SN60500;01.03.2012;4,9
Tafjord;SN60500;02.03.2012;2,5
Tafjord;SN60500;03.03.2012;6,4
Tafjord;SN60500;04.03.2012;6,7
Tafjord;SN60500;05.03.2012;4,4
Tafjord;SN60500;06.03.2012;5
Tafjord;SN60500;07.03.2012;8,2
Tafjord;SN60500;08.03.2012;6,6
Tafjord;SN60500;09.03.2012;6,5
Tafjord;SN60500;10.03.2012;4,2
Tafjord;SN60500;11.03.2012;6,1
Tafjord;SN60500;12.03.2012;5,2
Tafjord;SN60500;13.03.2012;4,5
Tafjord;SN60500;14.03.2012;4,6
Tafjord;SN60500;15.03.2012;7,4
Tafjord;SN60500;16.03.2012;9,6
Tafjord;SN60500;17.03.2012;6,4
Tafjord;SN60500;18.03.2012;3,2
Tafjord;SN60500;19.03.2012;0,8
Tafjord;SN60500;20.03.2012;4,4
Tafjord;SN60500;21.03.2012;6,6
Tafjord;SN60500;22.03.2012;8,9
Tafjord;SN60500;23.03.2012;6,7
Tafjord;SN60500;24.03.2012;6
Tafjord;SN60500;25.03.2012;6,9
Tafjord;SN60500;26.03.2012;5,9
Tafjord;SN60500;27.03.2012;8,1
Tafjord;SN60500;28.03.2012;6,5
Tafjord;SN60500;29.03.2012;4,6
Tafjord;SN60500;30.03.2012;2,5
Tafjord;SN60500;31.03.2012;0,9
Tafjord;SN60500;01.04.2012;-0,6
Tafjord;SN60500;02.04.2012;-1,8
Tafjord;SN60500;03.04.2012;-1
Tafjord;SN60500;04.04.2012;0,9
Tafjord;SN60500;05.04.2012;2,7
Tafjord;SN60500;06.04.2012;0,4
Tafjord;SN60500;07.04.2012;-0,7
Tafjord;SN60500;08.04.2012;2,3
Tafjord;SN60500;09.04.2012;7,1
Tafjord;SN60500;10.04.2012;7,9
Tafjord;SN60500;11.04.2012;8,1
Tafjord;SN60500;12.04.2012;5,2
Tafjord;SN60500;13.04.2012;4,3
Tafjord;SN60500;14.04.2012;2,6
Tafjord;SN60500;15.04.2012;3,2
Tafjord;SN60500;16.04.2012;2,1
Tafjord;SN60500;17.04.2012;2,7
Tafjord;SN60500;18.04.2012;5,2
Tafjord;SN60500;19.04.2012;9,2
Tafjord;SN60500;20.04.2012;9,2
Tafjord;SN60500;21.04.2012;6,7
Tafjord;SN60500;22.04.2012;6,1
Tafjord;SN60500;23.04.2012;6
Tafjord;SN60500;24.04.2012;6,2
Tafjord;SN60500;25.04.2012;5,4
Tafjord;SN60500;26.04.2012;8,3
Tafjord;SN60500;27.04.2012;6,5
Tafjord;SN60500;28.04.2012;4,5
Tafjord;SN60500;29.04.2012;7,1
Tafjord;SN60500;30.04.2012;7,6
Tafjord;SN60500;01.05.2012;7,5
Tafjord;SN60500;02.05.2012;8,3
Tafjord;SN60500;03.05.2012;6,9
Tafjord;SN60500;04.05.2012;5,3
Tafjord;SN60500;05.05.2012;2,8
Tafjord;SN60500;06.05.2012;4,2
Tafjord;SN60500;07.05.2012;6,6
Tafjord;SN60500;08.05.2012;8,9
Tafjord;SN60500;09.05.2012;11,5
Tafjord;SN60500;10.05.2012;10,2
Tafjord;SN60500;11.05.2012;6,1
Tafjord;SN60500;12.05.2012;6,3
Tafjord;SN60500;13.05.2012;10,4
Tafjord;SN60500;14.05.2012;11,3
Tafjord;SN60500;15.05.2012;11,2
Tafjord;SN60500;16.05.2012;7,6
Tafjord;SN60500;17.05.2012;7,9
Tafjord;SN60500;18.05.2012;6,9
Tafjord;SN60500;19.05.2012;7,7
Tafjord;SN60500;20.05.2012;8,9
Tafjord;SN60500;21.05.2012;11,5
Tafjord;SN60500;22.05.2012;15,4
Tafjord;SN60500;23.05.2012;14,5
Tafjord;SN60500;24.05.2012;16,6
Tafjord;SN60500;25.05.2012;12,9
Tafjord;SN60500;26.05.2012;13
Tafjord;SN60500;27.05.2012;15,2
Tafjord;SN60500;28.05.2012;9,1
Tafjord;SN60500;29.05.2012;7,6
Tafjord;SN60500;30.05.2012;8,8
Tafjord;SN60500;31.05.2012;6,9
Tafjord;SN60500;01.06.2012;5,9
Tafjord;SN60500;02.06.2012;6,5
Tafjord;SN60500;03.06.2012;6,7
Tafjord;SN60500;04.06.2012;9,8
Tafjord;SN60500;05.06.2012;10,6
Tafjord;SN60500;06.06.2012;10,1
Tafjord;SN60500;07.06.2012;11,4
Tafjord;SN60500;08.06.2012;11,6
Tafjord;SN60500;09.06.2012;13,2
Tafjord;SN60500;10.06.2012;11,6
Tafjord;SN60500;11.06.2012;10,6
Tafjord;SN60500;12.06.2012;11
Tafjord;SN60500;13.06.2012;9,8
Tafjord;SN60500;14.06.2012;9,6
Tafjord;SN60500;15.06.2012;10,5
Tafjord;SN60500;16.06.2012;15
Tafjord;SN60500;17.06.2012;13,9
Tafjord;SN60500;18.06.2012;11,1
Tafjord;SN60500;19.06.2012;11,3
Tafjord;SN60500;20.06.2012;11
Tafjord;SN60500;21.06.2012;11,9
Tafjord;SN60500;22.06.2012;17,2
Tafjord;SN60500;23.06.2012;18,4
Tafjord;SN60500;24.06.2012;16,3
Tafjord;SN60500;25.06.2012;13,7
Tafjord;SN60500;26.06.2012;11,3
Tafjord;SN60500;27.06.2012;12,4
Tafjord;SN60500;28.06.2012;12,4
Tafjord;SN60500;29.06.2012;15,7
Tafjord;SN60500;30.06.2012;16,4
Tafjord;SN60500;01.07.2012;14,7
Tafjord;SN60500;02.07.2012;14,4
Tafjord;SN60500;03.07.2012;13,8
Tafjord;SN60500;04.07.2012;16,1
Tafjord;SN60500;05.07.2012;18
Tafjord;SN60500;06.07.2012;16,9
Tafjord;SN60500;07.07.2012;15,9
Tafjord;SN60500;08.07.2012;13,4
Tafjord;SN60500;09.07.2012;13,2
Tafjord;SN60500;10.07.2012;13,6
Tafjord;SN60500;11.07.2012;14,3
Tafjord;SN60500;12.07.2012;12,9
Tafjord;SN60500;13.07.2012;12,1
Tafjord;SN60500;14.07.2012;11,9
Tafjord;SN60500;15.07.2012;12,8
Tafjord;SN60500;16.07.2012;12,9
Tafjord;SN60500;17.07.2012;11,8
Tafjord;SN60500;18.07.2012;12,7
Tafjord;SN60500;19.07.2012;12,3
Tafjord;SN60500;20.07.2012;10,8
Tafjord;SN60500;21.07.2012;9,6
Tafjord;SN60500;22.07.2012;11,9
Tafjord;SN60500;23.07.2012;16,6
Tafjord;SN60500;24.07.2012;17,2
Tafjord;SN60500;25.07.2012;15,1
Tafjord;SN60500;26.07.2012;13,5
Tafjord;SN60500;27.07.2012;14,3
Tafjord;SN60500;28.07.2012;14,1
Tafjord;SN60500;29.07.2012;14,4
Tafjord;SN60500;30.07.2012;13,6
Tafjord;SN60500;31.07.2012;13,8
Tafjord;SN60500;01.08.2012;13,5
Tafjord;SN60500;02.08.2012;11,7
Tafjord;SN60500;03.08.2012;13,1
Tafjord;SN60500;04.08.2012;13,7
Tafjord;SN60500;05.08.2012;13,8
Tafjord;SN60500;06.08.2012;14,5
Tafjord;SN60500;07.08.2012;13,3
Tafjord;SN60500;08.08.2012;11,9
Tafjord;SN60500;09.08.2012;11,5
Tafjord;SN60500;10.08.2012;13,2
Tafjord;SN60500;11.08.2012;12,7
Tafjord;SN60500;12.08.2012;13,7
Tafjord;SN60500;13.08.2012;14,9
Tafjord;SN60500;14.08.2012;15,5
Tafjord;SN60500;15.08.2012;16,2
Tafjord;SN60500;16.08.2012;15,2
Tafjord;SN60500;17.08.2012;15,1
Tafjord;SN60500;18.08.2012;15,7
Tafjord;SN60500;19.08.2012;16,4
Tafjord;SN60500;20.08.2012;15
Tafjord;SN60500;21.08.2012;14,7
Tafjord;SN60500;22.08.2012;13,8
Tafjord;SN60500;23.08.2012;12,9
Tafjord;SN60500;24.08.2012;12,5
Tafjord;SN60500;25.08.2012;12,1
Tafjord;SN60500;26.08.2012;11,2
Tafjord;SN60500;27.08.2012;8,5
Tafjord;SN60500;28.08.2012;17,4
Tafjord;SN60500;29.08.2012;17,6
Tafjord;SN60500;30.08.2012;17,4
Tafjord;SN60500;31.08.2012;10,1
Tafjord;SN60500;01.09.2012;11,1
Tafjord;SN60500;02.09.2012;14,4
Tafjord;SN60500;03.09.2012;13,6
Tafjord;SN60500;04.09.2012;16,6
Tafjord;SN60500;05.09.2012;9,2
Tafjord;SN60500;06.09.2012;9,2
Tafjord;SN60500;07.09.2012;9,7
Tafjord;SN60500;08.09.2012;7,7
Tafjord;SN60500;09.09.2012;13,3
Tafjord;SN60500;10.09.2012;18,6
Tafjord;SN60500;11.09.2012;10
Tafjord;SN60500;12.09.2012;10,5
Tafjord;SN60500;13.09.2012;11
Tafjord;SN60500;14.09.2012;13,3
Tafjord;SN60500;15.09.2012;9,8
Tafjord;SN60500;16.09.2012;12,5
Tafjord;SN60500;17.09.2012;9,1
Tafjord;SN60500;18.09.2012;8,2
Tafjord;SN60500;19.09.2012;7,3
Tafjord;SN60500;20.09.2012;7
Tafjord;SN60500;21.09.2012;7,3
Tafjord;SN60500;22.09.2012;5
Tafjord;SN60500;23.09.2012;3,9
Tafjord;SN60500;24.09.2012;4,3
Tafjord;SN60500;25.09.2012;10,5
Tafjord;SN60500;26.09.2012;12,6
Tafjord;SN60500;27.09.2012;9,1
Tafjord;SN60500;28.09.2012;8,9
Tafjord;SN60500;29.09.2012;7,5
Tafjord;SN60500;30.09.2012;9,7
Tafjord;SN60500;01.10.2012;12,6
Tafjord;SN60500;02.10.2012;13
Tafjord;SN60500;03.10.2012;12,5
Tafjord;SN60500;04.10.2012;12,9
Tafjord;SN60500;05.10.2012;7,1
Tafjord;SN60500;06.10.2012;6,2
Tafjord;SN60500;07.10.2012;7,6
Tafjord;SN60500;08.10.2012;5,9
Tafjord;SN60500;09.10.2012;3,4
Tafjord;SN60500;10.10.2012;4,7
Tafjord;SN60500;11.10.2012;2,5
Tafjord;SN60500;12.10.2012;4,6
Tafjord;SN60500;13.10.2012;6,4
Tafjord;SN60500;14.10.2012;5,3
Tafjord;SN60500;15.10.2012;9,4
Tafjord;SN60500;16.10.2012;7,6
Tafjord;SN60500;17.10.2012;8,8
Tafjord;SN60500;18.10.2012;7,4
Tafjord;SN60500;19.10.2012;5,9
Tafjord;SN60500;20.10.2012;9,3
Tafjord;SN60500;21.10.2012;7,4
Tafjord;SN60500;22.10.2012;6,5
Tafjord;SN60500;23.10.2012;4,4
Tafjord;SN60500;24.10.2012;4,8
Tafjord;SN60500;25.10.2012;0,3
Tafjord;SN60500;26.10.2012;0,8
Tafjord;SN60500;27.10.2012;0
Tafjord;SN60500;28.10.2012;-1,5
Tafjord;SN60500;29.10.2012;-3,3
Tafjord;SN60500;30.10.2012;-3,2
Tafjord;SN60500;31.10.2012;5,5
Tafjord;SN60500;01.11.2012;9,9
Tafjord;SN60500;02.11.2012;8,4
Tafjord;SN60500;03.11.2012;8
Tafjord;SN60500;04.11.2012;3,6
Tafjord;SN60500;05.11.2012;0,6
Tafjord;SN60500;06.11.2012;4,1
Tafjord;SN60500;07.11.2012;1,8
Tafjord;SN60500;08.11.2012;1,8
Tafjord;SN60500;09.11.2012;7,5
Tafjord;SN60500;10.11.2012;6,4
Tafjord;SN60500;11.11.2012;4,4
Tafjord;SN60500;12.11.2012;1,8
Tafjord;SN60500;13.11.2012;8,2
Tafjord;SN60500;14.11.2012;7,2
Tafjord;SN60500;15.11.2012;5,3
Tafjord;SN60500;16.11.2012;8,4
Tafjord;SN60500;17.11.2012;9,2
Tafjord;SN60500;18.11.2012;3,9
Tafjord;SN60500;19.11.2012;3,1
Tafjord;SN60500;20.11.2012;13,6
Tafjord;SN60500;21.11.2012;12,9
Tafjord;SN60500;22.11.2012;6,1
Tafjord;SN60500;23.11.2012;11,7
Tafjord;SN60500;24.11.2012;7,1
Tafjord;SN60500;25.11.2012;5,9
Tafjord;SN60500;26.11.2012;5,5
Tafjord;SN60500;27.11.2012;4,4
Tafjord;SN60500;28.11.2012;4,3
Tafjord;SN60500;29.11.2012;3
Tafjord;SN60500;30.11.2012;0,5
Tafjord;SN60500;01.12.2012;-3,2
Tafjord;SN60500;02.12.2012;-6,2
Tafjord;SN60500;03.12.2012;-4,6
Tafjord;SN60500;04.12.2012;-5,8
Tafjord;SN60500;05.12.2012;-7,8
Tafjord;SN60500;06.12.2012;-4,2
Tafjord;SN60500;07.12.2012;-2,6
Tafjord;SN60500;08.12.2012;-3,1
Tafjord;SN60500;09.12.2012;-0,9
Tafjord;SN60500;10.12.2012;-1,7
Tafjord;SN60500;11.12.2012;-3,2
Tafjord;SN60500;12.12.2012;-4,4
Tafjord;SN60500;13.12.2012;-3,9
Tafjord;SN60500;14.12.2012;-2,8
Tafjord;SN60500;15.12.2012;2,8
Tafjord;SN60500;16.12.2012;7,5
Tafjord;SN60500;17.12.2012;7,4
Tafjord;SN60500;18.12.2012;5,1
Tafjord;SN60500;19.12.2012;-1,8
Tafjord;SN60500;20.12.2012;-4,1
Tafjord;SN60500;21.12.2012;0,3
Tafjord;SN60500;22.12.2012;-1,7
Tafjord;SN60500;23.12.2012;-0,1
Tafjord;SN60500;24.12.2012;0,3
Tafjord;SN60500;25.12.2012;0,6
Tafjord;SN60500;26.12.2012;1
Tafjord;SN60500;27.12.2012;-1,8
Tafjord;SN60500;28.12.2012;0,2
Tafjord;SN60500;29.12.2012;7,6
Tafjord;SN60500;30.12.2012;5,1
Tafjord;SN60500;31.12.2012;6,6
Tafjord;SN60500;01.01.2013;5,1
Tafjord;SN60500;02.01.2013;1,3
Tafjord;SN60500;03.01.2013;5,8
Tafjord;SN60500;04.01.2013;3,2
Tafjord;SN60500;05.01.2013;2,2
Tafjord;SN60500;06.01.2013;1,3
Tafjord;SN60500;07.01.2013;5,3
Tafjord;SN60500;08.01.2013;1
Tafjord;SN60500;09.01.2013;0,2
Tafjord;SN60500;10.01.2013;-4
Tafjord;SN60500;11.01.2013;-0,1
Tafjord;SN60500;12.01.2013;-4,7
Tafjord;SN60500;13.01.2013;-7,6
Tafjord;SN60500;14.01.2013;-1,4
Tafjord;SN60500;15.01.2013;-3,8
Tafjord;SN60500;16.01.2013;-4
Tafjord;SN60500;17.01.2013;-4,2
Tafjord;SN60500;18.01.2013;-7,1
Tafjord;SN60500;19.01.2013;-8,1
Tafjord;SN60500;20.01.2013;-3
Tafjord;SN60500;21.01.2013;-2
Tafjord;SN60500;22.01.2013;-9,3
Tafjord;SN60500;23.01.2013;-10,1
Tafjord;SN60500;24.01.2013;-4,9
Tafjord;SN60500;25.01.2013;-1,9
Tafjord;SN60500;26.01.2013;2,2
Tafjord;SN60500;27.01.2013;2,7
Tafjord;SN60500;28.01.2013;5,5
Tafjord;SN60500;29.01.2013;7,3
Tafjord;SN60500;30.01.2013;6,4
Tafjord;SN60500;31.01.2013;1,2
Tafjord;SN60500;01.02.2013;-1
Tafjord;SN60500;02.02.2013;0,3
Tafjord;SN60500;03.02.2013;0,7
Tafjord;SN60500;04.02.2013;3,2
Tafjord;SN60500;05.02.2013;0,6
Tafjord;SN60500;06.02.2013;-1,7
Tafjord;SN60500;07.02.2013;-4,5
Tafjord;SN60500;08.02.2013;-4,5
Tafjord;SN60500;09.02.2013;-5,1
Tafjord;SN60500;10.02.2013;-0,4
Tafjord;SN60500;11.02.2013;-3,3
Tafjord;SN60500;12.02.2013;-3,7
Tafjord;SN60500;13.02.2013;-1,2
Tafjord;SN60500;14.02.2013;2,3
Tafjord;SN60500;15.02.2013;2,3
Tafjord;SN60500;16.02.2013;5,2
Tafjord;SN60500;17.02.2013;1,9
Tafjord;SN60500;18.02.2013;1,4
Tafjord;SN60500;19.02.2013;2,3
Tafjord;SN60500;20.02.2013;-0,1
Tafjord;SN60500;21.02.2013;-1
Tafjord;SN60500;22.02.2013;-0,3
Tafjord;SN60500;23.02.2013;-2,3
Tafjord;SN60500;24.02.2013;-1,5
Tafjord;SN60500;25.02.2013;-2,4
Tafjord;SN60500;26.02.2013;0,4
Tafjord;SN60500;27.02.2013;0,5
Tafjord;SN60500;28.02.2013;3,7
Tafjord;SN60500;01.03.2013;2,2
Tafjord;SN60500;02.03.2013;2,1
Tafjord;SN60500;03.03.2013;1,3
Tafjord;SN60500;04.03.2013;2,3
Tafjord;SN60500;05.03.2013;2,6
Tafjord;SN60500;06.03.2013;2,6
Tafjord;SN60500;07.03.2013;-0,1
Tafjord;SN60500;08.03.2013;-0,3
Tafjord;SN60500;09.03.2013;-2,9
Tafjord;SN60500;10.03.2013;-5
Tafjord;SN60500;11.03.2013;-3,6
Tafjord;SN60500;12.03.2013;-1,9
Tafjord;SN60500;13.03.2013;-5
Tafjord;SN60500;14.03.2013;-2,9
Tafjord;SN60500;15.03.2013;-1,5
Tafjord;SN60500;16.03.2013;1,4
Tafjord;SN60500;17.03.2013;5
Tafjord;SN60500;18.03.2013;2
Tafjord;SN60500;19.03.2013;-2,8
Tafjord;SN60500;20.03.2013;0,2
Tafjord;SN60500;21.03.2013;1,7
Tafjord;SN60500;22.03.2013;-2,2
Tafjord;SN60500;23.03.2013;-2,4
Tafjord;SN60500;24.03.2013;-1
Tafjord;SN60500;25.03.2013;0,2
Tafjord;SN60500;26.03.2013;-1,6
Tafjord;SN60500;27.03.2013;0,4
Tafjord;SN60500;28.03.2013;0,1
Tafjord;SN60500;29.03.2013;-0,6
Tafjord;SN60500;30.03.2013;0,6
Tafjord;SN60500;31.03.2013;1
Tafjord;SN60500;01.04.2013;2,1
Tafjord;SN60500;02.04.2013;3,1
Tafjord;SN60500;03.04.2013;2,9
Tafjord;SN60500;04.04.2013;2,7
Tafjord;SN60500;05.04.2013;1,1
Tafjord;SN60500;06.04.2013;1,9
Tafjord;SN60500;07.04.2013;1,4
Tafjord;SN60500;08.04.2013;1,6
Tafjord;SN60500;09.04.2013;1,6
Tafjord;SN60500;10.04.2013;1,9
Tafjord;SN60500;11.04.2013;3
Tafjord;SN60500;12.04.2013;5,6
Tafjord;SN60500;13.04.2013;5,7
Tafjord;SN60500;14.04.2013;10,9
Tafjord;SN60500;15.04.2013;14,6
Tafjord;SN60500;16.04.2013;13
Tafjord;SN60500;17.04.2013;10
Tafjord;SN60500;18.04.2013;10,5
Tafjord;SN60500;19.04.2013;4,1
Tafjord;SN60500;20.04.2013;6,7
Tafjord;SN60500;21.04.2013;10,7
Tafjord;SN60500;22.04.2013;9,3
Tafjord;SN60500;23.04.2013;5,5
Tafjord;SN60500;24.04.2013;4,2
Tafjord;SN60500;25.04.2013;6,2
Tafjord;SN60500;26.04.2013;5,1
Tafjord;SN60500;27.04.2013;5,4
Tafjord;SN60500;28.04.2013;8
Tafjord;SN60500;29.04.2013;6,7
Tafjord;SN60500;30.04.2013;3,9
Tafjord;SN60500;01.05.2013;6,1
Tafjord;SN60500;02.05.2013;3,8
Tafjord;SN60500;03.05.2013;3
Tafjord;SN60500;04.05.2013;6,8
Tafjord;SN60500;05.05.2013;10,9
Tafjord;SN60500;06.05.2013;11,3
Tafjord;SN60500;07.05.2013;8,2
Tafjord;SN60500;08.05.2013;12,7
Tafjord;SN60500;09.05.2013;13,2
Tafjord;SN60500;10.05.2013;9,5
Tafjord;SN60500;11.05.2013;10,3
Tafjord;SN60500;12.05.2013;9,5
Tafjord;SN60500;13.05.2013;10,2
Tafjord;SN60500;14.05.2013;8,7
Tafjord;SN60500;15.05.2013;10,8
Tafjord;SN60500;16.05.2013;14,7
Tafjord;SN60500;17.05.2013;18,7
Tafjord;SN60500;18.05.2013;19,8
Tafjord;SN60500;19.05.2013;17,1
Tafjord;SN60500;20.05.2013;17,3
Tafjord;SN60500;21.05.2013;13,4
Tafjord;SN60500;22.05.2013;6,1
Tafjord;SN60500;23.05.2013;9,4
Tafjord;SN60500;24.05.2013;10
Tafjord;SN60500;25.05.2013;9,9
Tafjord;SN60500;26.05.2013;9,4
Tafjord;SN60500;27.05.2013;15,4
Tafjord;SN60500;28.05.2013;17,4
Tafjord;SN60500;29.05.2013;18,3
Tafjord;SN60500;30.05.2013;19,8
Tafjord;SN60500;31.05.2013;17,1
Tafjord;SN60500;01.06.2013;12,6
Tafjord;SN60500;02.06.2013;9,8
Tafjord;SN60500;03.06.2013;9,6
Tafjord;SN60500;04.06.2013;10,2
Tafjord;SN60500;05.06.2013;12,1
Tafjord;SN60500;06.06.2013;12,4
Tafjord;SN60500;07.06.2013;11
Tafjord;SN60500;08.06.2013;10,2
Tafjord;SN60500;09.06.2013;9,5
Tafjord;SN60500;10.06.2013;11,1
Tafjord;SN60500;11.06.2013;12
Tafjord;SN60500;12.06.2013;12,9
Tafjord;SN60500;13.06.2013;17,3
Tafjord;SN60500;14.06.2013;13,5
Tafjord;SN60500;15.06.2013;13
Tafjord;SN60500;16.06.2013;13
Tafjord;SN60500;17.06.2013;11,6
Tafjord;SN60500;18.06.2013;12,9
Tafjord;SN60500;19.06.2013;14
Tafjord;SN60500;20.06.2013;13,9
Tafjord;SN60500;21.06.2013;11,6
Tafjord;SN60500;22.06.2013;12,5
Tafjord;SN60500;23.06.2013;14,7
Tafjord;SN60500;24.06.2013;13,9
Tafjord;SN60500;25.06.2013;11,4
Tafjord;SN60500;26.06.2013;12,7
Tafjord;SN60500;27.06.2013;14,9
Tafjord;SN60500;28.06.2013;17,8
Tafjord;SN60500;29.06.2013;13
Tafjord;SN60500;30.06.2013;13,3
Tafjord;SN60500;01.07.2013;13
Tafjord;SN60500;02.07.2013;12,5
Tafjord;SN60500;03.07.2013;14,4
Tafjord;SN60500;04.07.2013;19,3
Tafjord;SN60500;05.07.2013;15,2
Tafjord;SN60500;06.07.2013;17,9
Tafjord;SN60500;07.07.2013;18,8
Tafjord;SN60500;08.07.2013;14,4
Tafjord;SN60500;09.07.2013;13,8
Tafjord;SN60500;10.07.2013;13,1
Tafjord;SN60500;11.07.2013;13,7
Tafjord;SN60500;12.07.2013;15,4
Tafjord;SN60500;13.07.2013;13,8
Tafjord;SN60500;14.07.2013;12
Tafjord;SN60500;15.07.2013;12,9
Tafjord;SN60500;16.07.2013;11,3
Tafjord;SN60500;17.07.2013;14
Tafjord;SN60500;18.07.2013;12,8
Tafjord;SN60500;19.07.2013;13,1
Tafjord;SN60500;20.07.2013;14,8
Tafjord;SN60500;21.07.2013;14
Tafjord;SN60500;22.07.2013;14,3
Tafjord;SN60500;23.07.2013;15,4
Tafjord;SN60500;24.07.2013;17,1
Tafjord;SN60500;25.07.2013;17,8
Tafjord;SN60500;26.07.2013;16,9
Tafjord;SN60500;27.07.2013;17,2
Tafjord;SN60500;28.07.2013;19,7
Tafjord;SN60500;29.07.2013;21,2
Tafjord;SN60500;30.07.2013;16,7
Tafjord;SN60500;31.07.2013;14,2
Tafjord;SN60500;01.08.2013;14,7
Tafjord;SN60500;02.08.2013;17,1
Tafjord;SN60500;03.08.2013;22
Tafjord;SN60500;04.08.2013;17,5
Tafjord;SN60500;05.08.2013;17,8
Tafjord;SN60500;06.08.2013;19,1
Tafjord;SN60500;07.08.2013;13,6
Tafjord;SN60500;08.08.2013;14,2
Tafjord;SN60500;09.08.2013;14
Tafjord;SN60500;10.08.2013;14
Tafjord;SN60500;11.08.2013;13,7
Tafjord;SN60500;12.08.2013;11,9
Tafjord;SN60500;13.08.2013;11,4
Tafjord;SN60500;14.08.2013;11,4
Tafjord;SN60500;15.08.2013;10
Tafjord;SN60500;16.08.2013;13,9
Tafjord;SN60500;17.08.2013;16,4
Tafjord;SN60500;18.08.2013;17,2
Tafjord;SN60500;19.08.2013;14
Tafjord;SN60500;20.08.2013;14,8
Tafjord;SN60500;21.08.2013;13,1
Tafjord;SN60500;22.08.2013;12,3
Tafjord;SN60500;23.08.2013;12,1
Tafjord;SN60500;24.08.2013;14,4
Tafjord;SN60500;25.08.2013;14,1
Tafjord;SN60500;26.08.2013;13,9
Tafjord;SN60500;27.08.2013;16,2
Tafjord;SN60500;28.08.2013;12,4
Tafjord;SN60500;29.08.2013;11,3
Tafjord;SN60500;30.08.2013;11,4
Tafjord;SN60500;31.08.2013;13,2
Tafjord;SN60500;01.09.2013;9,2
Tafjord;SN60500;02.09.2013;11,7
Tafjord;SN60500;03.09.2013;12,9
Tafjord;SN60500;04.09.2013;13,9
Tafjord;SN60500;05.09.2013;17,1
Tafjord;SN60500;06.09.2013;13,3
Tafjord;SN60500;07.09.2013;13,6
Tafjord;SN60500;08.09.2013;16,2
Tafjord;SN60500;09.09.2013;16,9
Tafjord;SN60500;10.09.2013;12,4
Tafjord;SN60500;11.09.2013;13,2
Tafjord;SN60500;12.09.2013;12,5
Tafjord;SN60500;13.09.2013;13,5
Tafjord;SN60500;14.09.2013;11,5
Tafjord;SN60500;15.09.2013;15,1
Tafjord;SN60500;16.09.2013;11
Tafjord;SN60500;17.09.2013;12,2
Tafjord;SN60500;18.09.2013;12,2
Tafjord;SN60500;19.09.2013;9
Tafjord;SN60500;20.09.2013;8,6
Tafjord;SN60500;21.09.2013;10,8
Tafjord;SN60500;22.09.2013;9,1
Tafjord;SN60500;23.09.2013;8,8
Tafjord;SN60500;24.09.2013;8,2
Tafjord;SN60500;25.09.2013;5,8
Tafjord;SN60500;26.09.2013;5,9
Tafjord;SN60500;27.09.2013;3,7
Tafjord;SN60500;28.09.2013;5,8
Tafjord;SN60500;29.09.2013;11
Tafjord;SN60500;30.09.2013;8,6
Tafjord;SN60500;01.10.2013;5,6
Tafjord;SN60500;02.10.2013;6,4
Tafjord;SN60500;03.10.2013;13,6
Tafjord;SN60500;04.10.2013;16,5
Tafjord;SN60500;05.10.2013;12,2
Tafjord;SN60500;06.10.2013;11,8
Tafjord;SN60500;07.10.2013;11,3
Tafjord;SN60500;08.10.2013;11,9
Tafjord;SN60500;09.10.2013;9,7
Tafjord;SN60500;10.10.2013;6,1
Tafjord;SN60500;11.10.2013;3,4
Tafjord;SN60500;12.10.2013;2,6
Tafjord;SN60500;13.10.2013;3,3
Tafjord;SN60500;14.10.2013;8
Tafjord;SN60500;15.10.2013;6,8
Tafjord;SN60500;16.10.2013;6,4
Tafjord;SN60500;17.10.2013;4,5
Tafjord;SN60500;18.10.2013;4,5
Tafjord;SN60500;19.10.2013;2,5
Tafjord;SN60500;20.10.2013;5,1
Tafjord;SN60500;21.10.2013;8,9
Tafjord;SN60500;22.10.2013;11,3
Tafjord;SN60500;23.10.2013;16
Tafjord;SN60500;24.10.2013;10,7
Tafjord;SN60500;25.10.2013;6,5
Tafjord;SN60500;26.10.2013;11,1
Tafjord;SN60500;27.10.2013;9,6
Tafjord;SN60500;28.10.2013;8,4
Tafjord;SN60500;29.10.2013;6,7
Tafjord;SN60500;30.10.2013;4,9
Tafjord;SN60500;31.10.2013;10,1
Tafjord;SN60500;01.11.2013;10,6
Tafjord;SN60500;02.11.2013;9,4
Tafjord;SN60500;03.11.2013;10,1
Tafjord;SN60500;04.11.2013;6,3
Tafjord;SN60500;05.11.2013;4,6
Tafjord;SN60500;06.11.2013;3,7
Tafjord;SN60500;07.11.2013;5,6
Tafjord;SN60500;08.11.2013;5,9
Tafjord;SN60500;09.11.2013;4,2
Tafjord;SN60500;10.11.2013;1,8
Tafjord;SN60500;11.11.2013;6,6
Tafjord;SN60500;12.11.2013;5,9
Tafjord;SN60500;13.11.2013;3,4
Tafjord;SN60500;14.11.2013;9,3
Tafjord;SN60500;15.11.2013;5,7
Tafjord;SN60500;16.11.2013;10,6
Tafjord;SN60500;17.11.2013;5,6
Tafjord;SN60500;18.11.2013;7,4
Tafjord;SN60500;19.11.2013;0,2
Tafjord;SN60500;20.11.2013;1,2
Tafjord;SN60500;21.11.2013;2,4
Tafjord;SN60500;22.11.2013;1,4
Tafjord;SN60500;23.11.2013;2,3
Tafjord;SN60500;24.11.2013;0,7
Tafjord;SN60500;25.11.2013;1,9
Tafjord;SN60500;26.11.2013;2,4
Tafjord;SN60500;27.11.2013;5,5
Tafjord;SN60500;28.11.2013;3,8
Tafjord;SN60500;29.11.2013;3,5
Tafjord;SN60500;30.11.2013;3,2
Tafjord;SN60500;01.12.2013;4,3
Tafjord;SN60500;02.12.2013;4,3
Tafjord;SN60500;03.12.2013;3,8
Tafjord;SN60500;04.12.2013;0,8
Tafjord;SN60500;05.12.2013;-2,1
Tafjord;SN60500;06.12.2013;-2,1
Tafjord;SN60500;07.12.2013;-4,7
Tafjord;SN60500;08.12.2013;-0,3
Tafjord;SN60500;09.12.2013;3,9
Tafjord;SN60500;10.12.2013;3,4
Tafjord;SN60500;11.12.2013;5,2
Tafjord;SN60500;12.12.2013;8,6
Tafjord;SN60500;13.12.2013;5,2
Tafjord;SN60500;14.12.2013;9
Tafjord;SN60500;15.12.2013;9,1
Tafjord;SN60500;16.12.2013;7,4
Tafjord;SN60500;17.12.2013;3,1
Tafjord;SN60500;18.12.2013;7,9
Tafjord;SN60500;19.12.2013;8,7
Tafjord;SN60500;20.12.2013;6,2
Tafjord;SN60500;21.12.2013;7,4
Tafjord;SN60500;22.12.2013;2,8
Tafjord;SN60500;23.12.2013;3,7
Tafjord;SN60500;24.12.2013;9,5
Tafjord;SN60500;25.12.2013;9
Tafjord;SN60500;26.12.2013;9,3
Tafjord;SN60500;27.12.2013;8,1
Tafjord;SN60500;28.12.2013;10,8
Tafjord;SN60500;29.12.2013;4,5
Tafjord;SN60500;30.12.2013;5,4
Tafjord;SN60500;31.12.2013;7,6
Tafjord;SN60500;01.01.2014;9,4
Tafjord;SN60500;02.01.2014;9,2
Tafjord;SN60500;03.01.2014;9,2
Tafjord;SN60500;04.01.2014;9,9
Tafjord;SN60500;05.01.2014;10,6
Tafjord;SN60500;06.01.2014;9,4
Tafjord;SN60500;07.01.2014;10,8
Tafjord;SN60500;08.01.2014;9,8
Tafjord;SN60500;09.01.2014;5,7
Tafjord;SN60500;10.01.2014;1,4
Tafjord;SN60500;11.01.2014;-3,9
Tafjord;SN60500;12.01.2014;-3
Tafjord;SN60500;13.01.2014;-4
Tafjord;SN60500;14.01.2014;-1,4
Tafjord;SN60500;15.01.2014;-1,7
Tafjord;SN60500;16.01.2014;0,9
Tafjord;SN60500;17.01.2014;1,5
Tafjord;SN60500;18.01.2014;0,5
Tafjord;SN60500;19.01.2014;1,1
Tafjord;SN60500;20.01.2014;0,9
Tafjord;SN60500;21.01.2014;-1,9
Tafjord;SN60500;22.01.2014;-1,7
Tafjord;SN60500;23.01.2014;0,5
Tafjord;SN60500;24.01.2014;0,7
Tafjord;SN60500;25.01.2014;3
Tafjord;SN60500;26.01.2014;1,1
Tafjord;SN60500;27.01.2014;0
Tafjord;SN60500;28.01.2014;2,7
Tafjord;SN60500;29.01.2014;2,7
Tafjord;SN60500;30.01.2014;-1,3
Tafjord;SN60500;31.01.2014;0,1
Tafjord;SN60500;01.02.2014;3,2
Tafjord;SN60500;02.02.2014;8,7
Tafjord;SN60500;03.02.2014;9,2
Tafjord;SN60500;04.02.2014;7,1
Tafjord;SN60500;05.02.2014;5,6
Tafjord;SN60500;06.02.2014;6,8
Tafjord;SN60500;07.02.2014;6,5
Tafjord;SN60500;08.02.2014;5,4
Tafjord;SN60500;09.02.2014;8,8
Tafjord;SN60500;10.02.2014;9,2
Tafjord;SN60500;11.02.2014;7,9
Tafjord;SN60500;12.02.2014;6
Tafjord;SN60500;13.02.2014;6,8
Tafjord;SN60500;14.02.2014;8,6
Tafjord;SN60500;15.02.2014;7,4
Tafjord;SN60500;16.02.2014;4,6
Tafjord;SN60500;17.02.2014;1,4
Tafjord;SN60500;18.02.2014;0,7
Tafjord;SN60500;19.02.2014;0,2
Tafjord;SN60500;20.02.2014;1,3
Tafjord;SN60500;21.02.2014;6,2
Tafjord;SN60500;22.02.2014;7,7
Tafjord;SN60500;23.02.2014;11,6
Tafjord;SN60500;24.02.2014;11,5
Tafjord;SN60500;25.02.2014;9,9
Tafjord;SN60500;26.02.2014;10,4
Tafjord;SN60500;27.02.2014;9,5
Tafjord;SN60500;28.02.2014;9,2
Tafjord;SN60500;01.03.2014;7,6
Tafjord;SN60500;02.03.2014;6,2
Tafjord;SN60500;03.03.2014;7,5
Tafjord;SN60500;04.03.2014;8,1
Tafjord;SN60500;05.03.2014;10
Tafjord;SN60500;06.03.2014;10,8
Tafjord;SN60500;07.03.2014;5,7
Tafjord;SN60500;08.03.2014;5,7
Tafjord;SN60500;09.03.2014;10,9
Tafjord;SN60500;10.03.2014;4,5
Tafjord;SN60500;11.03.2014;5
Tafjord;SN60500;12.03.2014;4,9
Tafjord;SN60500;13.03.2014;4,6
Tafjord;SN60500;14.03.2014;4
Tafjord;SN60500;15.03.2014;1,4
Tafjord;SN60500;16.03.2014;0,8
Tafjord;SN60500;17.03.2014;1,3
Tafjord;SN60500;18.03.2014;0,5
Tafjord;SN60500;19.03.2014;2,1
Tafjord;SN60500;20.03.2014;6,4
Tafjord;SN60500;21.03.2014;4,6
Tafjord;SN60500;22.03.2014;6,3
Tafjord;SN60500;23.03.2014;4,1
Tafjord;SN60500;24.03.2014;4,2
Tafjord;SN60500;25.03.2014;4,8
Tafjord;SN60500;26.03.2014;8,5
Tafjord;SN60500;27.03.2014;5,4
Tafjord;SN60500;28.03.2014;10,2
Tafjord;SN60500;29.03.2014;4,6
Tafjord;SN60500;30.03.2014;5,9
Tafjord;SN60500;31.03.2014;4,9
Tafjord;SN60500;01.04.2014;4,7
Tafjord;SN60500;02.04.2014;3,1
Tafjord;SN60500;03.04.2014;3,4
Tafjord;SN60500;04.04.2014;5,5
Tafjord;SN60500;05.04.2014;7,6
Tafjord;SN60500;06.04.2014;9,4
Tafjord;SN60500;07.04.2014;10,6
Tafjord;SN60500;08.04.2014;11,5
Tafjord;SN60500;09.04.2014;9,2
Tafjord;SN60500;10.04.2014;10
Tafjord;SN60500;11.04.2014;6,7
Tafjord;SN60500;12.04.2014;10,1
Tafjord;SN60500;13.04.2014;5,4
Tafjord;SN60500;14.04.2014;3,1
Tafjord;SN60500;15.04.2014;4,5
Tafjord;SN60500;16.04.2014;9,7
Tafjord;SN60500;17.04.2014;8,6
Tafjord;SN60500;18.04.2014;7,9
Tafjord;SN60500;19.04.2014;10,2
Tafjord;SN60500;20.04.2014;6,8
Tafjord;SN60500;21.04.2014;6,4
Tafjord;SN60500;22.04.2014;6,8
Tafjord;SN60500;23.04.2014;14
Tafjord;SN60500;24.04.2014;14
Tafjord;SN60500;25.04.2014;10,5
Tafjord;SN60500;26.04.2014;10,2
Tafjord;SN60500;27.04.2014;11,2
Tafjord;SN60500;28.04.2014;7,6
Tafjord;SN60500;29.04.2014;6,7
Tafjord;SN60500;30.04.2014;4,2
Tafjord;SN60500;01.05.2014;3,3
Tafjord;SN60500;02.05.2014;4,3
Tafjord;SN60500;03.05.2014;3,7
Tafjord;SN60500;04.05.2014;5,6
Tafjord;SN60500;05.05.2014;9,5
Tafjord;SN60500;06.05.2014;10,7
Tafjord;SN60500;07.05.2014;12,1
Tafjord;SN60500;08.05.2014;10,5
Tafjord;SN60500;09.05.2014;9,9
Tafjord;SN60500;10.05.2014;8,8
Tafjord;SN60500;11.05.2014;8,7
Tafjord;SN60500;12.05.2014;9,9
Tafjord;SN60500;13.05.2014;8,5
Tafjord;SN60500;14.05.2014;7,3
Tafjord;SN60500;15.05.2014;8,5
Tafjord;SN60500;16.05.2014;12
Tafjord;SN60500;17.05.2014;12,7
Tafjord;SN60500;18.05.2014;16,9
Tafjord;SN60500;19.05.2014;14,7
Tafjord;SN60500;20.05.2014;11,7
Tafjord;SN60500;21.05.2014;15,7
Tafjord;SN60500;22.05.2014;17,1
Tafjord;SN60500;23.05.2014;10,8
Tafjord;SN60500;24.05.2014;13,2
Tafjord;SN60500;25.05.2014;12,5
Tafjord;SN60500;26.05.2014;11,4
Tafjord;SN60500;27.05.2014;11,9
Tafjord;SN60500;28.05.2014;16,4
Tafjord;SN60500;29.05.2014;13,8
Tafjord;SN60500;30.05.2014;12
Tafjord;SN60500;31.05.2014;11,4
Tafjord;SN60500;01.06.2014;11,1
Tafjord;SN60500;02.06.2014;14,1
Tafjord;SN60500;03.06.2014;14,9
Tafjord;SN60500;04.06.2014;15,8
Tafjord;SN60500;05.06.2014;18,8
Tafjord;SN60500;06.06.2014;18,5
Tafjord;SN60500;07.06.2014;15,2
Tafjord;SN60500;08.06.2014;15,2
Tafjord;SN60500;09.06.2014;14,9
Tafjord;SN60500;10.06.2014;18,8
Tafjord;SN60500;11.06.2014;17,9
Tafjord;SN60500;12.06.2014;12,2
Tafjord;SN60500;13.06.2014;12,2
Tafjord;SN60500;14.06.2014;11,9
Tafjord;SN60500;15.06.2014;13,5
Tafjord;SN60500;16.06.2014;11,9
Tafjord;SN60500;17.06.2014;10,1
Tafjord;SN60500;18.06.2014;12,9
Tafjord;SN60500;19.06.2014;10,9
Tafjord;SN60500;20.06.2014;9,2
Tafjord;SN60500;21.06.2014;8,5
Tafjord;SN60500;22.06.2014;9,3
Tafjord;SN60500;23.06.2014;10,6
Tafjord;SN60500;24.06.2014;12
Tafjord;SN60500;25.06.2014;12,9
Tafjord;SN60500;26.06.2014;12,4
Tafjord;SN60500;27.06.2014;11,7
Tafjord;SN60500;28.06.2014;14,3
Tafjord;SN60500;29.06.2014;10,8
Tafjord;SN60500;30.06.2014;12
Tafjord;SN60500;01.07.2014;12,4
Tafjord;SN60500;02.07.2014;13,5
Tafjord;SN60500;03.07.2014;14,5
Tafjord;SN60500;04.07.2014;16,9
Tafjord;SN60500;05.07.2014;23,5
Tafjord;SN60500;06.07.2014;18,2
Tafjord;SN60500;07.07.2014;19,3
Tafjord;SN60500;08.07.2014;16,9
Tafjord;SN60500;09.07.2014;21,5
Tafjord;SN60500;10.07.2014;18,7
Tafjord;SN60500;11.07.2014;20,3
Tafjord;SN60500;12.07.2014;18,7
Tafjord;SN60500;13.07.2014;20,2
Tafjord;SN60500;14.07.2014;18,3
Tafjord;SN60500;15.07.2014;15,7
Tafjord;SN60500;16.07.2014;15,9
Tafjord;SN60500;17.07.2014;15
Tafjord;SN60500;18.07.2014;15,4
Tafjord;SN60500;19.07.2014;16,5
Tafjord;SN60500;20.07.2014;19,2
Tafjord;SN60500;21.07.2014;19,5
Tafjord;SN60500;22.07.2014;19,6
Tafjord;SN60500;23.07.2014;18,8
Tafjord;SN60500;24.07.2014;19,4
Tafjord;SN60500;25.07.2014;18,9
Tafjord;SN60500;26.07.2014;19,2
Tafjord;SN60500;27.07.2014;18,9
Tafjord;SN60500;28.07.2014;18,3
Tafjord;SN60500;29.07.2014;18,1
Tafjord;SN60500;30.07.2014;16,9
Tafjord;SN60500;31.07.2014;15,6
Tafjord;SN60500;01.08.2014;14,3
Tafjord;SN60500;02.08.2014;18,1
Tafjord;SN60500;03.08.2014;18,1
Tafjord;SN60500;04.08.2014;17,4
Tafjord;SN60500;05.08.2014;17,2
Tafjord;SN60500;06.08.2014;16,1
Tafjord;SN60500;07.08.2014;15,8
Tafjord;SN60500;08.08.2014;16,3
Tafjord;SN60500;09.08.2014;19,4
Tafjord;SN60500;10.08.2014;19,6
Tafjord;SN60500;12.08.2014;19,3
Tafjord;SN60500;13.08.2014;14,8
Tafjord;SN60500;14.08.2014;14,2
Tafjord;SN60500;15.08.2014;14,2
Tafjord;SN60500;16.08.2014;12,7
Tafjord;SN60500;17.08.2014;12,8
Tafjord;SN60500;18.08.2014;13,2
Tafjord;SN60500;19.08.2014;12,5
Tafjord;SN60500;20.08.2014;11,9
Tafjord;SN60500;21.08.2014;11,8
Tafjord;SN60500;22.08.2014;11,9
Tafjord;SN60500;23.08.2014;12
Tafjord;SN60500;24.08.2014;13,2
Tafjord;SN60500;25.08.2014;13,3
Tafjord;SN60500;26.08.2014;13,4
Tafjord;SN60500;27.08.2014;12,6
Tafjord;SN60500;28.08.2014;11,4
Tafjord;SN60500;30.08.2014;17,9
Tafjord;SN60500;31.08.2014;19
Tafjord;SN60500;01.09.2014;17,2
Tafjord;SN60500;02.09.2014;14
Tafjord;SN60500;03.09.2014;14,3
Tafjord;SN60500;04.09.2014;14,5
Tafjord;SN60500;05.09.2014;12,8
Tafjord;SN60500;06.09.2014;13,8
Tafjord;SN60500;07.09.2014;15,7
Tafjord;SN60500;08.09.2014;14,5
Tafjord;SN60500;09.09.2014;13,2
Tafjord;SN60500;10.09.2014;10,7
Tafjord;SN60500;11.09.2014;11,9
Tafjord;SN60500;12.09.2014;12,4
Tafjord;SN60500;13.09.2014;11,9
Tafjord;SN60500;14.09.2014;13,3
Tafjord;SN60500;15.09.2014;11,4
Tafjord;SN60500;16.09.2014;10,9
Tafjord;SN60500;17.09.2014;11
Tafjord;SN60500;18.09.2014;9,6
Tafjord;SN60500;19.09.2014;9,8
Tafjord;SN60500;20.09.2014;10,8
Tafjord;SN60500;21.09.2014;9,6
Tafjord;SN60500;22.09.2014;6,8
Tafjord;SN60500;23.09.2014;6,8
Tafjord;SN60500;24.09.2014;8,7
Tafjord;SN60500;25.09.2014;9,1
Tafjord;SN60500;26.09.2014;11,2
Tafjord;SN60500;27.09.2014;8,7
Tafjord;SN60500;28.09.2014;11,4
Tafjord;SN60500;29.09.2014;9,6
Tafjord;SN60500;30.09.2014;13,7
Tafjord;SN60500;01.10.2014;15,7
Tafjord;SN60500;02.10.2014;10,1
Tafjord;SN60500;03.10.2014;17,1
Tafjord;SN60500;04.10.2014;17,2
Tafjord;SN60500;05.10.2014;17
Tafjord;SN60500;06.10.2014;15,8
Tafjord;SN60500;07.10.2014;11,9
Tafjord;SN60500;08.10.2014;14,4
Tafjord;SN60500;09.10.2014;11,3
Tafjord;SN60500;10.10.2014;10,2
Tafjord;SN60500;11.10.2014;10,9
Tafjord;SN60500;12.10.2014;10
Tafjord;SN60500;13.10.2014;7,2
Tafjord;SN60500;14.10.2014;4,4
Tafjord;SN60500;15.10.2014;4,8
Tafjord;SN60500;16.10.2014;8,3
Tafjord;SN60500;17.10.2014;8,6
Tafjord;SN60500;18.10.2014;11,4
Tafjord;SN60500;19.10.2014;12,4
Tafjord;SN60500;20.10.2014;9,5
Tafjord;SN60500;21.10.2014;11,5
Tafjord;SN60500;22.10.2014;9,9
Tafjord;SN60500;23.10.2014;14,1
Tafjord;SN60500;24.10.2014;12,1
Tafjord;SN60500;25.10.2014;12,3
Tafjord;SN60500;26.10.2014;12,6
Tafjord;SN60500;27.10.2014;9,3
Tafjord;SN60500;28.10.2014;8,1
Tafjord;SN60500;29.10.2014;5,2
Tafjord;SN60500;30.10.2014;4,2
Tafjord;SN60500;31.10.2014;7,5
Tafjord;SN60500;01.11.2014;13,3
Tafjord;SN60500;02.11.2014;12,1
Tafjord;SN60500;03.11.2014;6,9
Tafjord;SN60500;04.11.2014;4,3
Tafjord;SN60500;05.11.2014;3,3
Tafjord;SN60500;06.11.2014;7,2
Tafjord;SN60500;07.11.2014;7,6
Tafjord;SN60500;08.11.2014;11,9
Tafjord;SN60500;09.11.2014;12,4
Tafjord;SN60500;10.11.2014;11,5
Tafjord;SN60500;11.11.2014;7,1
Tafjord;SN60500;12.11.2014;9,6
Tafjord;SN60500;13.11.2014;11,8
Tafjord;SN60500;14.11.2014;11,6
Tafjord;SN60500;15.11.2014;11,2
Tafjord;SN60500;16.11.2014;9,7
Tafjord;SN60500;17.11.2014;7,7
Tafjord;SN60500;18.11.2014;7,1
Tafjord;SN60500;19.11.2014;7,2
Tafjord;SN60500;20.11.2014;4,6
Tafjord;SN60500;21.11.2014;5,5
Tafjord;SN60500;22.11.2014;2,3
Tafjord;SN60500;23.11.2014;7,4
Tafjord;SN60500;24.11.2014;3,9
Tafjord;SN60500;25.11.2014;3,7
Tafjord;SN60500;26.11.2014;6,3
Tafjord;SN60500;27.11.2014;8,1
Tafjord;SN60500;28.11.2014;5,2
Tafjord;SN60500;29.11.2014;5
Tafjord;SN60500;30.11.2014;5,5
Tafjord;SN60500;01.12.2014;7,8
Tafjord;SN60500;02.12.2014;4,8
Tafjord;SN60500;03.12.2014;5,7
Tafjord;SN60500;04.12.2014;5,8
Tafjord;SN60500;05.12.2014;7,8
Tafjord;SN60500;06.12.2014;3,3
Tafjord;SN60500;07.12.2014;3,9
Tafjord;SN60500;08.12.2014;1,5
Tafjord;SN60500;09.12.2014;3,3
Tafjord;SN60500;10.12.2014;5
Tafjord;SN60500;11.12.2014;7,1
Tafjord;SN60500;12.12.2014;5,7
Tafjord;SN60500;13.12.2014;1,8
Tafjord;SN60500;14.12.2014;5,8
Tafjord;SN60500;15.12.2014;2,3
Tafjord;SN60500;16.12.2014;1,8
Tafjord;SN60500;17.12.2014;3,3
Tafjord;SN60500;18.12.2014;3,8
Tafjord;SN60500;19.12.2014;1
Tafjord;SN60500;20.12.2014;0,7
Tafjord;SN60500;21.12.2014;2,5
Tafjord;SN60500;22.12.2014;1,3
Tafjord;SN60500;23.12.2014;0,3
Tafjord;SN60500;24.12.2014;-2,9
Tafjord;SN60500;25.12.2014;-5
Tafjord;SN60500;26.12.2014;-2,8
Tafjord;SN60500;27.12.2014;-4
Tafjord;SN60500;28.12.2014;-2,8
Tafjord;SN60500;29.12.2014;-0,1
Tafjord;SN60500;30.12.2014;1,5
Tafjord;SN60500;31.12.2014;3,2
Tafjord;SN60500;01.01.2015;4,6
Tafjord;SN60500;02.01.2015;2
Tafjord;SN60500;03.01.2015;1,2
Tafjord;SN60500;04.01.2015;-0,5
Tafjord;SN60500;05.01.2015;2,1
Tafjord;SN60500;06.01.2015;8,5
Tafjord;SN60500;07.01.2015;5,7
Tafjord;SN60500;08.01.2015;4,3
Tafjord;SN60500;09.01.2015;2
Tafjord;SN60500;10.01.2015;3,2
Tafjord;SN60500;11.01.2015;0,4
Tafjord;SN60500;12.01.2015;3,8
Tafjord;SN60500;13.01.2015;2,6
Tafjord;SN60500;14.01.2015;3,2
Tafjord;SN60500;15.01.2015;5,9
Tafjord;SN60500;16.01.2015;5,5
Tafjord;SN60500;17.01.2015;2,2
Tafjord;SN60500;18.01.2015;0,7
Tafjord;SN60500;19.01.2015;1,3
Tafjord;SN60500;20.01.2015;1,1
Tafjord;SN60500;21.01.2015;1,6
Tafjord;SN60500;22.01.2015;-1,1
Tafjord;SN60500;23.01.2015;3,9
Tafjord;SN60500;24.01.2015;4,3
Tafjord;SN60500;25.01.2015;4,4
Tafjord;SN60500;26.01.2015;3,3
Tafjord;SN60500;27.01.2015;1,8
Tafjord;SN60500;28.01.2015;6,8
Tafjord;SN60500;29.01.2015;3,2
Tafjord;SN60500;30.01.2015;4,7
Tafjord;SN60500;31.01.2015;1,7
Tafjord;SN60500;01.02.2015;-3,3
Tafjord;SN60500;02.02.2015;-0,2
Tafjord;SN60500;03.02.2015;-0,3
Tafjord;SN60500;04.02.2015;-1,6
Tafjord;SN60500;05.02.2015;-0,3
Tafjord;SN60500;06.02.2015;1,2
Tafjord;SN60500;07.02.2015;1,8
Tafjord;SN60500;08.02.2015;0,1
Tafjord;SN60500;09.02.2015;1,8
Tafjord;SN60500;10.02.2015;5,4
Tafjord;SN60500;11.02.2015;4,8
Tafjord;SN60500;12.02.2015;3,8
Tafjord;SN60500;13.02.2015;1
Tafjord;SN60500;14.02.2015;4,2
Tafjord;SN60500;15.02.2015;6,8
Tafjord;SN60500;16.02.2015;6,7
Tafjord;SN60500;17.02.2015;4,1
Tafjord;SN60500;18.02.2015;3,8
Tafjord;SN60500;19.02.2015;6,3
Tafjord;SN60500;20.02.2015;6,3
Tafjord;SN60500;21.02.2015;4,5
Tafjord;SN60500;22.02.2015;1,2
Tafjord;SN60500;23.02.2015;5,9
Tafjord;SN60500;24.02.2015;6,6
Tafjord;SN60500;25.02.2015;6,7
Tafjord;SN60500;26.02.2015;8,1
Tafjord;SN60500;27.02.2015;7,4
Tafjord;SN60500;28.02.2015;9,2
Tafjord;SN60500;01.03.2015;9,2
Tafjord;SN60500;02.03.2015;5
Tafjord;SN60500;03.03.2015;4
Tafjord;SN60500;04.03.2015;2,6
Tafjord;SN60500;05.03.2015;3,8
Tafjord;SN60500;06.03.2015;6,7
Tafjord;SN60500;07.03.2015;8,6
Tafjord;SN60500;08.03.2015;5,9
Tafjord;SN60500;09.03.2015;4,8
Tafjord;SN60500;10.03.2015;7,6
Tafjord;SN60500;11.03.2015;5,8
Tafjord;SN60500;12.03.2015;8,1
Tafjord;SN60500;13.03.2015;10,3
Tafjord;SN60500;14.03.2015;5,3
Tafjord;SN60500;15.03.2015;9
Tafjord;SN60500;16.03.2015;8,9
Tafjord;SN60500;17.03.2015;7,5
Tafjord;SN60500;18.03.2015;8
Tafjord;SN60500;19.03.2015;4,7
Tafjord;SN60500;20.03.2015;1,9
Tafjord;SN60500;21.03.2015;2,4
Tafjord;SN60500;22.03.2015;5,1
Tafjord;SN60500;23.03.2015;7,1
Tafjord;SN60500;24.03.2015;4,2
Tafjord;SN60500;25.03.2015;5,6
Tafjord;SN60500;26.03.2015;4,3
Tafjord;SN60500;27.03.2015;5,1
Tafjord;SN60500;28.03.2015;7,9
Tafjord;SN60500;29.03.2015;8
Tafjord;SN60500;30.03.2015;4,3
Tafjord;SN60500;31.03.2015;4,9
Tafjord;SN60500;01.04.2015;2,8
Tafjord;SN60500;02.04.2015;1,7
Tafjord;SN60500;03.04.2015;2,8
Tafjord;SN60500;04.04.2015;2,8
Tafjord;SN60500;05.04.2015;3,2
Tafjord;SN60500;06.04.2015;7,3
Tafjord;SN60500;07.04.2015;9
Tafjord;SN60500;08.04.2015;7,6
Tafjord;SN60500;09.04.2015;8,5
Tafjord;SN60500;10.04.2015;11,3
Tafjord;SN60500;11.04.2015;12
Tafjord;SN60500;12.04.2015;6,1
Tafjord;SN60500;13.04.2015;3
Tafjord;SN60500;14.04.2015;5,9
Tafjord;SN60500;15.04.2015;4,7
Tafjord;SN60500;16.04.2015;4,1
Tafjord;SN60500;17.04.2015;5,7
Tafjord;SN60500;18.04.2015;4,3
Tafjord;SN60500;19.04.2015;6,6
Tafjord;SN60500;20.04.2015;5,8
Tafjord;SN60500;21.04.2015;6
Tafjord;SN60500;22.04.2015;8,4
Tafjord;SN60500;23.04.2015;4
Tafjord;SN60500;24.04.2015;4,1
Tafjord;SN60500;25.04.2015;3,9
Tafjord;SN60500;26.04.2015;6,7
Tafjord;SN60500;27.04.2015;7
Tafjord;SN60500;28.04.2015;5,5
Tafjord;SN60500;29.04.2015;5,8
Tafjord;SN60500;30.04.2015;5,7
Tafjord;SN60500;02.05.2015;4,9
Tafjord;SN60500;03.05.2015;6,5
Tafjord;SN60500;04.05.2015;11,4
Tafjord;SN60500;05.05.2015;13,7
Tafjord;SN60500;06.05.2015;14,7
Tafjord;SN60500;07.05.2015;12,6
Tafjord;SN60500;08.05.2015;8,9
Tafjord;SN60500;09.05.2015;8,7
Tafjord;SN60500;10.05.2015;7,4
Tafjord;SN60500;11.05.2015;11,5
Tafjord;SN60500;12.05.2015;10,6
Tafjord;SN60500;13.05.2015;8,1
Tafjord;SN60500;14.05.2015;6,5
Tafjord;SN60500;15.05.2015;8,3
Tafjord;SN60500;16.05.2015;9,3
Tafjord;SN60500;17.05.2015;7,7
Tafjord;SN60500;18.05.2015;8,5
Tafjord;SN60500;19.05.2015;11,9
Tafjord;SN60500;20.05.2015;7,8
Tafjord;SN60500;21.05.2015;9,9
Tafjord;SN60500;22.05.2015;8,8
Tafjord;SN60500;23.05.2015;6,3
Tafjord;SN60500;24.05.2015;8,5
Tafjord;SN60500;25.05.2015;8,6
Tafjord;SN60500;26.05.2015;8,9
Tafjord;SN60500;27.05.2015;9,5
Tafjord;SN60500;28.05.2015;11,2
Tafjord;SN60500;29.05.2015;10,1
Tafjord;SN60500;30.05.2015;8,5
Tafjord;SN60500;31.05.2015;8,7
Tafjord;SN60500;01.06.2015;8,7
Tafjord;SN60500;02.06.2015;11
Tafjord;SN60500;03.06.2015;7,8
Tafjord;SN60500;04.06.2015;9,5
Tafjord;SN60500;05.06.2015;11,5
Tafjord;SN60500;06.06.2015;13,9
Tafjord;SN60500;07.06.2015;10,1
Tafjord;SN60500;08.06.2015;9
Tafjord;SN60500;09.06.2015;9,5
Tafjord;SN60500;10.06.2015;11,5
Tafjord;SN60500;11.06.2015;10,4
Tafjord;SN60500;12.06.2015;11,5
Tafjord;SN60500;13.06.2015;9,9
Tafjord;SN60500;14.06.2015;8,5
Tafjord;SN60500;15.06.2015;8,3
Tafjord;SN60500;16.06.2015;9,5
Tafjord;SN60500;17.06.2015;9,7
Tafjord;SN60500;18.06.2015;11,3
Tafjord;SN60500;19.06.2015;12,2
Tafjord;SN60500;20.06.2015;12,1
Tafjord;SN60500;21.06.2015;12,3
Tafjord;SN60500;22.06.2015;14,2
Tafjord;SN60500;23.06.2015;11,3
Tafjord;SN60500;24.06.2015;10,4
Tafjord;SN60500;25.06.2015;10,4
Tafjord;SN60500;26.06.2015;11,1
Tafjord;SN60500;27.06.2015;12,2
Tafjord;SN60500;28.06.2015;14
Tafjord;SN60500;29.06.2015;13,2
Tafjord;SN60500;30.06.2015;13,2
Tafjord;SN60500;01.07.2015;15,2
Tafjord;SN60500;02.07.2015;21
Tafjord;SN60500;03.07.2015;19
Tafjord;SN60500;04.07.2015;14,8
Tafjord;SN60500;05.07.2015;16,2
Tafjord;SN60500;06.07.2015;14
Tafjord;SN60500;07.07.2015;11,8
Tafjord;SN60500;08.07.2015;11,5
Tafjord;SN60500;09.07.2015;10,7
Tafjord;SN60500;10.07.2015;10,6
Tafjord;SN60500;11.07.2015;11,8
Tafjord;SN60500;12.07.2015;13,5
Tafjord;SN60500;13.07.2015;12,4
Tafjord;SN60500;14.07.2015;11,9
Tafjord;SN60500;15.07.2015;11,5
Tafjord;SN60500;16.07.2015;9,7
Tafjord;SN60500;17.07.2015;10,3
Tafjord;SN60500;18.07.2015;11,5
Tafjord;SN60500;19.07.2015;12
Tafjord;SN60500;20.07.2015;12,7
Tafjord;SN60500;21.07.2015;11,7
Tafjord;SN60500;22.07.2015;12,7
Tafjord;SN60500;23.07.2015;11,4
Tafjord;SN60500;24.07.2015;11,1
Tafjord;SN60500;25.07.2015;13,2
Tafjord;SN60500;26.07.2015;13,1
Tafjord;SN60500;27.07.2015;12,5
Tafjord;SN60500;28.07.2015;13,2
Tafjord;SN60500;29.07.2015;13,6
Tafjord;SN60500;30.07.2015;11,9
Tafjord;SN60500;31.07.2015;10,6
Tafjord;SN60500;01.08.2015;10,8
Tafjord;SN60500;02.08.2015;11,3
Tafjord;SN60500;03.08.2015;11,8
Tafjord;SN60500;04.08.2015;19,5
Tafjord;SN60500;05.08.2015;15,3
Tafjord;SN60500;06.08.2015;15,2
Tafjord;SN60500;07.08.2015;14,7
Tafjord;SN60500;08.08.2015;13,4
Tafjord;SN60500;09.08.2015;16,1
Tafjord;SN60500;10.08.2015;20,5
Tafjord;SN60500;11.08.2015;16,9
Tafjord;SN60500;12.08.2015;12,5
Tafjord;SN60500;13.08.2015;11,8
Tafjord;SN60500;14.08.2015;13,4
Tafjord;SN60500;15.08.2015;24,1
Tafjord;SN60500;16.08.2015;22
Tafjord;SN60500;17.08.2015;17,1
Tafjord;SN60500;18.08.2015;20,8
Tafjord;SN60500;19.08.2015;22,5
Tafjord;SN60500;20.08.2015;20,5
Tafjord;SN60500;21.08.2015;20,7
Tafjord;SN60500;22.08.2015;21,9
Tafjord;SN60500;23.08.2015;16,2
Tafjord;SN60500;24.08.2015;20,2
Tafjord;SN60500;25.08.2015;21,8
Tafjord;SN60500;26.08.2015;19,4
Tafjord;SN60500;27.08.2015;16,5
Tafjord;SN60500;28.08.2015;13
Tafjord;SN60500;29.08.2015;13,1
Tafjord;SN60500;30.08.2015;13,1
Tafjord;SN60500;31.08.2015;12,2
Tafjord;SN60500;01.09.2015;11,1
Tafjord;SN60500;02.09.2015;13,1
Tafjord;SN60500;03.09.2015;14,9
Tafjord;SN60500;04.09.2015;11,5
Tafjord;SN60500;05.09.2015;9,6
Tafjord;SN60500;06.09.2015;10
Tafjord;SN60500;07.09.2015;10,8
Tafjord;SN60500;08.09.2015;11,2
Tafjord;SN60500;09.09.2015;9,9
Tafjord;SN60500;10.09.2015;10,1
Tafjord;SN60500;11.09.2015;11,4
Tafjord;SN60500;12.09.2015;15,3
Tafjord;SN60500;13.09.2015;19
Tafjord;SN60500;14.09.2015;19,8
Tafjord;SN60500;15.09.2015;18,7
Tafjord;SN60500;16.09.2015;13,5
Tafjord;SN60500;17.09.2015;12,1
Tafjord;SN60500;18.09.2015;11,7
Tafjord;SN60500;19.09.2015;9,8
Tafjord;SN60500;20.09.2015;9,7
Tafjord;SN60500;21.09.2015;8,6
Tafjord;SN60500;22.09.2015;9,8
Tafjord;SN60500;23.09.2015;10,6
Tafjord;SN60500;24.09.2015;16,2
Tafjord;SN60500;25.09.2015;10,4
Tafjord;SN60500;26.09.2015;9,1
Tafjord;SN60500;27.09.2015;9,5
Tafjord;SN60500;28.09.2015;9,9
Tafjord;SN60500;29.09.2015;12,5
Tafjord;SN60500;30.09.2015;12,7
Tafjord;SN60500;01.10.2015;13,1
Tafjord;SN60500;02.10.2015;12,4
Tafjord;SN60500;03.10.2015;9,2
Tafjord;SN60500;04.10.2015;9,4
Tafjord;SN60500;05.10.2015;8,1
Tafjord;SN60500;06.10.2015;14,7
Tafjord;SN60500;07.10.2015;13,7
Tafjord;SN60500;08.10.2015;13,3
Tafjord;SN60500;09.10.2015;12,7
Tafjord;SN60500;10.10.2015;9,7
Tafjord;SN60500;11.10.2015;6
Tafjord;SN60500;12.10.2015;7
Tafjord;SN60500;13.10.2015;6,9
Tafjord;SN60500;14.10.2015;4,3
Tafjord;SN60500;15.10.2015;6,8
Tafjord;SN60500;16.10.2015;3,1
Tafjord;SN60500;17.10.2015;5,3
Tafjord;SN60500;18.10.2015;3,5
Tafjord;SN60500;19.10.2015;4,7
Tafjord;SN60500;20.10.2015;5
Tafjord;SN60500;21.10.2015;12,6
Tafjord;SN60500;22.10.2015;10,9
Tafjord;SN60500;23.10.2015;10,7
Tafjord;SN60500;24.10.2015;14
Tafjord;SN60500;25.10.2015;5,6
Tafjord;SN60500;26.10.2015;9,4
Tafjord;SN60500;27.10.2015;7,9
Tafjord;SN60500;28.10.2015;10,8
Tafjord;SN60500;29.10.2015;9,9
Tafjord;SN60500;30.10.2015;12
Tafjord;SN60500;31.10.2015;16,9
Tafjord;SN60500;01.11.2015;13,7
Tafjord;SN60500;02.11.2015;13
Tafjord;SN60500;03.11.2015;13,3
Tafjord;SN60500;04.11.2015;8,5
Tafjord;SN60500;05.11.2015;11
Tafjord;SN60500;06.11.2015;14,3
Tafjord;SN60500;07.11.2015;9,7
Tafjord;SN60500;08.11.2015;8,5
Tafjord;SN60500;09.11.2015;10,3
Tafjord;SN60500;10.11.2015;7
Tafjord;SN60500;11.11.2015;5,2
Tafjord;SN60500;12.11.2015;5,3
Tafjord;SN60500;13.11.2015;9,1
Tafjord;SN60500;14.11.2015;6,7
Tafjord;SN60500;15.11.2015;3,9
Tafjord;SN60500;16.11.2015;8,4
Tafjord;SN60500;17.11.2015;8
Tafjord;SN60500;18.11.2015;2,2
Tafjord;SN60500;19.11.2015;1,1
Tafjord;SN60500;20.11.2015;-0,7
Tafjord;SN60500;21.11.2015;-1,4
Tafjord;SN60500;22.11.2015;-1,9
Tafjord;SN60500;23.11.2015;4,2
Tafjord;SN60500;24.11.2015;8,3
Tafjord;SN60500;25.11.2015;4,8
Tafjord;SN60500;26.11.2015;4,4
Tafjord;SN60500;27.11.2015;6,8
Tafjord;SN60500;28.11.2015;4,6
Tafjord;SN60500;29.11.2015;6,1
Tafjord;SN60500;01.12.2015;0,9
Tafjord;SN60500;02.12.2015;6,1
Tafjord;SN60500;03.12.2015;5,3
Tafjord;SN60500;04.12.2015;3,6
Tafjord;SN60500;05.12.2015;7
Tafjord;SN60500;06.12.2015;3,3
Tafjord;SN60500;07.12.2015;3,7
Tafjord;SN60500;08.12.2015;11,3
Tafjord;SN60500;09.12.2015;7,6
Tafjord;SN60500;10.12.2015;5,1
Tafjord;SN60500;11.12.2015;2,5
Tafjord;SN60500;12.12.2015;1,2
Tafjord;SN60500;13.12.2015;-0,1
Tafjord;SN60500;14.12.2015;0,7
Tafjord;SN60500;15.12.2015;0,1
Tafjord;SN60500;16.12.2015;-1,2
Tafjord;SN60500;17.12.2015;8,5
Tafjord;SN60500;18.12.2015;6,4
Tafjord;SN60500;19.12.2015;8,5
Tafjord;SN60500;20.12.2015;9,9
Tafjord;SN60500;21.12.2015;6,7
Tafjord;SN60500;22.12.2015;6,7
Tafjord;SN60500;23.12.2015;6,2
Tafjord;SN60500;24.12.2015;10,3
Tafjord;SN60500;25.12.2015;4,1
Tafjord;SN60500;26.12.2015;-0,7
Tafjord;SN60500;27.12.2015;0,2
Tafjord;SN60500;28.12.2015;2,7
Tafjord;SN60500;29.12.2015;8,7
Tafjord;SN60500;30.12.2015;11,8
Tafjord;SN60500;31.12.2015;10,8
Tafjord;SN60500;01.01.2016;7,6
Tafjord;SN60500;02.01.2016;5,3
Tafjord;SN60500;03.01.2016;-1,2
Tafjord;SN60500;04.01.2016;-4,8
Tafjord;SN60500;05.01.2016;-3,8
Tafjord;SN60500;06.01.2016;-1,9
Tafjord;SN60500;07.01.2016;-2,4
Tafjord;SN60500;08.01.2016;-6,4
Tafjord;SN60500;09.01.2016;-6,3
Tafjord;SN60500;10.01.2016;-0,7
Tafjord;SN60500;11.01.2016;2
Tafjord;SN60500;12.01.2016;0,6
Tafjord;SN60500;13.01.2016;-0,5
Tafjord;SN60500;14.01.2016;-0,7
Tafjord;SN60500;15.01.2016;-1,8
Tafjord;SN60500;16.01.2016;-6,9
Tafjord;SN60500;17.01.2016;-2,9
Tafjord;SN60500;18.01.2016;-1,5
Tafjord;SN60500;19.01.2016;-2,7
Tafjord;SN60500;20.01.2016;-3,7
Tafjord;SN60500;21.01.2016;-2,8
Tafjord;SN60500;22.01.2016;2,7
Tafjord;SN60500;23.01.2016;6
Tafjord;SN60500;24.01.2016;4
Tafjord;SN60500;25.01.2016;10,3
Tafjord;SN60500;26.01.2016;7
Tafjord;SN60500;27.01.2016;3,9
Tafjord;SN60500;28.01.2016;1,6
Tafjord;SN60500;29.01.2016;7,1
Tafjord;SN60500;30.01.2016;2,1
Tafjord;SN60500;31.01.2016;-0,3
Tafjord;SN60500;01.02.2016;0,5
Tafjord;SN60500;02.02.2016;1,1
Tafjord;SN60500;03.02.2016;0,4
Tafjord;SN60500;04.02.2016;0,2
Tafjord;SN60500;05.02.2016;2,7
Tafjord;SN60500;06.02.2016;5,8
Tafjord;SN60500;07.02.2016;7,7
Tafjord;SN60500;08.02.2016;7,3
Tafjord;SN60500;09.02.2016;6,1
Tafjord;SN60500;10.02.2016;1,7
Tafjord;SN60500;11.02.2016;0,3
Tafjord;SN60500;12.02.2016;-2,1
Tafjord;SN60500;13.02.2016;-4,6
Tafjord;SN60500;14.02.2016;-5,9
Tafjord;SN60500;15.02.2016;-2,3
Tafjord;SN60500;16.02.2016;2,6
Tafjord;SN60500;17.02.2016;8,3
Tafjord;SN60500;18.02.2016;1,7
Tafjord;SN60500;19.02.2016;4,2
Tafjord;SN60500;20.02.2016;6,2
Tafjord;SN60500;21.02.2016;3,8
Tafjord;SN60500;22.02.2016;1,8
Tafjord;SN60500;23.02.2016;0,5
Tafjord;SN60500;24.02.2016;0,4
Tafjord;SN60500;25.02.2016;0,4
Tafjord;SN60500;26.02.2016;0,5
Tafjord;SN60500;27.02.2016;0,6
Tafjord;SN60500;28.02.2016;0,7
Tafjord;SN60500;29.02.2016;0,9
Tafjord;SN60500;01.03.2016;4,6
Tafjord;SN60500;02.03.2016;4
Tafjord;SN60500;03.03.2016;2,5
Tafjord;SN60500;04.03.2016;4
Tafjord;SN60500;05.03.2016;1,5
Tafjord;SN60500;06.03.2016;2,2
Tafjord;SN60500;07.03.2016;-0,7
Tafjord;SN60500;08.03.2016;0,5
Tafjord;SN60500;09.03.2016;3,8
Tafjord;SN60500;10.03.2016;5,9
Tafjord;SN60500;11.03.2016;5,1
Tafjord;SN60500;12.03.2016;6,5
Tafjord;SN60500;13.03.2016;3,7
Tafjord;SN60500;14.03.2016;3,9
Tafjord;SN60500;15.03.2016;3,2
Tafjord;SN60500;16.03.2016;2,2
Tafjord;SN60500;17.03.2016;2,6
Tafjord;SN60500;18.03.2016;5,2
Tafjord;SN60500;19.03.2016;4,3
Tafjord;SN60500;20.03.2016;4,2
Tafjord;SN60500;21.03.2016;2,3
Tafjord;SN60500;22.03.2016;3,4
Tafjord;SN60500;23.03.2016;2,7
Tafjord;SN60500;24.03.2016;3,2
Tafjord;SN60500;25.03.2016;4,7
Tafjord;SN60500;26.03.2016;11
Tafjord;SN60500;27.03.2016;11,7
Tafjord;SN60500;28.03.2016;10,6
Tafjord;SN60500;29.03.2016;8,3
Tafjord;SN60500;30.03.2016;5
Tafjord;SN60500;31.03.2016;3
Tafjord;SN60500;01.04.2016;5,3
Tafjord;SN60500;02.04.2016;9,7
Tafjord;SN60500;03.04.2016;8,6
Tafjord;SN60500;04.04.2016;8,5
Tafjord;SN60500;05.04.2016;8,5
Tafjord;SN60500;06.04.2016;6
Tafjord;SN60500;07.04.2016;5
Tafjord;SN60500;08.04.2016;4,4
Tafjord;SN60500;09.04.2016;4,7
Tafjord;SN60500;10.04.2016;6
Tafjord;SN60500;11.04.2016;4,5
Tafjord;SN60500;12.04.2016;6,9
Tafjord;SN60500;13.04.2016;4,2
Tafjord;SN60500;14.04.2016;4,7
Tafjord;SN60500;15.04.2016;4,3
Tafjord;SN60500;16.04.2016;4,9
Tafjord;SN60500;17.04.2016;7,1
Tafjord;SN60500;18.04.2016;8,2
Tafjord;SN60500;19.04.2016;5,3
Tafjord;SN60500;20.04.2016;6,4
Tafjord;SN60500;21.04.2016;4,5
Tafjord;SN60500;22.04.2016;2,4
Tafjord;SN60500;23.04.2016;2
Tafjord;SN60500;24.04.2016;2,9
Tafjord;SN60500;25.04.2016;4,4
Tafjord;SN60500;26.04.2016;4,1
Tafjord;SN60500;27.04.2016;5,2
Tafjord;SN60500;28.04.2016;7,2
Tafjord;SN60500;29.04.2016;6,6
Tafjord;SN60500;30.04.2016;10
Tafjord;SN60500;01.05.2016;9,8
Tafjord;SN60500;02.05.2016;13,2
Tafjord;SN60500;03.05.2016;10,9
Tafjord;SN60500;04.05.2016;11,4
Tafjord;SN60500;05.05.2016;13,7
Tafjord;SN60500;06.05.2016;13,1
Tafjord;SN60500;07.05.2016;12,8
Tafjord;SN60500;08.05.2016;14,5
Tafjord;SN60500;09.05.2016;14,7
Tafjord;SN60500;10.05.2016;10,6
Tafjord;SN60500;11.05.2016;12,4
Tafjord;SN60500;12.05.2016;7,2
Tafjord;SN60500;13.05.2016;5,2
Tafjord;SN60500;14.05.2016;5,5
Tafjord;SN60500;15.05.2016;7,5
Tafjord;SN60500;16.05.2016;7,4
Tafjord;SN60500;17.05.2016;7,7
Tafjord;SN60500;18.05.2016;6,5
Tafjord;SN60500;19.05.2016;7,7
Tafjord;SN60500;20.05.2016;11
Tafjord;SN60500;21.05.2016;13,7
Tafjord;SN60500;22.05.2016;14,3
Tafjord;SN60500;23.05.2016;9,4
Tafjord;SN60500;24.05.2016;9,6
Tafjord;SN60500;25.05.2016;9,2
Tafjord;SN60500;26.05.2016;9,5
Tafjord;SN60500;27.05.2016;11,7
Tafjord;SN60500;28.05.2016;14,3
Tafjord;SN60500;29.05.2016;17,9
Tafjord;SN60500;30.05.2016;16,9
Tafjord;SN60500;31.05.2016;13,9
Tafjord;SN60500;01.06.2016;14,2
Tafjord;SN60500;02.06.2016;14,9
Tafjord;SN60500;03.06.2016;14,6
Tafjord;SN60500;04.06.2016;11,9
Tafjord;SN60500;05.06.2016;12
Tafjord;SN60500;06.06.2016;13,4
Tafjord;SN60500;07.06.2016;13,5
Tafjord;SN60500;08.06.2016;11,3
Tafjord;SN60500;09.06.2016;9,8
Tafjord;SN60500;10.06.2016;10
Tafjord;SN60500;11.06.2016;11,3
Tafjord;SN60500;12.06.2016;13,2
Tafjord;SN60500;13.06.2016;13
Tafjord;SN60500;14.06.2016;12,7
Tafjord;SN60500;15.06.2016;14,4
Tafjord;SN60500;16.06.2016;14,7
Tafjord;SN60500;17.06.2016;14,1
Tafjord;SN60500;18.06.2016;12,2
Tafjord;SN60500;19.06.2016;10
Tafjord;SN60500;20.06.2016;13,3
Tafjord;SN60500;21.06.2016;14,7
Tafjord;SN60500;22.06.2016;14,6
Tafjord;SN60500;23.06.2016;15,1
Tafjord;SN60500;24.06.2016;14,6
Tafjord;SN60500;25.06.2016;13,4
Tafjord;SN60500;26.06.2016;13,6
Tafjord;SN60500;27.06.2016;15,6
Tafjord;SN60500;28.06.2016;13,7
Tafjord;SN60500;29.06.2016;14,3
Tafjord;SN60500;30.06.2016;17,5
Tafjord;SN60500;01.07.2016;16,8
Tafjord;SN60500;02.07.2016;14,8
Tafjord;SN60500;03.07.2016;12,8
Tafjord;SN60500;04.07.2016;13,4
Tafjord;SN60500;05.07.2016;13,4
Tafjord;SN60500;06.07.2016;12
Tafjord;SN60500;07.07.2016;12,5
Tafjord;SN60500;08.07.2016;15,4
Tafjord;SN60500;09.07.2016;14
Tafjord;SN60500;10.07.2016;14
Tafjord;SN60500;11.07.2016;14,5
Tafjord;SN60500;12.07.2016;15,3
Tafjord;SN60500;13.07.2016;15,3
Tafjord;SN60500;14.07.2016;14,3
Tafjord;SN60500;15.07.2016;13,9
Tafjord;SN60500;16.07.2016;13
Tafjord;SN60500;17.07.2016;12,1
Tafjord;SN60500;18.07.2016;13,8
Tafjord;SN60500;19.07.2016;13,2
Tafjord;SN60500;20.07.2016;17
Tafjord;SN60500;21.07.2016;22,1
Tafjord;SN60500;22.07.2016;18,5
Tafjord;SN60500;23.07.2016;18,3
Tafjord;SN60500;24.07.2016;18,4
Tafjord;SN60500;25.07.2016;19,4
Tafjord;SN60500;26.07.2016;16,3
Tafjord;SN60500;27.07.2016;15,6
Tafjord;SN60500;28.07.2016;16,1
Tafjord;SN60500;29.07.2016;14,9
Tafjord;SN60500;30.07.2016;14,7
Tafjord;SN60500;31.07.2016;14,2
Tafjord;SN60500;01.08.2016;13,7
Tafjord;SN60500;02.08.2016;12,9
Tafjord;SN60500;03.08.2016;13,5
Tafjord;SN60500;04.08.2016;15,1
Tafjord;SN60500;05.08.2016;16
Tafjord;SN60500;06.08.2016;13
Tafjord;SN60500;07.08.2016;16,3
Tafjord;SN60500;08.08.2016;16,2
Tafjord;SN60500;09.08.2016;11,4
Tafjord;SN60500;10.08.2016;8,6
Tafjord;SN60500;11.08.2016;9,2
Tafjord;SN60500;12.08.2016;10,8
Tafjord;SN60500;13.08.2016;12,1
Tafjord;SN60500;14.08.2016;14,1
Tafjord;SN60500;15.08.2016;13,3
Tafjord;SN60500;16.08.2016;14
Tafjord;SN60500;17.08.2016;13,9
Tafjord;SN60500;18.08.2016;15,6
Tafjord;SN60500;19.08.2016;15,5
Tafjord;SN60500;20.08.2016;15,2
Tafjord;SN60500;21.08.2016;15,2
Tafjord;SN60500;22.08.2016;14,8
Tafjord;SN60500;23.08.2016;15,6
Tafjord;SN60500;24.08.2016;14,2
Tafjord;SN60500;25.08.2016;14,7
Tafjord;SN60500;26.08.2016;13,1
Tafjord;SN60500;27.08.2016;12,3
Tafjord;SN60500;28.08.2016;12,7
Tafjord;SN60500;29.08.2016;12,2
Tafjord;SN60500;30.08.2016;11,7
Tafjord;SN60500;31.08.2016;16,2
Tafjord;SN60500;01.09.2016;12,6
Tafjord;SN60500;02.09.2016;11,9
Tafjord;SN60500;03.09.2016;12,6
Tafjord;SN60500;04.09.2016;12
Tafjord;SN60500;05.09.2016;11,1
Tafjord;SN60500;06.09.2016;18,6
Tafjord;SN60500;07.09.2016;14,7
Tafjord;SN60500;08.09.2016;12,9
Tafjord;SN60500;09.09.2016;16,4
Tafjord;SN60500;10.09.2016;17,9
Tafjord;SN60500;11.09.2016;13,3
Tafjord;SN60500;12.09.2016;15,2
Tafjord;SN60500;13.09.2016;18,2
Tafjord;SN60500;14.09.2016;16,2
Tafjord;SN60500;15.09.2016;15
Tafjord;SN60500;16.09.2016;18,9
Tafjord;SN60500;17.09.2016;15,1
Tafjord;SN60500;18.09.2016;14,1
Tafjord;SN60500;19.09.2016;13,7
Tafjord;SN60500;20.09.2016;13,4
Tafjord;SN60500;21.09.2016;13,9
Tafjord;SN60500;22.09.2016;13,8
Tafjord;SN60500;23.09.2016;12
Tafjord;SN60500;24.09.2016;14,7
Tafjord;SN60500;25.09.2016;21,7
Tafjord;SN60500;26.09.2016;14
Tafjord;SN60500;27.09.2016;13,9
Tafjord;SN60500;28.09.2016;11,4
Tafjord;SN60500;29.09.2016;10
Tafjord;SN60500;30.09.2016;7,9
Tafjord;SN60500;01.10.2016;6,8
Tafjord;SN60500;02.10.2016;4,7
Tafjord;SN60500;03.10.2016;4,2
Tafjord;SN60500;04.10.2016;11,5
Tafjord;SN60500;05.10.2016;7,2
Tafjord;SN60500;06.10.2016;3,8
Tafjord;SN60500;07.10.2016;13
Tafjord;SN60500;08.10.2016;8,5
Tafjord;SN60500;09.10.2016;7,5
Tafjord;SN60500;10.10.2016;7
Tafjord;SN60500;11.10.2016;3,1
Tafjord;SN60500;12.10.2016;1,6
Tafjord;SN60500;13.10.2016;0,4
Tafjord;SN60500;14.10.2016;12,6
Tafjord;SN60500;15.10.2016;11,2
Tafjord;SN60500;16.10.2016;9,7
Tafjord;SN60500;17.10.2016;12,4
Tafjord;SN60500;18.10.2016;12,9
Tafjord;SN60500;19.10.2016;9,7
Tafjord;SN60500;20.10.2016;9,6
Tafjord;SN60500;21.10.2016;8,5
Tafjord;SN60500;22.10.2016;7,9
Tafjord;SN60500;23.10.2016;7,8
Tafjord;SN60500;24.10.2016;9,2
Tafjord;SN60500;25.10.2016;8
Tafjord;SN60500;26.10.2016;11,2
Tafjord;SN60500;27.10.2016;9,4
Tafjord;SN60500;28.10.2016;3,9
Tafjord;SN60500;29.10.2016;4,1
Tafjord;SN60500;30.10.2016;4,5
Tafjord;SN60500;31.10.2016;6,4
Tafjord;SN60500;01.11.2016;5,3
Tafjord;SN60500;02.11.2016;2,8
Tafjord;SN60500;03.11.2016;1,4
Tafjord;SN60500;04.11.2016;3,5
Tafjord;SN60500;05.11.2016;4,8
Tafjord;SN60500;06.11.2016;0,3
Tafjord;SN60500;07.11.2016;-2,3
Tafjord;SN60500;08.11.2016;-2
Tafjord;SN60500;09.11.2016;-1,7
Tafjord;SN60500;10.11.2016;-0,4
Tafjord;SN60500;11.11.2016;2,1
Tafjord;SN60500;12.11.2016;7,4
Tafjord;SN60500;13.11.2016;7,1
Tafjord;SN60500;14.11.2016;9
Tafjord;SN60500;15.11.2016;8,6
Tafjord;SN60500;16.11.2016;7,7
Tafjord;SN60500;17.11.2016;4,5
Tafjord;SN60500;18.11.2016;3
Tafjord;SN60500;19.11.2016;3,6
Tafjord;SN60500;20.11.2016;5,1
Tafjord;SN60500;21.11.2016;4,4
Tafjord;SN60500;22.11.2016;3,3
Tafjord;SN60500;23.11.2016;0,5
Tafjord;SN60500;24.11.2016;1,8
Tafjord;SN60500;25.11.2016;5,1
Tafjord;SN60500;26.11.2016;5,2
Tafjord;SN60500;27.11.2016;1,1
Tafjord;SN60500;28.11.2016;-0,2
Tafjord;SN60500;29.11.2016;3,6
Tafjord;SN60500;30.11.2016;0,2
Tafjord;SN60500;01.12.2016;0,8
Tafjord;SN60500;02.12.2016;0,4
Tafjord;SN60500;03.12.2016;0,5
Tafjord;SN60500;04.12.2016;1,5
Tafjord;SN60500;05.12.2016;3,6
Tafjord;SN60500;06.12.2016;-0,1
Tafjord;SN60500;07.12.2016;4,1
Tafjord;SN60500;08.12.2016;4,5
Tafjord;SN60500;09.12.2016;4,2
Tafjord;SN60500;10.12.2016;3,9
Tafjord;SN60500;11.12.2016;2,5
Tafjord;SN60500;12.12.2016;-1
Tafjord;SN60500;13.12.2016;2,4
Tafjord;SN60500;14.12.2016;2,4
Tafjord;SN60500;15.12.2016;9,9
Tafjord;SN60500;16.12.2016;6,8
Tafjord;SN60500;17.12.2016;4,9
Tafjord;SN60500;18.12.2016;3,4
Tafjord;SN60500;19.12.2016;7,1
Tafjord;SN60500;20.12.2016;11
Tafjord;SN60500;21.12.2016;8,5
Tafjord;SN60500;22.12.2016;3
Tafjord;SN60500;23.12.2016;3,6
Tafjord;SN60500;24.12.2016;3,4
Tafjord;SN60500;25.12.2016;4
Tafjord;SN60500;26.12.2016;2,5
Tafjord;SN60500;27.12.2016;2,7
Tafjord;SN60500;28.12.2016;3,1
Tafjord;SN60500;29.12.2016;7,3
Tafjord;SN60500;30.12.2016;9,3
Tafjord;SN60500;31.12.2016;3,3
Tafjord;SN60500;01.01.2017;0,5
Tafjord;SN60500;02.01.2017;-0,7
Tafjord;SN60500;03.01.2017;0,3
Tafjord;SN60500;04.01.2017;-1,9
Tafjord;SN60500;05.01.2017;-5
Tafjord;SN60500;06.01.2017;4
Tafjord;SN60500;07.01.2017;2,1
Tafjord;SN60500;08.01.2017;2,3
Tafjord;SN60500;09.01.2017;6,1
Tafjord;SN60500;10.01.2017;5,3
Tafjord;SN60500;11.01.2017;3,5
Tafjord;SN60500;12.01.2017;2,3
Tafjord;SN60500;13.01.2017;1,3
Tafjord;SN60500;14.01.2017;-1,5
Tafjord;SN60500;15.01.2017;-2,5
Tafjord;SN60500;16.01.2017;-1,9
Tafjord;SN60500;17.01.2017;1
Tafjord;SN60500;18.01.2017;4,9
Tafjord;SN60500;19.01.2017;3,2
Tafjord;SN60500;20.01.2017;3,7
Tafjord;SN60500;21.01.2017;2,4
Tafjord;SN60500;22.01.2017;0,8
Tafjord;SN60500;23.01.2017;3,2
Tafjord;SN60500;24.01.2017;5,2
Tafjord;SN60500;25.01.2017;11,6
Tafjord;SN60500;26.01.2017;10,1
Tafjord;SN60500;27.01.2017;11,9
Tafjord;SN60500;28.01.2017;7,8
Tafjord;SN60500;29.01.2017;7,6
Tafjord;SN60500;30.01.2017;1,5
Tafjord;SN60500;31.01.2017;4,5
Tafjord;SN60500;01.02.2017;4,2
Tafjord;SN60500;02.02.2017;7,3
Tafjord;SN60500;03.02.2017;8,1
Tafjord;SN60500;04.02.2017;7,5
Tafjord;SN60500;05.02.2017;5,8
Tafjord;SN60500;06.02.2017;4,9
Tafjord;SN60500;07.02.2017;0,1
Tafjord;SN60500;08.02.2017;-4,4
Tafjord;SN60500;09.02.2017;-1,9
Tafjord;SN60500;10.02.2017;0,4
Tafjord;SN60500;11.02.2017;-0,7
Tafjord;SN60500;12.02.2017;-1,8
Tafjord;SN60500;13.02.2017;-1,8
Tafjord;SN60500;14.02.2017;-2,8
Tafjord;SN60500;15.02.2017;-0,3
Tafjord;SN60500;16.02.2017;3,2
Tafjord;SN60500;17.02.2017;3,1
Tafjord;SN60500;18.02.2017;3,4
Tafjord;SN60500;19.02.2017;4,8
Tafjord;SN60500;20.02.2017;3,9
Tafjord;SN60500;21.02.2017;2,2
Tafjord;SN60500;22.02.2017;4,5
Tafjord;SN60500;23.02.2017;-1
Tafjord;SN60500;24.02.2017;-1,4
Tafjord;SN60500;25.02.2017;1,5
Tafjord;SN60500;26.02.2017;2,6
Tafjord;SN60500;27.02.2017;6,6
Tafjord;SN60500;28.02.2017;3,7
Tafjord;SN60500;01.03.2017;6,3
Tafjord;SN60500;02.03.2017;2,6
Tafjord;SN60500;03.03.2017;0,1
Tafjord;SN60500;04.03.2017;2,4
Tafjord;SN60500;05.03.2017;4,9
Tafjord;SN60500;06.03.2017;1,6
Tafjord;SN60500;07.03.2017;-1,7
Tafjord;SN60500;08.03.2017;-0,2
Tafjord;SN60500;09.03.2017;1,7
Tafjord;SN60500;10.03.2017;1,7
Tafjord;SN60500;11.03.2017;4,8
Tafjord;SN60500;12.03.2017;8,1
Tafjord;SN60500;13.03.2017;9,1
Tafjord;SN60500;14.03.2017;6,9
Tafjord;SN60500;15.03.2017;3,2
Tafjord;SN60500;16.03.2017;5,9
Tafjord;SN60500;17.03.2017;2,3
Tafjord;SN60500;18.03.2017;1,4
Tafjord;SN60500;19.03.2017;3,4
Tafjord;SN60500;20.03.2017;7,7
Tafjord;SN60500;21.03.2017;5,1
Tafjord;SN60500;22.03.2017;1,1
Tafjord;SN60500;23.03.2017;0,9
Tafjord;SN60500;24.03.2017;2,6
Tafjord;SN60500;25.03.2017;5,2
Tafjord;SN60500;26.03.2017;6,8
Tafjord;SN60500;27.03.2017;6,6
Tafjord;SN60500;28.03.2017;4,1
Tafjord;SN60500;29.03.2017;1,2
Tafjord;SN60500;30.03.2017;3,4
Tafjord;SN60500;31.03.2017;6,6
Tafjord;SN60500;01.04.2017;12,8
Tafjord;SN60500;02.04.2017;7
Tafjord;SN60500;03.04.2017;10
Tafjord;SN60500;04.04.2017;9,5
Tafjord;SN60500;05.04.2017;3,4
Tafjord;SN60500;06.04.2017;3,7
Tafjord;SN60500;07.04.2017;7,1
Tafjord;SN60500;08.04.2017;8,8
Tafjord;SN60500;09.04.2017;9,4
Tafjord;SN60500;10.04.2017;4
Tafjord;SN60500;11.04.2017;3,7
Tafjord;SN60500;12.04.2017;4,5
Tafjord;SN60500;13.04.2017;4,1
Tafjord;SN60500;14.04.2017;3,6
Tafjord;SN60500;15.04.2017;4
Tafjord;SN60500;16.04.2017;3,6
Tafjord;SN60500;17.04.2017;4,4
Tafjord;SN60500;18.04.2017;5,2
Tafjord;SN60500;19.04.2017;6,9
Tafjord;SN60500;20.04.2017;6,6
Tafjord;SN60500;21.04.2017;3,2
Tafjord;SN60500;22.04.2017;2,8
Tafjord;SN60500;23.04.2017;1,7
Tafjord;SN60500;24.04.2017;2
Tafjord;SN60500;25.04.2017;2,8
Tafjord;SN60500;26.04.2017;3,1
Tafjord;SN60500;27.04.2017;4,8
Tafjord;SN60500;28.04.2017;6,1
Tafjord;SN60500;29.04.2017;8,7
Tafjord;SN60500;30.04.2017;7,6
Tafjord;SN60500;01.05.2017;9,1
Tafjord;SN60500;02.05.2017;7,7
Tafjord;SN60500;03.05.2017;9
Tafjord;SN60500;04.05.2017;12,1
Tafjord;SN60500;05.05.2017;11,1
Tafjord;SN60500;06.05.2017;10,3
Tafjord;SN60500;07.05.2017;8,7
Tafjord;SN60500;08.05.2017;6,3
Tafjord;SN60500;09.05.2017;5,6
Tafjord;SN60500;10.05.2017;5,9
Tafjord;SN60500;11.05.2017;8,8
Tafjord;SN60500;12.05.2017;10,2
Tafjord;SN60500;13.05.2017;13,3
Tafjord;SN60500;14.05.2017;12,5
Tafjord;SN60500;15.05.2017;12
Tafjord;SN60500;16.05.2017;15
Tafjord;SN60500;17.05.2017;14,9
Tafjord;SN60500;18.05.2017;10,3
Tafjord;SN60500;19.05.2017;11,4
Tafjord;SN60500;20.05.2017;16,1
Tafjord;SN60500;21.05.2017;10,3
Tafjord;SN60500;22.05.2017;9,4
Tafjord;SN60500;23.05.2017;9,6
Tafjord;SN60500;24.05.2017;10,3
Tafjord;SN60500;25.05.2017;9,5
Tafjord;SN60500;26.05.2017;12
Tafjord;SN60500;27.05.2017;17,3
Tafjord;SN60500;28.05.2017;17
Tafjord;SN60500;29.05.2017;13,4
Tafjord;SN60500;30.05.2017;11,2
Tafjord;SN60500;31.05.2017;10,2
Tafjord;SN60500;01.06.2017;8,9
Tafjord;SN60500;02.06.2017;11,2
Tafjord;SN60500;03.06.2017;12,7
Tafjord;SN60500;04.06.2017;10,1
Tafjord;SN60500;05.06.2017;11,9
Tafjord;SN60500;06.06.2017;13,5
Tafjord;SN60500;07.06.2017;18,9
Tafjord;SN60500;08.06.2017;17,6
Tafjord;SN60500;09.06.2017;15,7
Tafjord;SN60500;10.06.2017;12,7
Tafjord;SN60500;11.06.2017;14,7
Tafjord;SN60500;12.06.2017;11,8
Tafjord;SN60500;13.06.2017;12
Tafjord;SN60500;14.06.2017;12,4
Tafjord;SN60500;15.06.2017;15,8
Tafjord;SN60500;16.06.2017;12,9
Tafjord;SN60500;17.06.2017;12,3
Tafjord;SN60500;18.06.2017;14,4
Tafjord;SN60500;19.06.2017;11,7
Tafjord;SN60500;20.06.2017;9,9
Tafjord;SN60500;21.06.2017;10,1
Tafjord;SN60500;22.06.2017;11,2
Tafjord;SN60500;23.06.2017;11,2
Tafjord;SN60500;24.06.2017;12,4
Tafjord;SN60500;25.06.2017;12,2
Tafjord;SN60500;26.06.2017;9,8
Tafjord;SN60500;27.06.2017;9,7
Tafjord;SN60500;28.06.2017;10,8
Tafjord;SN60500;29.06.2017;13,6
Tafjord;SN60500;30.06.2017;18,6
Tafjord;SN60500;01.07.2017;13,7
Tafjord;SN60500;02.07.2017;12,9
Tafjord;SN60500;03.07.2017;11,7
Tafjord;SN60500;04.07.2017;11,4
Tafjord;SN60500;05.07.2017;11,6
Tafjord;SN60500;06.07.2017;11,3
Tafjord;SN60500;07.07.2017;12,3
Tafjord;SN60500;08.07.2017;11,7
Tafjord;SN60500;09.07.2017;13
Tafjord;SN60500;10.07.2017;13,1
Tafjord;SN60500;11.07.2017;12,8
Tafjord;SN60500;12.07.2017;10,6
Tafjord;SN60500;13.07.2017;10,1
Tafjord;SN60500;14.07.2017;10,7
Tafjord;SN60500;15.07.2017;16,8
Tafjord;SN60500;16.07.2017;14,8
Tafjord;SN60500;17.07.2017;11
Tafjord;SN60500;18.07.2017;11,5
Tafjord;SN60500;19.07.2017;12
Tafjord;SN60500;20.07.2017;13,8
Tafjord;SN60500;21.07.2017;18,7
Tafjord;SN60500;22.07.2017;15,9
Tafjord;SN60500;23.07.2017;16,5
Tafjord;SN60500;24.07.2017;18,7
Tafjord;SN60500;25.07.2017;15,2
Tafjord;SN60500;26.07.2017;15,3
Tafjord;SN60500;27.07.2017;17,6
Tafjord;SN60500;28.07.2017;15,4
Tafjord;SN60500;29.07.2017;14,9
Tafjord;SN60500;30.07.2017;15,7
Tafjord;SN60500;31.07.2017;15,3
Tafjord;SN60500;01.08.2017;15,4
Tafjord;SN60500;02.08.2017;13,5
Tafjord;SN60500;03.08.2017;16,7
Tafjord;SN60500;04.08.2017;16,1
Tafjord;SN60500;05.08.2017;14,6
Tafjord;SN60500;06.08.2017;14,7
Tafjord;SN60500;07.08.2017;14,8
Tafjord;SN60500;08.08.2017;13
Tafjord;SN60500;09.08.2017;13
Tafjord;SN60500;10.08.2017;14,1
Tafjord;SN60500;11.08.2017;19
Tafjord;SN60500;12.08.2017;12,8
Tafjord;SN60500;13.08.2017;10
Tafjord;SN60500;14.08.2017;11
Tafjord;SN60500;15.08.2017;15,1
Tafjord;SN60500;16.08.2017;14
Tafjord;SN60500;17.08.2017;17,9
Tafjord;SN60500;18.08.2017;15,9
Tafjord;SN60500;19.08.2017;13
Tafjord;SN60500;20.08.2017;12,5
Tafjord;SN60500;21.08.2017;13,5
Tafjord;SN60500;22.08.2017;11,9
Tafjord;SN60500;23.08.2017;11,7
Tafjord;SN60500;24.08.2017;12,6
Tafjord;SN60500;25.08.2017;11,9
Tafjord;SN60500;26.08.2017;10,5
Tafjord;SN60500;27.08.2017;11,5
Tafjord;SN60500;28.08.2017;17,2
Tafjord;SN60500;29.08.2017;14,5
Tafjord;SN60500;30.08.2017;13,7
Tafjord;SN60500;31.08.2017;11,7
Tafjord;SN60500;01.09.2017;11,1
Tafjord;SN60500;02.09.2017;10,7
Tafjord;SN60500;03.09.2017;10,7
Tafjord;SN60500;04.09.2017;16,4
Tafjord;SN60500;05.09.2017;19
Tafjord;SN60500;06.09.2017;16,5
Tafjord;SN60500;07.09.2017;13
Tafjord;SN60500;08.09.2017;15,5
Tafjord;SN60500;09.09.2017;14,5
Tafjord;SN60500;10.09.2017;11,6
Tafjord;SN60500;11.09.2017;14,5
Tafjord;SN60500;12.09.2017;11,1
Tafjord;SN60500;13.09.2017;11,3
Tafjord;SN60500;14.09.2017;10,8
Tafjord;SN60500;15.09.2017;10,9
Tafjord;SN60500;16.09.2017;10,9
Tafjord;SN60500;17.09.2017;8,7
Tafjord;SN60500;18.09.2017;10,7
Tafjord;SN60500;19.09.2017;11,3
Tafjord;SN60500;20.09.2017;11,7
Tafjord;SN60500;21.09.2017;14,1
Tafjord;SN60500;22.09.2017;16,2
Tafjord;SN60500;23.09.2017;13,9
Tafjord;SN60500;24.09.2017;14,7
Tafjord;SN60500;25.09.2017;18,7
Tafjord;SN60500;26.09.2017;17,4
Tafjord;SN60500;27.09.2017;17,3
Tafjord;SN60500;28.09.2017;18,2
Tafjord;SN60500;29.09.2017;17,7
Tafjord;SN60500;30.09.2017;16,9
Tafjord;SN60500;01.10.2017;16,7
Tafjord;SN60500;02.10.2017;16,5
Tafjord;SN60500;03.10.2017;11,6
Tafjord;SN60500;04.10.2017;8,3
Tafjord;SN60500;05.10.2017;8,2
Tafjord;SN60500;06.10.2017;7,6
Tafjord;SN60500;07.10.2017;6,2
Tafjord;SN60500;08.10.2017;6,3
Tafjord;SN60500;09.10.2017;6
Tafjord;SN60500;10.10.2017;10,7
Tafjord;SN60500;11.10.2017;12,2
Tafjord;SN60500;12.10.2017;8,7
Tafjord;SN60500;13.10.2017;12,8
Tafjord;SN60500;14.10.2017;10,4
Tafjord;SN60500;15.10.2017;9,6
Tafjord;SN60500;16.10.2017;9,4
Tafjord;SN60500;17.10.2017;6,7
Tafjord;SN60500;18.10.2017;5,2
Tafjord;SN60500;19.10.2017;8,6
Tafjord;SN60500;20.10.2017;12,6
Tafjord;SN60500;21.10.2017;12,8
Tafjord;SN60500;22.10.2017;11,5
Tafjord;SN60500;23.10.2017;10,2
Tafjord;SN60500;24.10.2017;9,9
Tafjord;SN60500;25.10.2017;9,8
Tafjord;SN60500;26.10.2017;7,5
Tafjord;SN60500;27.10.2017;7,2
Tafjord;SN60500;28.10.2017;6,3
Tafjord;SN60500;29.10.2017;2,9
Tafjord;SN60500;30.10.2017;2,3
Tafjord;SN60500;31.10.2017;4,3
Tafjord;SN60500;01.11.2017;6,9
Tafjord;SN60500;02.11.2017;5,4
Tafjord;SN60500;03.11.2017;5,9
Tafjord;SN60500;04.11.2017;9,6
Tafjord;SN60500;05.11.2017;5,7
Tafjord;SN60500;06.11.2017;3,5
Tafjord;SN60500;07.11.2017;12
Tafjord;SN60500;08.11.2017;9,7
Tafjord;SN60500;09.11.2017;6,7
Tafjord;SN60500;10.11.2017;2,4
Tafjord;SN60500;11.11.2017;2,1
Tafjord;SN60500;12.11.2017;1,1
Tafjord;SN60500;13.11.2017;0,3
Tafjord;SN60500;14.11.2017;1,9
Tafjord;SN60500;15.11.2017;1,6
Tafjord;SN60500;16.11.2017;6,2
Tafjord;SN60500;17.11.2017;1,6
Tafjord;SN60500;18.11.2017;2,6
Tafjord;SN60500;19.11.2017;0,9
Tafjord;SN60500;20.11.2017;0,7
Tafjord;SN60500;21.11.2017;-2,2
Tafjord;SN60500;22.11.2017;1,8
Tafjord;SN60500;23.11.2017;5,2
Tafjord;SN60500;24.11.2017;6,5
Tafjord;SN60500;25.11.2017;6,8
Tafjord;SN60500;26.11.2017;3,7
Tafjord;SN60500;27.11.2017;0,8
Tafjord;SN60500;28.11.2017;-3,3
Tafjord;SN60500;29.11.2017;-3,9
Tafjord;SN60500;30.11.2017;-4,8
Tafjord;SN60500;01.12.2017;-3,9
Tafjord;SN60500;02.12.2017;1,8
Tafjord;SN60500;03.12.2017;1,4
Tafjord;SN60500;04.12.2017;0,9
Tafjord;SN60500;05.12.2017;0,7
Tafjord;SN60500;06.12.2017;1,9
Tafjord;SN60500;07.12.2017;10,1
Tafjord;SN60500;08.12.2017;3,2
Tafjord;SN60500;09.12.2017;1,2
Tafjord;SN60500;10.12.2017;1,1
Tafjord;SN60500;11.12.2017;-0,5
Tafjord;SN60500;12.12.2017;-3,3
Tafjord;SN60500;13.12.2017;1,9
Tafjord;SN60500;14.12.2017;-1,2
Tafjord;SN60500;15.12.2017;-3,7
Tafjord;SN60500;16.12.2017;-1,3
Tafjord;SN60500;17.12.2017;2,1
Tafjord;SN60500;18.12.2017;2
Tafjord;SN60500;19.12.2017;4
Tafjord;SN60500;20.12.2017;3,7
Tafjord;SN60500;21.12.2017;2,4
Tafjord;SN60500;22.12.2017;2,6
Tafjord;SN60500;23.12.2017;2,3
Tafjord;SN60500;24.12.2017;1
Tafjord;SN60500;25.12.2017;0,1
Tafjord;SN60500;26.12.2017;1,8
Tafjord;SN60500;27.12.2017;0,8
Tafjord;SN60500;28.12.2017;-4
Tafjord;SN60500;29.12.2017;-3
Tafjord;SN60500;30.12.2017;0,6
Tafjord;SN60500;31.12.2017;2
Tafjord;SN60500;01.01.2018;4,1
Data er gyldig per 21.08.2024 (CC BY 4.0), Meteorologisk institutt (MET);;;
